
ArduinoUnoFreertos_6_1.elf:     file format elf32-avr

Sections:
Idx Name          Size      VMA       LMA       File off  Algn
  0 .data         00000108  00800100  000021ca  0000225e  2**0
                  CONTENTS, ALLOC, LOAD, DATA
  1 .text         000021ca  00000000  00000000  00000094  2**1
                  CONTENTS, ALLOC, LOAD, READONLY, CODE
  2 .bss          00000660  00800208  00800208  00002366  2**0
                  ALLOC
  3 .comment      0000005c  00000000  00000000  00002366  2**0
                  CONTENTS, READONLY
  4 .note.gnu.avr.deviceinfo 00000040  00000000  00000000  000023c4  2**2
                  CONTENTS, READONLY
  5 .debug_aranges 00000388  00000000  00000000  00002404  2**0
                  CONTENTS, READONLY, DEBUGGING
  6 .debug_info   00004b48  00000000  00000000  0000278c  2**0
                  CONTENTS, READONLY, DEBUGGING
  7 .debug_abbrev 000013d2  00000000  00000000  000072d4  2**0
                  CONTENTS, READONLY, DEBUGGING
  8 .debug_line   00002862  00000000  00000000  000086a6  2**0
                  CONTENTS, READONLY, DEBUGGING
  9 .debug_frame  00000b28  00000000  00000000  0000af08  2**2
                  CONTENTS, READONLY, DEBUGGING
 10 .debug_str    000017d0  00000000  00000000  0000ba30  2**0
                  CONTENTS, READONLY, DEBUGGING
 11 .debug_loc    000041fe  00000000  00000000  0000d200  2**0
                  CONTENTS, READONLY, DEBUGGING
 12 .debug_ranges 00000408  00000000  00000000  000113fe  2**0
                  CONTENTS, READONLY, DEBUGGING

Disassembly of section .text:

00000000 <__vectors>:
       0:	0c 94 34 00 	jmp	0x68	; 0x68 <__ctors_end>
       4:	0c 94 e6 0b 	jmp	0x17cc	; 0x17cc <__vector_1>
       8:	0c 94 13 0c 	jmp	0x1826	; 0x1826 <__vector_2>
       c:	0c 94 51 00 	jmp	0xa2	; 0xa2 <__bad_interrupt>
      10:	0c 94 51 00 	jmp	0xa2	; 0xa2 <__bad_interrupt>
      14:	0c 94 51 00 	jmp	0xa2	; 0xa2 <__bad_interrupt>
      18:	0c 94 51 00 	jmp	0xa2	; 0xa2 <__bad_interrupt>
      1c:	0c 94 51 00 	jmp	0xa2	; 0xa2 <__bad_interrupt>
      20:	0c 94 51 00 	jmp	0xa2	; 0xa2 <__bad_interrupt>
      24:	0c 94 51 00 	jmp	0xa2	; 0xa2 <__bad_interrupt>
      28:	0c 94 51 00 	jmp	0xa2	; 0xa2 <__bad_interrupt>
      2c:	0c 94 01 04 	jmp	0x802	; 0x802 <__vector_11>
      30:	0c 94 51 00 	jmp	0xa2	; 0xa2 <__bad_interrupt>
      34:	0c 94 51 00 	jmp	0xa2	; 0xa2 <__bad_interrupt>
      38:	0c 94 51 00 	jmp	0xa2	; 0xa2 <__bad_interrupt>
      3c:	0c 94 51 00 	jmp	0xa2	; 0xa2 <__bad_interrupt>
      40:	0c 94 9b 03 	jmp	0x736	; 0x736 <__vector_16>
      44:	0c 94 51 00 	jmp	0xa2	; 0xa2 <__bad_interrupt>
      48:	0c 94 51 00 	jmp	0xa2	; 0xa2 <__bad_interrupt>
      4c:	0c 94 51 00 	jmp	0xa2	; 0xa2 <__bad_interrupt>
      50:	0c 94 51 00 	jmp	0xa2	; 0xa2 <__bad_interrupt>
      54:	0c 94 51 00 	jmp	0xa2	; 0xa2 <__bad_interrupt>
      58:	0c 94 51 00 	jmp	0xa2	; 0xa2 <__bad_interrupt>
      5c:	0c 94 51 00 	jmp	0xa2	; 0xa2 <__bad_interrupt>
      60:	0c 94 51 00 	jmp	0xa2	; 0xa2 <__bad_interrupt>
      64:	0c 94 51 00 	jmp	0xa2	; 0xa2 <__bad_interrupt>

00000068 <__ctors_end>:
      68:	11 24       	eor	r1, r1
      6a:	1f be       	out	0x3f, r1	; 63
      6c:	cf ef       	ldi	r28, 0xFF	; 255
      6e:	d8 e0       	ldi	r29, 0x08	; 8
      70:	de bf       	out	0x3e, r29	; 62
      72:	cd bf       	out	0x3d, r28	; 61

00000074 <__do_copy_data>:
      74:	12 e0       	ldi	r17, 0x02	; 2
      76:	a0 e0       	ldi	r26, 0x00	; 0
      78:	b1 e0       	ldi	r27, 0x01	; 1
      7a:	ea ec       	ldi	r30, 0xCA	; 202
      7c:	f1 e2       	ldi	r31, 0x21	; 33
      7e:	02 c0       	rjmp	.+4      	; 0x84 <__do_copy_data+0x10>
      80:	05 90       	lpm	r0, Z+
      82:	0d 92       	st	X+, r0
      84:	a8 30       	cpi	r26, 0x08	; 8
      86:	b1 07       	cpc	r27, r17
      88:	d9 f7       	brne	.-10     	; 0x80 <__do_copy_data+0xc>

0000008a <__do_clear_bss>:
      8a:	28 e0       	ldi	r18, 0x08	; 8
      8c:	a8 e0       	ldi	r26, 0x08	; 8
      8e:	b2 e0       	ldi	r27, 0x02	; 2
      90:	01 c0       	rjmp	.+2      	; 0x94 <.do_clear_bss_start>

00000092 <.do_clear_bss_loop>:
      92:	1d 92       	st	X+, r1

00000094 <.do_clear_bss_start>:
      94:	a8 36       	cpi	r26, 0x68	; 104
      96:	b2 07       	cpc	r27, r18
      98:	e1 f7       	brne	.-8      	; 0x92 <.do_clear_bss_loop>
      9a:	0e 94 e1 01 	call	0x3c2	; 0x3c2 <main>
      9e:	0c 94 e3 10 	jmp	0x21c6	; 0x21c6 <_exit>

000000a2 <__bad_interrupt>:
      a2:	0c 94 00 00 	jmp	0	; 0x0 <__vectors>

000000a6 <uart_putl>:
    USART_sendstr((unsigned char*)s);
}
static inline void uart_putc(char c) {
    USART_send((unsigned char)c);
}
static void uart_putl(long v) {
      a6:	0f 93       	push	r16
      a8:	1f 93       	push	r17
      aa:	cf 93       	push	r28
      ac:	df 93       	push	r29
      ae:	cd b7       	in	r28, 0x3d	; 61
      b0:	de b7       	in	r29, 0x3e	; 62
      b2:	66 97       	sbiw	r28, 0x16	; 22
      b4:	0f b6       	in	r0, 0x3f	; 63
      b6:	f8 94       	cli
      b8:	de bf       	out	0x3e, r29	; 62
      ba:	0f be       	out	0x3f, r0	; 63
      bc:	cd bf       	out	0x3d, r28	; 61
    char b[22]; sprintf(b, "%ld", v); uart_puts(b);
      be:	9f 93       	push	r25
      c0:	8f 93       	push	r24
      c2:	7f 93       	push	r23
      c4:	6f 93       	push	r22
      c6:	84 e0       	ldi	r24, 0x04	; 4
      c8:	91 e0       	ldi	r25, 0x01	; 1
      ca:	9f 93       	push	r25
      cc:	8f 93       	push	r24
      ce:	8e 01       	movw	r16, r28
      d0:	0f 5f       	subi	r16, 0xFF	; 255
      d2:	1f 4f       	sbci	r17, 0xFF	; 255
      d4:	1f 93       	push	r17
      d6:	0f 93       	push	r16
      d8:	0e 94 e6 0d 	call	0x1bcc	; 0x1bcc <sprintf>
static void vReceiverTask(void *pv);
/* Queue handle */
static QueueHandle_t xQueue = NULL;
/* ---------- UART helpers (using Lab3 USART driver) ---------- */
static inline void uart_puts(const char *s) {
    USART_sendstr((unsigned char*)s);
      dc:	c8 01       	movw	r24, r16
      de:	0e 94 54 0c 	call	0x18a8	; 0x18a8 <USART_sendstr>
static inline void uart_putc(char c) {
    USART_send((unsigned char)c);
}
static void uart_putl(long v) {
    char b[22]; sprintf(b, "%ld", v); uart_puts(b);
}
      e2:	0f b6       	in	r0, 0x3f	; 63
      e4:	f8 94       	cli
      e6:	de bf       	out	0x3e, r29	; 62
      e8:	0f be       	out	0x3f, r0	; 63
      ea:	cd bf       	out	0x3d, r28	; 61
      ec:	66 96       	adiw	r28, 0x16	; 22
      ee:	0f b6       	in	r0, 0x3f	; 63
      f0:	f8 94       	cli
      f2:	de bf       	out	0x3e, r29	; 62
      f4:	0f be       	out	0x3f, r0	; 63
      f6:	cd bf       	out	0x3d, r28	; 61
      f8:	df 91       	pop	r29
      fa:	cf 91       	pop	r28
      fc:	1f 91       	pop	r17
      fe:	0f 91       	pop	r16
     100:	08 95       	ret

00000102 <vReceiverTask>:
/* -------------------- Receiver Task ----------------------
   Consumes numbers until END_MARKER, then prints count/sum/
   average (average printed as fixed-point with 2 decimals).
   -------------------------------------------------------- */
static void vReceiverTask(void *pv)
{
     102:	cf 93       	push	r28
     104:	df 93       	push	r29
     106:	00 d0       	rcall	.+0      	; 0x108 <vReceiverTask+0x6>
     108:	00 d0       	rcall	.+0      	; 0x10a <vReceiverTask+0x8>
     10a:	00 d0       	rcall	.+0      	; 0x10c <vReceiverTask+0xa>
     10c:	cd b7       	in	r28, 0x3d	; 61
     10e:	de b7       	in	r29, 0x3e	; 62
    (void)pv;
    for (;;) {
        long sum = 0;
        uint8_t n = 0;
     110:	b1 2c       	mov	r11, r1
   -------------------------------------------------------- */
static void vReceiverTask(void *pv)
{
    (void)pv;
    for (;;) {
        long sum = 0;
     112:	c1 2c       	mov	r12, r1
     114:	d1 2c       	mov	r13, r1
     116:	76 01       	movw	r14, r12
        uint8_t n = 0;
        for (;;) {
            int16_t item;
            if (xQueueReceive(xQueue, &item, portMAX_DELAY) == pdPASS) {
     118:	20 e0       	ldi	r18, 0x00	; 0
     11a:	4f ef       	ldi	r20, 0xFF	; 255
     11c:	5f ef       	ldi	r21, 0xFF	; 255
     11e:	be 01       	movw	r22, r28
     120:	6f 5f       	subi	r22, 0xFF	; 255
     122:	7f 4f       	sbci	r23, 0xFF	; 255
     124:	80 91 19 02 	lds	r24, 0x0219	; 0x800219 <xQueue>
     128:	90 91 1a 02 	lds	r25, 0x021A	; 0x80021a <xQueue+0x1>
     12c:	0e 94 dd 06 	call	0xdba	; 0xdba <xQueueGenericReceive>
     130:	81 30       	cpi	r24, 0x01	; 1
     132:	91 f7       	brne	.-28     	; 0x118 <vReceiverTask+0x16>
                if (item == END_MARKER) break;
     134:	89 81       	ldd	r24, Y+1	; 0x01
     136:	9a 81       	ldd	r25, Y+2	; 0x02
     138:	8f 3f       	cpi	r24, 0xFF	; 255
     13a:	2f e7       	ldi	r18, 0x7F	; 127
     13c:	92 07       	cpc	r25, r18
     13e:	51 f0       	breq	.+20     	; 0x154 <vReceiverTask+0x52>
                sum += item;
     140:	09 2e       	mov	r0, r25
     142:	00 0c       	add	r0, r0
     144:	aa 0b       	sbc	r26, r26
     146:	bb 0b       	sbc	r27, r27
     148:	c8 0e       	add	r12, r24
     14a:	d9 1e       	adc	r13, r25
     14c:	ea 1e       	adc	r14, r26
     14e:	fb 1e       	adc	r15, r27
                n++;
     150:	b3 94       	inc	r11
            }
        }
     152:	e2 cf       	rjmp	.-60     	; 0x118 <vReceiverTask+0x16>
        if (n == 0) {
     154:	b1 10       	cpse	r11, r1
     156:	05 c0       	rjmp	.+10     	; 0x162 <vReceiverTask+0x60>
static void vReceiverTask(void *pv);
/* Queue handle */
static QueueHandle_t xQueue = NULL;
/* ---------- UART helpers (using Lab3 USART driver) ---------- */
static inline void uart_puts(const char *s) {
    USART_sendstr((unsigned char*)s);
     158:	88 e0       	ldi	r24, 0x08	; 8
     15a:	91 e0       	ldi	r25, 0x01	; 1
     15c:	0e 94 54 0c 	call	0x18a8	; 0x18a8 <USART_sendstr>
     160:	d7 cf       	rjmp	.-82     	; 0x110 <vReceiverTask+0xe>
        }
        if (n == 0) {
            uart_puts("No numbers entered. Average is undefined.\r\n");
        } else {
            /* Fixed-point average with 2 decimals (x100), rounded */
            long avg100 = (sum * 100L + n/2) / n;   /* (sum/n)*100 */
     162:	4b 2c       	mov	r4, r11
     164:	51 2c       	mov	r5, r1
     166:	61 2c       	mov	r6, r1
     168:	71 2c       	mov	r7, r1
     16a:	a4 e6       	ldi	r26, 0x64	; 100
     16c:	b0 e0       	ldi	r27, 0x00	; 0
     16e:	a7 01       	movw	r20, r14
     170:	96 01       	movw	r18, r12
     172:	0e 94 82 0c 	call	0x1904	; 0x1904 <__muluhisi3>
     176:	b6 94       	lsr	r11
     178:	6b 0d       	add	r22, r11
     17a:	71 1d       	adc	r23, r1
     17c:	81 1d       	adc	r24, r1
     17e:	91 1d       	adc	r25, r1
     180:	a3 01       	movw	r20, r6
     182:	92 01       	movw	r18, r4
     184:	0e 94 63 0c 	call	0x18c6	; 0x18c6 <__divmodsi4>
     188:	2b 83       	std	Y+3, r18	; 0x03
     18a:	3c 83       	std	Y+4, r19	; 0x04
     18c:	4d 83       	std	Y+5, r20	; 0x05
     18e:	5e 83       	std	Y+6, r21	; 0x06
            long ip = avg100 / 100;
            long fp = labs(avg100 % 100);
     190:	ca 01       	movw	r24, r20
     192:	b9 01       	movw	r22, r18
     194:	24 e6       	ldi	r18, 0x64	; 100
     196:	30 e0       	ldi	r19, 0x00	; 0
     198:	40 e0       	ldi	r20, 0x00	; 0
     19a:	50 e0       	ldi	r21, 0x00	; 0
     19c:	0e 94 63 0c 	call	0x18c6	; 0x18c6 <__divmodsi4>
     1a0:	4b 01       	movw	r8, r22
     1a2:	5c 01       	movw	r10, r24
     1a4:	99 23       	and	r25, r25
     1a6:	3c f4       	brge	.+14     	; 0x1b6 <vReceiverTask+0xb4>
     1a8:	88 24       	eor	r8, r8
     1aa:	99 24       	eor	r9, r9
     1ac:	54 01       	movw	r10, r8
     1ae:	86 1a       	sub	r8, r22
     1b0:	97 0a       	sbc	r9, r23
     1b2:	a8 0a       	sbc	r10, r24
     1b4:	b9 0a       	sbc	r11, r25
static void vReceiverTask(void *pv);
/* Queue handle */
static QueueHandle_t xQueue = NULL;
/* ---------- UART helpers (using Lab3 USART driver) ---------- */
static inline void uart_puts(const char *s) {
    USART_sendstr((unsigned char*)s);
     1b6:	84 e3       	ldi	r24, 0x34	; 52
     1b8:	91 e0       	ldi	r25, 0x01	; 1
     1ba:	0e 94 54 0c 	call	0x18a8	; 0x18a8 <USART_sendstr>
        } else {
            /* Fixed-point average with 2 decimals (x100), rounded */
            long avg100 = (sum * 100L + n/2) / n;   /* (sum/n)*100 */
            long ip = avg100 / 100;
            long fp = labs(avg100 % 100);
            uart_puts("Count = ");   uart_putl(n);
     1be:	c3 01       	movw	r24, r6
     1c0:	b2 01       	movw	r22, r4
     1c2:	0e 94 53 00 	call	0xa6	; 0xa6 <uart_putl>
static void vReceiverTask(void *pv);
/* Queue handle */
static QueueHandle_t xQueue = NULL;
/* ---------- UART helpers (using Lab3 USART driver) ---------- */
static inline void uart_puts(const char *s) {
    USART_sendstr((unsigned char*)s);
     1c6:	8d e3       	ldi	r24, 0x3D	; 61
     1c8:	91 e0       	ldi	r25, 0x01	; 1
     1ca:	0e 94 54 0c 	call	0x18a8	; 0x18a8 <USART_sendstr>
            /* Fixed-point average with 2 decimals (x100), rounded */
            long avg100 = (sum * 100L + n/2) / n;   /* (sum/n)*100 */
            long ip = avg100 / 100;
            long fp = labs(avg100 % 100);
            uart_puts("Count = ");   uart_putl(n);
            uart_puts(", Sum = ");   uart_putl(sum);
     1ce:	c7 01       	movw	r24, r14
     1d0:	b6 01       	movw	r22, r12
     1d2:	0e 94 53 00 	call	0xa6	; 0xa6 <uart_putl>
static void vReceiverTask(void *pv);
/* Queue handle */
static QueueHandle_t xQueue = NULL;
/* ---------- UART helpers (using Lab3 USART driver) ---------- */
static inline void uart_puts(const char *s) {
    USART_sendstr((unsigned char*)s);
     1d6:	86 e4       	ldi	r24, 0x46	; 70
     1d8:	91 e0       	ldi	r25, 0x01	; 1
     1da:	0e 94 54 0c 	call	0x18a8	; 0x18a8 <USART_sendstr>
            long ip = avg100 / 100;
            long fp = labs(avg100 % 100);
            uart_puts("Count = ");   uart_putl(n);
            uart_puts(", Sum = ");   uart_putl(sum);
            uart_puts(", Average = ");
            uart_putl(ip);
     1de:	6b 81       	ldd	r22, Y+3	; 0x03
     1e0:	7c 81       	ldd	r23, Y+4	; 0x04
     1e2:	8d 81       	ldd	r24, Y+5	; 0x05
     1e4:	9e 81       	ldd	r25, Y+6	; 0x06
     1e6:	24 e6       	ldi	r18, 0x64	; 100
     1e8:	30 e0       	ldi	r19, 0x00	; 0
     1ea:	40 e0       	ldi	r20, 0x00	; 0
     1ec:	50 e0       	ldi	r21, 0x00	; 0
     1ee:	0e 94 63 0c 	call	0x18c6	; 0x18c6 <__divmodsi4>
     1f2:	ca 01       	movw	r24, r20
     1f4:	b9 01       	movw	r22, r18
     1f6:	0e 94 53 00 	call	0xa6	; 0xa6 <uart_putl>
/* ---------- UART helpers (using Lab3 USART driver) ---------- */
static inline void uart_puts(const char *s) {
    USART_sendstr((unsigned char*)s);
}
static inline void uart_putc(char c) {
    USART_send((unsigned char)c);
     1fa:	8e e2       	ldi	r24, 0x2E	; 46
     1fc:	0e 94 4c 0c 	call	0x1898	; 0x1898 <USART_send>
            uart_puts("Count = ");   uart_putl(n);
            uart_puts(", Sum = ");   uart_putl(sum);
            uart_puts(", Average = ");
            uart_putl(ip);
            uart_putc('.');
            if (fp < 10) uart_putc('0');
     200:	8a e0       	ldi	r24, 0x0A	; 10
     202:	88 16       	cp	r8, r24
     204:	91 04       	cpc	r9, r1
     206:	a1 04       	cpc	r10, r1
     208:	b1 04       	cpc	r11, r1
     20a:	1c f4       	brge	.+6      	; 0x212 <vReceiverTask+0x110>
/* ---------- UART helpers (using Lab3 USART driver) ---------- */
static inline void uart_puts(const char *s) {
    USART_sendstr((unsigned char*)s);
}
static inline void uart_putc(char c) {
    USART_send((unsigned char)c);
     20c:	80 e3       	ldi	r24, 0x30	; 48
     20e:	0e 94 4c 0c 	call	0x1898	; 0x1898 <USART_send>
            uart_puts(", Sum = ");   uart_putl(sum);
            uart_puts(", Average = ");
            uart_putl(ip);
            uart_putc('.');
            if (fp < 10) uart_putc('0');
            uart_putl(fp);
     212:	c5 01       	movw	r24, r10
     214:	b4 01       	movw	r22, r8
     216:	0e 94 53 00 	call	0xa6	; 0xa6 <uart_putl>
static void vReceiverTask(void *pv);
/* Queue handle */
static QueueHandle_t xQueue = NULL;
/* ---------- UART helpers (using Lab3 USART driver) ---------- */
static inline void uart_puts(const char *s) {
    USART_sendstr((unsigned char*)s);
     21a:	8c e9       	ldi	r24, 0x9C	; 156
     21c:	91 e0       	ldi	r25, 0x01	; 1
     21e:	0e 94 54 0c 	call	0x18a8	; 0x18a8 <USART_sendstr>
     222:	76 cf       	rjmp	.-276    	; 0x110 <vReceiverTask+0xe>

00000224 <vSenderTask>:
/* --------------------- Sender Task -----------------------
   Prompts, reads integers from terminal, enqueues them.
   Stops on 0 or after MAX_NUMBERS and sends END_MARKER.
   -------------------------------------------------------- */
static void vSenderTask(void *pv)
{
     224:	cf 93       	push	r28
     226:	df 93       	push	r29
     228:	00 d0       	rcall	.+0      	; 0x22a <vSenderTask+0x6>
     22a:	cd b7       	in	r28, 0x3d	; 61
     22c:	de b7       	in	r29, 0x3e	; 62
static int usart_try_read_int(long *out)
{
    static char buf[16];
    static uint8_t idx = 0;
    /* If a character is waiting in UART */
    if (UCSR0A & (1<<RXC0)) {
     22e:	0f 2e       	mov	r0, r31
     230:	f0 ec       	ldi	r31, 0xC0	; 192
     232:	ef 2e       	mov	r14, r31
     234:	f1 2c       	mov	r15, r1
     236:	f0 2d       	mov	r31, r0
        unsigned char c = UDR0;   /* read char */
     238:	0f 2e       	mov	r0, r31
     23a:	f6 ec       	ldi	r31, 0xC6	; 198
     23c:	cf 2e       	mov	r12, r31
     23e:	d1 2c       	mov	r13, r1
     240:	f0 2d       	mov	r31, r0
            char *endp = NULL;
            long v = strtol(buf, &endp, 10);
            if (endp != buf) { *out = v; return 1; }
            return 0;
        } else if (idx < sizeof(buf)-1) {
            if (idx==0 && (c=='+' || c=='-')) { buf[idx++] = c; }
     242:	77 24       	eor	r7, r7
     244:	73 94       	inc	r7
     246:	0f 2e       	mov	r0, r31
     248:	f8 e0       	ldi	r31, 0x08	; 8
     24a:	af 2e       	mov	r10, r31
     24c:	f2 e0       	ldi	r31, 0x02	; 2
     24e:	bf 2e       	mov	r11, r31
     250:	f0 2d       	mov	r31, r0
        uint8_t count = 0;
        for (;;) {
            long value;
            if (usart_try_read_int(&value)) {
                if (value == 0 || count >= MAX_NUMBERS) {
                    int16_t end = END_MARKER;
     252:	0f 2e       	mov	r0, r31
     254:	88 24       	eor	r8, r8
     256:	8a 94       	dec	r8
     258:	ff e7       	ldi	r31, 0x7F	; 127
     25a:	9f 2e       	mov	r9, r31
     25c:	f0 2d       	mov	r31, r0
static void vReceiverTask(void *pv);
/* Queue handle */
static QueueHandle_t xQueue = NULL;
/* ---------- UART helpers (using Lab3 USART driver) ---------- */
static inline void uart_puts(const char *s) {
    USART_sendstr((unsigned char*)s);
     25e:	83 e5       	ldi	r24, 0x53	; 83
     260:	91 e0       	ldi	r25, 0x01	; 1
     262:	0e 94 54 0c 	call	0x18a8	; 0x18a8 <USART_sendstr>
     266:	8c e6       	ldi	r24, 0x6C	; 108
     268:	91 e0       	ldi	r25, 0x01	; 1
     26a:	0e 94 54 0c 	call	0x18a8	; 0x18a8 <USART_sendstr>
static void vSenderTask(void *pv)
{
    (void)pv;
    for (;;) {
        uart_puts("\r\n=== Assignment 2 ===\r\n");
        uart_puts("Type up to "); uart_putl(MAX_NUMBERS);
     26e:	6a e0       	ldi	r22, 0x0A	; 10
     270:	70 e0       	ldi	r23, 0x00	; 0
     272:	80 e0       	ldi	r24, 0x00	; 0
     274:	90 e0       	ldi	r25, 0x00	; 0
     276:	0e 94 53 00 	call	0xa6	; 0xa6 <uart_putl>
static void vReceiverTask(void *pv);
/* Queue handle */
static QueueHandle_t xQueue = NULL;
/* ---------- UART helpers (using Lab3 USART driver) ---------- */
static inline void uart_puts(const char *s) {
    USART_sendstr((unsigned char*)s);
     27a:	88 e7       	ldi	r24, 0x78	; 120
     27c:	91 e0       	ldi	r25, 0x01	; 1
     27e:	0e 94 54 0c 	call	0x18a8	; 0x18a8 <USART_sendstr>
     282:	8f e9       	ldi	r24, 0x9F	; 159
     284:	91 e0       	ldi	r25, 0x01	; 1
     286:	0e 94 54 0c 	call	0x18a8	; 0x18a8 <USART_sendstr>
    for (;;) {
        uart_puts("\r\n=== Assignment 2 ===\r\n");
        uart_puts("Type up to "); uart_putl(MAX_NUMBERS);
        uart_puts(" integers (space/newline separated).\r\n");
        uart_puts("Type 0 at any time to finish.\r\n> ");
        uint8_t count = 0;
     28a:	10 e0       	ldi	r17, 0x00	; 0
static int usart_try_read_int(long *out)
{
    static char buf[16];
    static uint8_t idx = 0;
    /* If a character is waiting in UART */
    if (UCSR0A & (1<<RXC0)) {
     28c:	f7 01       	movw	r30, r14
     28e:	80 81       	ld	r24, Z
     290:	88 23       	and	r24, r24
     292:	0c f0       	brlt	.+2      	; 0x296 <vSenderTask+0x72>
     294:	8a c0       	rjmp	.+276    	; 0x3aa <vSenderTask+0x186>
        unsigned char c = UDR0;   /* read char */
     296:	f6 01       	movw	r30, r12
     298:	00 81       	ld	r16, Z
        USART_send(c);            /* echo */
     29a:	80 2f       	mov	r24, r16
     29c:	0e 94 4c 0c 	call	0x1898	; 0x1898 <USART_send>
        if (c=='\r' || c=='\n' || isspace(c)) {
     2a0:	0d 30       	cpi	r16, 0x0D	; 13
     2a2:	41 f0       	breq	.+16     	; 0x2b4 <vSenderTask+0x90>
     2a4:	0a 30       	cpi	r16, 0x0A	; 10
     2a6:	31 f0       	breq	.+12     	; 0x2b4 <vSenderTask+0x90>
     2a8:	80 2f       	mov	r24, r16
     2aa:	90 e0       	ldi	r25, 0x00	; 0
     2ac:	0e 94 d4 0d 	call	0x1ba8	; 0x1ba8 <isspace>
     2b0:	89 2b       	or	r24, r25
     2b2:	e1 f0       	breq	.+56     	; 0x2ec <vSenderTask+0xc8>
            if (idx == 0) return 0;      /* empty token */
     2b4:	e0 91 18 02 	lds	r30, 0x0218	; 0x800218 <idx.2380>
     2b8:	ee 23       	and	r30, r30
     2ba:	09 f4       	brne	.+2      	; 0x2be <vSenderTask+0x9a>
     2bc:	76 c0       	rjmp	.+236    	; 0x3aa <vSenderTask+0x186>
            buf[idx] = '\0';
     2be:	f0 e0       	ldi	r31, 0x00	; 0
     2c0:	e8 5f       	subi	r30, 0xF8	; 248
     2c2:	fd 4f       	sbci	r31, 0xFD	; 253
     2c4:	10 82       	st	Z, r1
            idx = 0;
     2c6:	10 92 18 02 	sts	0x0218, r1	; 0x800218 <idx.2380>
            char *endp = NULL;
     2ca:	1a 82       	std	Y+2, r1	; 0x02
     2cc:	19 82       	std	Y+1, r1	; 0x01
            long v = strtol(buf, &endp, 10);
     2ce:	4a e0       	ldi	r20, 0x0A	; 10
     2d0:	50 e0       	ldi	r21, 0x00	; 0
     2d2:	be 01       	movw	r22, r28
     2d4:	6f 5f       	subi	r22, 0xFF	; 255
     2d6:	7f 4f       	sbci	r23, 0xFF	; 255
     2d8:	c5 01       	movw	r24, r10
     2da:	0e 94 be 0c 	call	0x197c	; 0x197c <strtol>
            if (endp != buf) { *out = v; return 1; }
     2de:	29 81       	ldd	r18, Y+1	; 0x01
     2e0:	3a 81       	ldd	r19, Y+2	; 0x02
     2e2:	28 50       	subi	r18, 0x08	; 8
     2e4:	32 40       	sbci	r19, 0x02	; 2
     2e6:	09 f0       	breq	.+2      	; 0x2ea <vSenderTask+0xc6>
     2e8:	65 c0       	rjmp	.+202    	; 0x3b4 <vSenderTask+0x190>
     2ea:	5f c0       	rjmp	.+190    	; 0x3aa <vSenderTask+0x186>
            return 0;
        } else if (idx < sizeof(buf)-1) {
     2ec:	e0 91 18 02 	lds	r30, 0x0218	; 0x800218 <idx.2380>
     2f0:	ef 30       	cpi	r30, 0x0F	; 15
     2f2:	08 f0       	brcs	.+2      	; 0x2f6 <vSenderTask+0xd2>
     2f4:	5a c0       	rjmp	.+180    	; 0x3aa <vSenderTask+0x186>
            if (idx==0 && (c=='+' || c=='-')) { buf[idx++] = c; }
     2f6:	e1 11       	cpse	r30, r1
     2f8:	09 c0       	rjmp	.+18     	; 0x30c <vSenderTask+0xe8>
     2fa:	0b 32       	cpi	r16, 0x2B	; 43
     2fc:	11 f0       	breq	.+4      	; 0x302 <vSenderTask+0xde>
     2fe:	0d 32       	cpi	r16, 0x2D	; 45
     300:	29 f4       	brne	.+10     	; 0x30c <vSenderTask+0xe8>
     302:	70 92 18 02 	sts	0x0218, r7	; 0x800218 <idx.2380>
     306:	f5 01       	movw	r30, r10
     308:	00 83       	st	Z, r16
     30a:	4f c0       	rjmp	.+158    	; 0x3aa <vSenderTask+0x186>
            else if (isdigit(c)) { buf[idx++] = c; }
     30c:	80 2f       	mov	r24, r16
     30e:	90 e0       	ldi	r25, 0x00	; 0
     310:	c0 97       	sbiw	r24, 0x30	; 48
     312:	0a 97       	sbiw	r24, 0x0a	; 10
     314:	08 f0       	brcs	.+2      	; 0x318 <vSenderTask+0xf4>
     316:	49 c0       	rjmp	.+146    	; 0x3aa <vSenderTask+0x186>
     318:	81 e0       	ldi	r24, 0x01	; 1
     31a:	8e 0f       	add	r24, r30
     31c:	80 93 18 02 	sts	0x0218, r24	; 0x800218 <idx.2380>
     320:	f0 e0       	ldi	r31, 0x00	; 0
     322:	e8 5f       	subi	r30, 0xF8	; 248
     324:	fd 4f       	sbci	r31, 0xFD	; 253
     326:	00 83       	st	Z, r16
     328:	40 c0       	rjmp	.+128    	; 0x3aa <vSenderTask+0x186>
        uart_puts("Type 0 at any time to finish.\r\n> ");
        uint8_t count = 0;
        for (;;) {
            long value;
            if (usart_try_read_int(&value)) {
                if (value == 0 || count >= MAX_NUMBERS) {
     32a:	1a 30       	cpi	r17, 0x0A	; 10
     32c:	b8 f0       	brcs	.+46     	; 0x35c <vSenderTask+0x138>
                    int16_t end = END_MARKER;
     32e:	9a 82       	std	Y+2, r9	; 0x02
     330:	89 82       	std	Y+1, r8	; 0x01
                    xQueueSendToBack(xQueue, &end, 0);
     332:	20 e0       	ldi	r18, 0x00	; 0
     334:	40 e0       	ldi	r20, 0x00	; 0
     336:	50 e0       	ldi	r21, 0x00	; 0
     338:	be 01       	movw	r22, r28
     33a:	6f 5f       	subi	r22, 0xFF	; 255
     33c:	7f 4f       	sbci	r23, 0xFF	; 255
     33e:	80 91 19 02 	lds	r24, 0x0219	; 0x800219 <xQueue>
     342:	90 91 1a 02 	lds	r25, 0x021A	; 0x80021a <xQueue+0x1>
     346:	0e 94 2e 06 	call	0xc5c	; 0xc5c <xQueueGenericSend>
static void vReceiverTask(void *pv);
/* Queue handle */
static QueueHandle_t xQueue = NULL;
/* ---------- UART helpers (using Lab3 USART driver) ---------- */
static inline void uart_puts(const char *s) {
    USART_sendstr((unsigned char*)s);
     34a:	81 ec       	ldi	r24, 0xC1	; 193
     34c:	91 e0       	ldi	r25, 0x01	; 1
     34e:	0e 94 54 0c 	call	0x18a8	; 0x18a8 <USART_sendstr>
                    uart_puts("/"); uart_putl(MAX_NUMBERS); uart_puts(")\r\n> ");
                }
            }
            vTaskDelay(pdMS_TO_TICKS(5));  /* be nice to scheduler */
        }
        vTaskDelay(pdMS_TO_TICKS(50));     /* give receiver time to print */
     352:	82 e3       	ldi	r24, 0x32	; 50
     354:	90 e0       	ldi	r25, 0x00	; 0
     356:	0e 94 60 0a 	call	0x14c0	; 0x14c0 <vTaskDelay>
    }
     35a:	81 cf       	rjmp	.-254    	; 0x25e <vSenderTask+0x3a>
                    int16_t end = END_MARKER;
                    xQueueSendToBack(xQueue, &end, 0);
                    uart_puts("\r\n[Input finished]\r\n");
                    break;
                } else {
                    int16_t msg = (int16_t)value;
     35c:	7a 83       	std	Y+2, r23	; 0x02
     35e:	69 83       	std	Y+1, r22	; 0x01
                    xQueueSendToBack(xQueue, &msg, portMAX_DELAY);
     360:	20 e0       	ldi	r18, 0x00	; 0
     362:	4f ef       	ldi	r20, 0xFF	; 255
     364:	5f ef       	ldi	r21, 0xFF	; 255
     366:	be 01       	movw	r22, r28
     368:	6f 5f       	subi	r22, 0xFF	; 255
     36a:	7f 4f       	sbci	r23, 0xFF	; 255
     36c:	80 91 19 02 	lds	r24, 0x0219	; 0x800219 <xQueue>
     370:	90 91 1a 02 	lds	r25, 0x021A	; 0x80021a <xQueue+0x1>
     374:	0e 94 2e 06 	call	0xc5c	; 0xc5c <xQueueGenericSend>
                    count++;
     378:	1f 5f       	subi	r17, 0xFF	; 255
static void vReceiverTask(void *pv);
/* Queue handle */
static QueueHandle_t xQueue = NULL;
/* ---------- UART helpers (using Lab3 USART driver) ---------- */
static inline void uart_puts(const char *s) {
    USART_sendstr((unsigned char*)s);
     37a:	86 ed       	ldi	r24, 0xD6	; 214
     37c:	91 e0       	ldi	r25, 0x01	; 1
     37e:	0e 94 54 0c 	call	0x18a8	; 0x18a8 <USART_sendstr>
                    break;
                } else {
                    int16_t msg = (int16_t)value;
                    xQueueSendToBack(xQueue, &msg, portMAX_DELAY);
                    count++;
                    uart_puts("\r\nOK ("); uart_putl(count);
     382:	61 2f       	mov	r22, r17
     384:	70 e0       	ldi	r23, 0x00	; 0
     386:	80 e0       	ldi	r24, 0x00	; 0
     388:	90 e0       	ldi	r25, 0x00	; 0
     38a:	0e 94 53 00 	call	0xa6	; 0xa6 <uart_putl>
static void vReceiverTask(void *pv);
/* Queue handle */
static QueueHandle_t xQueue = NULL;
/* ---------- UART helpers (using Lab3 USART driver) ---------- */
static inline void uart_puts(const char *s) {
    USART_sendstr((unsigned char*)s);
     38e:	8d ed       	ldi	r24, 0xDD	; 221
     390:	91 e0       	ldi	r25, 0x01	; 1
     392:	0e 94 54 0c 	call	0x18a8	; 0x18a8 <USART_sendstr>
                } else {
                    int16_t msg = (int16_t)value;
                    xQueueSendToBack(xQueue, &msg, portMAX_DELAY);
                    count++;
                    uart_puts("\r\nOK ("); uart_putl(count);
                    uart_puts("/"); uart_putl(MAX_NUMBERS); uart_puts(")\r\n> ");
     396:	6a e0       	ldi	r22, 0x0A	; 10
     398:	70 e0       	ldi	r23, 0x00	; 0
     39a:	80 e0       	ldi	r24, 0x00	; 0
     39c:	90 e0       	ldi	r25, 0x00	; 0
     39e:	0e 94 53 00 	call	0xa6	; 0xa6 <uart_putl>
static void vReceiverTask(void *pv);
/* Queue handle */
static QueueHandle_t xQueue = NULL;
/* ---------- UART helpers (using Lab3 USART driver) ---------- */
static inline void uart_puts(const char *s) {
    USART_sendstr((unsigned char*)s);
     3a2:	8f ed       	ldi	r24, 0xDF	; 223
     3a4:	91 e0       	ldi	r25, 0x01	; 1
     3a6:	0e 94 54 0c 	call	0x18a8	; 0x18a8 <USART_sendstr>
                    count++;
                    uart_puts("\r\nOK ("); uart_putl(count);
                    uart_puts("/"); uart_putl(MAX_NUMBERS); uart_puts(")\r\n> ");
                }
            }
            vTaskDelay(pdMS_TO_TICKS(5));  /* be nice to scheduler */
     3aa:	85 e0       	ldi	r24, 0x05	; 5
     3ac:	90 e0       	ldi	r25, 0x00	; 0
     3ae:	0e 94 60 0a 	call	0x14c0	; 0x14c0 <vTaskDelay>
        }
     3b2:	6c cf       	rjmp	.-296    	; 0x28c <vSenderTask+0x68>
        uart_puts("Type 0 at any time to finish.\r\n> ");
        uint8_t count = 0;
        for (;;) {
            long value;
            if (usart_try_read_int(&value)) {
                if (value == 0 || count >= MAX_NUMBERS) {
     3b4:	61 15       	cp	r22, r1
     3b6:	71 05       	cpc	r23, r1
     3b8:	81 05       	cpc	r24, r1
     3ba:	91 05       	cpc	r25, r1
     3bc:	09 f0       	breq	.+2      	; 0x3c0 <vSenderTask+0x19c>
     3be:	b5 cf       	rjmp	.-150    	; 0x32a <vSenderTask+0x106>
     3c0:	b6 cf       	rjmp	.-148    	; 0x32e <vSenderTask+0x10a>

000003c2 <main>:
    return 0;
}
/* ------------------------- main ------------------------- */
int main(void)
{
    USART_init();  /* 9600 8N1 in Lab3 driver */
     3c2:	0e 94 40 0c 	call	0x1880	; 0x1880 <USART_init>
    xQueue = xQueueCreate(QUEUE_LENGTH, QUEUE_ITEM_SIZE);
     3c6:	40 e0       	ldi	r20, 0x00	; 0
     3c8:	62 e0       	ldi	r22, 0x02	; 2
     3ca:	8b e0       	ldi	r24, 0x0B	; 11
     3cc:	0e 94 00 06 	call	0xc00	; 0xc00 <xQueueGenericCreate>
     3d0:	90 93 1a 02 	sts	0x021A, r25	; 0x80021a <xQueue+0x1>
     3d4:	80 93 19 02 	sts	0x0219, r24	; 0x800219 <xQueue>
    if (xQueue == NULL) {
     3d8:	89 2b       	or	r24, r25
     3da:	29 f4       	brne	.+10     	; 0x3e6 <main+0x24>
static void vReceiverTask(void *pv);
/* Queue handle */
static QueueHandle_t xQueue = NULL;
/* ---------- UART helpers (using Lab3 USART driver) ---------- */
static inline void uart_puts(const char *s) {
    USART_sendstr((unsigned char*)s);
     3dc:	85 ee       	ldi	r24, 0xE5	; 229
     3de:	91 e0       	ldi	r25, 0x01	; 1
     3e0:	0e 94 54 0c 	call	0x18a8	; 0x18a8 <USART_sendstr>
     3e4:	ff cf       	rjmp	.-2      	; 0x3e4 <main+0x22>
    if (xQueue == NULL) {
        uart_puts("Queue create failed\r\n");
        for (;;) {}
    }
    /* Note: on AVR, FreeRTOS stack size is in WORDS (not bytes). */
    xTaskCreate(vSenderTask,   "SND", configMINIMAL_STACK_SIZE + 80, NULL, 1, NULL);
     3e6:	a1 2c       	mov	r10, r1
     3e8:	b1 2c       	mov	r11, r1
     3ea:	c1 2c       	mov	r12, r1
     3ec:	d1 2c       	mov	r13, r1
     3ee:	e1 2c       	mov	r14, r1
     3f0:	f1 2c       	mov	r15, r1
     3f2:	01 e0       	ldi	r16, 0x01	; 1
     3f4:	20 e0       	ldi	r18, 0x00	; 0
     3f6:	30 e0       	ldi	r19, 0x00	; 0
     3f8:	45 ea       	ldi	r20, 0xA5	; 165
     3fa:	50 e0       	ldi	r21, 0x00	; 0
     3fc:	6b ef       	ldi	r22, 0xFB	; 251
     3fe:	71 e0       	ldi	r23, 0x01	; 1
     400:	82 e1       	ldi	r24, 0x12	; 18
     402:	91 e0       	ldi	r25, 0x01	; 1
     404:	0e 94 df 07 	call	0xfbe	; 0xfbe <xTaskGenericCreate>
    xTaskCreate(vReceiverTask, "RCV", configMINIMAL_STACK_SIZE + 80, NULL, 2, NULL);
     408:	02 e0       	ldi	r16, 0x02	; 2
     40a:	20 e0       	ldi	r18, 0x00	; 0
     40c:	30 e0       	ldi	r19, 0x00	; 0
     40e:	45 ea       	ldi	r20, 0xA5	; 165
     410:	50 e0       	ldi	r21, 0x00	; 0
     412:	6f ef       	ldi	r22, 0xFF	; 255
     414:	71 e0       	ldi	r23, 0x01	; 1
     416:	81 e8       	ldi	r24, 0x81	; 129
     418:	90 e0       	ldi	r25, 0x00	; 0
     41a:	0e 94 df 07 	call	0xfbe	; 0xfbe <xTaskGenericCreate>
    vTaskStartScheduler();  /* never returns if OK */
     41e:	0e 94 f0 08 	call	0x11e0	; 0x11e0 <vTaskStartScheduler>
     422:	ff cf       	rjmp	.-2      	; 0x422 <__LOCK_REGION_LENGTH__+0x22>

00000424 <vListInitialise>:
     424:	fc 01       	movw	r30, r24
     426:	03 96       	adiw	r24, 0x03	; 3
     428:	92 83       	std	Z+2, r25	; 0x02
     42a:	81 83       	std	Z+1, r24	; 0x01
     42c:	2f ef       	ldi	r18, 0xFF	; 255
     42e:	3f ef       	ldi	r19, 0xFF	; 255
     430:	34 83       	std	Z+4, r19	; 0x04
     432:	23 83       	std	Z+3, r18	; 0x03
     434:	96 83       	std	Z+6, r25	; 0x06
     436:	85 83       	std	Z+5, r24	; 0x05
     438:	90 87       	std	Z+8, r25	; 0x08
     43a:	87 83       	std	Z+7, r24	; 0x07
     43c:	10 82       	st	Z, r1
     43e:	08 95       	ret

00000440 <vListInitialiseItem>:
     440:	fc 01       	movw	r30, r24
     442:	11 86       	std	Z+9, r1	; 0x09
     444:	10 86       	std	Z+8, r1	; 0x08
     446:	08 95       	ret

00000448 <vListInsertEnd>:
     448:	cf 93       	push	r28
     44a:	df 93       	push	r29
     44c:	9c 01       	movw	r18, r24
     44e:	fb 01       	movw	r30, r22
     450:	dc 01       	movw	r26, r24
     452:	11 96       	adiw	r26, 0x01	; 1
     454:	cd 91       	ld	r28, X+
     456:	dc 91       	ld	r29, X
     458:	12 97       	sbiw	r26, 0x02	; 2
     45a:	d3 83       	std	Z+3, r29	; 0x03
     45c:	c2 83       	std	Z+2, r28	; 0x02
     45e:	8c 81       	ldd	r24, Y+4	; 0x04
     460:	9d 81       	ldd	r25, Y+5	; 0x05
     462:	95 83       	std	Z+5, r25	; 0x05
     464:	84 83       	std	Z+4, r24	; 0x04
     466:	8c 81       	ldd	r24, Y+4	; 0x04
     468:	9d 81       	ldd	r25, Y+5	; 0x05
     46a:	dc 01       	movw	r26, r24
     46c:	13 96       	adiw	r26, 0x03	; 3
     46e:	7c 93       	st	X, r23
     470:	6e 93       	st	-X, r22
     472:	12 97       	sbiw	r26, 0x02	; 2
     474:	7d 83       	std	Y+5, r23	; 0x05
     476:	6c 83       	std	Y+4, r22	; 0x04
     478:	31 87       	std	Z+9, r19	; 0x09
     47a:	20 87       	std	Z+8, r18	; 0x08
     47c:	f9 01       	movw	r30, r18
     47e:	80 81       	ld	r24, Z
     480:	8f 5f       	subi	r24, 0xFF	; 255
     482:	80 83       	st	Z, r24
     484:	df 91       	pop	r29
     486:	cf 91       	pop	r28
     488:	08 95       	ret

0000048a <vListInsert>:
     48a:	cf 93       	push	r28
     48c:	df 93       	push	r29
     48e:	eb 01       	movw	r28, r22
     490:	48 81       	ld	r20, Y
     492:	59 81       	ldd	r21, Y+1	; 0x01
     494:	4f 3f       	cpi	r20, 0xFF	; 255
     496:	2f ef       	ldi	r18, 0xFF	; 255
     498:	52 07       	cpc	r21, r18
     49a:	21 f4       	brne	.+8      	; 0x4a4 <vListInsert+0x1a>
     49c:	fc 01       	movw	r30, r24
     49e:	a7 81       	ldd	r26, Z+7	; 0x07
     4a0:	b0 85       	ldd	r27, Z+8	; 0x08
     4a2:	0d c0       	rjmp	.+26     	; 0x4be <vListInsert+0x34>
     4a4:	dc 01       	movw	r26, r24
     4a6:	13 96       	adiw	r26, 0x03	; 3
     4a8:	01 c0       	rjmp	.+2      	; 0x4ac <vListInsert+0x22>
     4aa:	df 01       	movw	r26, r30
     4ac:	12 96       	adiw	r26, 0x02	; 2
     4ae:	ed 91       	ld	r30, X+
     4b0:	fc 91       	ld	r31, X
     4b2:	13 97       	sbiw	r26, 0x03	; 3
     4b4:	20 81       	ld	r18, Z
     4b6:	31 81       	ldd	r19, Z+1	; 0x01
     4b8:	42 17       	cp	r20, r18
     4ba:	53 07       	cpc	r21, r19
     4bc:	b0 f7       	brcc	.-20     	; 0x4aa <vListInsert+0x20>
     4be:	12 96       	adiw	r26, 0x02	; 2
     4c0:	ed 91       	ld	r30, X+
     4c2:	fc 91       	ld	r31, X
     4c4:	13 97       	sbiw	r26, 0x03	; 3
     4c6:	fb 83       	std	Y+3, r31	; 0x03
     4c8:	ea 83       	std	Y+2, r30	; 0x02
     4ca:	d5 83       	std	Z+5, r29	; 0x05
     4cc:	c4 83       	std	Z+4, r28	; 0x04
     4ce:	bd 83       	std	Y+5, r27	; 0x05
     4d0:	ac 83       	std	Y+4, r26	; 0x04
     4d2:	13 96       	adiw	r26, 0x03	; 3
     4d4:	dc 93       	st	X, r29
     4d6:	ce 93       	st	-X, r28
     4d8:	12 97       	sbiw	r26, 0x02	; 2
     4da:	99 87       	std	Y+9, r25	; 0x09
     4dc:	88 87       	std	Y+8, r24	; 0x08
     4de:	fc 01       	movw	r30, r24
     4e0:	20 81       	ld	r18, Z
     4e2:	2f 5f       	subi	r18, 0xFF	; 255
     4e4:	20 83       	st	Z, r18
     4e6:	df 91       	pop	r29
     4e8:	cf 91       	pop	r28
     4ea:	08 95       	ret

000004ec <uxListRemove>:
     4ec:	cf 93       	push	r28
     4ee:	df 93       	push	r29
     4f0:	fc 01       	movw	r30, r24
     4f2:	a0 85       	ldd	r26, Z+8	; 0x08
     4f4:	b1 85       	ldd	r27, Z+9	; 0x09
     4f6:	c2 81       	ldd	r28, Z+2	; 0x02
     4f8:	d3 81       	ldd	r29, Z+3	; 0x03
     4fa:	84 81       	ldd	r24, Z+4	; 0x04
     4fc:	95 81       	ldd	r25, Z+5	; 0x05
     4fe:	9d 83       	std	Y+5, r25	; 0x05
     500:	8c 83       	std	Y+4, r24	; 0x04
     502:	c4 81       	ldd	r28, Z+4	; 0x04
     504:	d5 81       	ldd	r29, Z+5	; 0x05
     506:	82 81       	ldd	r24, Z+2	; 0x02
     508:	93 81       	ldd	r25, Z+3	; 0x03
     50a:	9b 83       	std	Y+3, r25	; 0x03
     50c:	8a 83       	std	Y+2, r24	; 0x02
     50e:	11 96       	adiw	r26, 0x01	; 1
     510:	8d 91       	ld	r24, X+
     512:	9c 91       	ld	r25, X
     514:	12 97       	sbiw	r26, 0x02	; 2
     516:	e8 17       	cp	r30, r24
     518:	f9 07       	cpc	r31, r25
     51a:	31 f4       	brne	.+12     	; 0x528 <uxListRemove+0x3c>
     51c:	84 81       	ldd	r24, Z+4	; 0x04
     51e:	95 81       	ldd	r25, Z+5	; 0x05
     520:	12 96       	adiw	r26, 0x02	; 2
     522:	9c 93       	st	X, r25
     524:	8e 93       	st	-X, r24
     526:	11 97       	sbiw	r26, 0x01	; 1
     528:	11 86       	std	Z+9, r1	; 0x09
     52a:	10 86       	std	Z+8, r1	; 0x08
     52c:	8c 91       	ld	r24, X
     52e:	81 50       	subi	r24, 0x01	; 1
     530:	8c 93       	st	X, r24
     532:	df 91       	pop	r29
     534:	cf 91       	pop	r28
     536:	08 95       	ret

00000538 <pxPortInitialiseStack>:
     538:	31 e1       	ldi	r19, 0x11	; 17
     53a:	fc 01       	movw	r30, r24
     53c:	30 83       	st	Z, r19
     53e:	31 97       	sbiw	r30, 0x01	; 1
     540:	22 e2       	ldi	r18, 0x22	; 34
     542:	20 83       	st	Z, r18
     544:	31 97       	sbiw	r30, 0x01	; 1
     546:	a3 e3       	ldi	r26, 0x33	; 51
     548:	a0 83       	st	Z, r26
     54a:	31 97       	sbiw	r30, 0x01	; 1
     54c:	60 83       	st	Z, r22
     54e:	31 97       	sbiw	r30, 0x01	; 1
     550:	70 83       	st	Z, r23
     552:	31 97       	sbiw	r30, 0x01	; 1
     554:	10 82       	st	Z, r1
     556:	31 97       	sbiw	r30, 0x01	; 1
     558:	60 e8       	ldi	r22, 0x80	; 128
     55a:	60 83       	st	Z, r22
     55c:	31 97       	sbiw	r30, 0x01	; 1
     55e:	10 82       	st	Z, r1
     560:	31 97       	sbiw	r30, 0x01	; 1
     562:	62 e0       	ldi	r22, 0x02	; 2
     564:	60 83       	st	Z, r22
     566:	31 97       	sbiw	r30, 0x01	; 1
     568:	63 e0       	ldi	r22, 0x03	; 3
     56a:	60 83       	st	Z, r22
     56c:	31 97       	sbiw	r30, 0x01	; 1
     56e:	64 e0       	ldi	r22, 0x04	; 4
     570:	60 83       	st	Z, r22
     572:	31 97       	sbiw	r30, 0x01	; 1
     574:	65 e0       	ldi	r22, 0x05	; 5
     576:	60 83       	st	Z, r22
     578:	31 97       	sbiw	r30, 0x01	; 1
     57a:	66 e0       	ldi	r22, 0x06	; 6
     57c:	60 83       	st	Z, r22
     57e:	31 97       	sbiw	r30, 0x01	; 1
     580:	67 e0       	ldi	r22, 0x07	; 7
     582:	60 83       	st	Z, r22
     584:	31 97       	sbiw	r30, 0x01	; 1
     586:	68 e0       	ldi	r22, 0x08	; 8
     588:	60 83       	st	Z, r22
     58a:	31 97       	sbiw	r30, 0x01	; 1
     58c:	69 e0       	ldi	r22, 0x09	; 9
     58e:	60 83       	st	Z, r22
     590:	31 97       	sbiw	r30, 0x01	; 1
     592:	60 e1       	ldi	r22, 0x10	; 16
     594:	60 83       	st	Z, r22
     596:	31 97       	sbiw	r30, 0x01	; 1
     598:	30 83       	st	Z, r19
     59a:	31 97       	sbiw	r30, 0x01	; 1
     59c:	32 e1       	ldi	r19, 0x12	; 18
     59e:	30 83       	st	Z, r19
     5a0:	31 97       	sbiw	r30, 0x01	; 1
     5a2:	33 e1       	ldi	r19, 0x13	; 19
     5a4:	30 83       	st	Z, r19
     5a6:	31 97       	sbiw	r30, 0x01	; 1
     5a8:	34 e1       	ldi	r19, 0x14	; 20
     5aa:	30 83       	st	Z, r19
     5ac:	31 97       	sbiw	r30, 0x01	; 1
     5ae:	35 e1       	ldi	r19, 0x15	; 21
     5b0:	30 83       	st	Z, r19
     5b2:	31 97       	sbiw	r30, 0x01	; 1
     5b4:	36 e1       	ldi	r19, 0x16	; 22
     5b6:	30 83       	st	Z, r19
     5b8:	31 97       	sbiw	r30, 0x01	; 1
     5ba:	37 e1       	ldi	r19, 0x17	; 23
     5bc:	30 83       	st	Z, r19
     5be:	31 97       	sbiw	r30, 0x01	; 1
     5c0:	38 e1       	ldi	r19, 0x18	; 24
     5c2:	30 83       	st	Z, r19
     5c4:	31 97       	sbiw	r30, 0x01	; 1
     5c6:	39 e1       	ldi	r19, 0x19	; 25
     5c8:	30 83       	st	Z, r19
     5ca:	31 97       	sbiw	r30, 0x01	; 1
     5cc:	30 e2       	ldi	r19, 0x20	; 32
     5ce:	30 83       	st	Z, r19
     5d0:	31 97       	sbiw	r30, 0x01	; 1
     5d2:	31 e2       	ldi	r19, 0x21	; 33
     5d4:	30 83       	st	Z, r19
     5d6:	31 97       	sbiw	r30, 0x01	; 1
     5d8:	20 83       	st	Z, r18
     5da:	31 97       	sbiw	r30, 0x01	; 1
     5dc:	23 e2       	ldi	r18, 0x23	; 35
     5de:	20 83       	st	Z, r18
     5e0:	31 97       	sbiw	r30, 0x01	; 1
     5e2:	40 83       	st	Z, r20
     5e4:	31 97       	sbiw	r30, 0x01	; 1
     5e6:	50 83       	st	Z, r21
     5e8:	31 97       	sbiw	r30, 0x01	; 1
     5ea:	26 e2       	ldi	r18, 0x26	; 38
     5ec:	20 83       	st	Z, r18
     5ee:	31 97       	sbiw	r30, 0x01	; 1
     5f0:	27 e2       	ldi	r18, 0x27	; 39
     5f2:	20 83       	st	Z, r18
     5f4:	31 97       	sbiw	r30, 0x01	; 1
     5f6:	28 e2       	ldi	r18, 0x28	; 40
     5f8:	20 83       	st	Z, r18
     5fa:	31 97       	sbiw	r30, 0x01	; 1
     5fc:	29 e2       	ldi	r18, 0x29	; 41
     5fe:	20 83       	st	Z, r18
     600:	31 97       	sbiw	r30, 0x01	; 1
     602:	20 e3       	ldi	r18, 0x30	; 48
     604:	20 83       	st	Z, r18
     606:	31 97       	sbiw	r30, 0x01	; 1
     608:	21 e3       	ldi	r18, 0x31	; 49
     60a:	20 83       	st	Z, r18
     60c:	86 97       	sbiw	r24, 0x26	; 38
     60e:	08 95       	ret

00000610 <xPortStartScheduler>:
     610:	10 92 89 00 	sts	0x0089, r1	; 0x800089 <__DATA_REGION_ORIGIN__+0x29>
     614:	8c e7       	ldi	r24, 0x7C	; 124
     616:	80 93 88 00 	sts	0x0088, r24	; 0x800088 <__DATA_REGION_ORIGIN__+0x28>
     61a:	8b e0       	ldi	r24, 0x0B	; 11
     61c:	80 93 81 00 	sts	0x0081, r24	; 0x800081 <__DATA_REGION_ORIGIN__+0x21>
     620:	ef e6       	ldi	r30, 0x6F	; 111
     622:	f0 e0       	ldi	r31, 0x00	; 0
     624:	80 81       	ld	r24, Z
     626:	82 60       	ori	r24, 0x02	; 2
     628:	80 83       	st	Z, r24
     62a:	a0 91 60 08 	lds	r26, 0x0860	; 0x800860 <pxCurrentTCB>
     62e:	b0 91 61 08 	lds	r27, 0x0861	; 0x800861 <pxCurrentTCB+0x1>
     632:	cd 91       	ld	r28, X+
     634:	cd bf       	out	0x3d, r28	; 61
     636:	dd 91       	ld	r29, X+
     638:	de bf       	out	0x3e, r29	; 62
     63a:	ff 91       	pop	r31
     63c:	ef 91       	pop	r30
     63e:	df 91       	pop	r29
     640:	cf 91       	pop	r28
     642:	bf 91       	pop	r27
     644:	af 91       	pop	r26
     646:	9f 91       	pop	r25
     648:	8f 91       	pop	r24
     64a:	7f 91       	pop	r23
     64c:	6f 91       	pop	r22
     64e:	5f 91       	pop	r21
     650:	4f 91       	pop	r20
     652:	3f 91       	pop	r19
     654:	2f 91       	pop	r18
     656:	1f 91       	pop	r17
     658:	0f 91       	pop	r16
     65a:	ff 90       	pop	r15
     65c:	ef 90       	pop	r14
     65e:	df 90       	pop	r13
     660:	cf 90       	pop	r12
     662:	bf 90       	pop	r11
     664:	af 90       	pop	r10
     666:	9f 90       	pop	r9
     668:	8f 90       	pop	r8
     66a:	7f 90       	pop	r7
     66c:	6f 90       	pop	r6
     66e:	5f 90       	pop	r5
     670:	4f 90       	pop	r4
     672:	3f 90       	pop	r3
     674:	2f 90       	pop	r2
     676:	1f 90       	pop	r1
     678:	0f 90       	pop	r0
     67a:	0f be       	out	0x3f, r0	; 63
     67c:	0f 90       	pop	r0
     67e:	08 95       	ret
     680:	81 e0       	ldi	r24, 0x01	; 1
     682:	08 95       	ret

00000684 <vPortYield>:
     684:	0f 92       	push	r0
     686:	0f b6       	in	r0, 0x3f	; 63
     688:	f8 94       	cli
     68a:	0f 92       	push	r0
     68c:	1f 92       	push	r1
     68e:	11 24       	eor	r1, r1
     690:	2f 92       	push	r2
     692:	3f 92       	push	r3
     694:	4f 92       	push	r4
     696:	5f 92       	push	r5
     698:	6f 92       	push	r6
     69a:	7f 92       	push	r7
     69c:	8f 92       	push	r8
     69e:	9f 92       	push	r9
     6a0:	af 92       	push	r10
     6a2:	bf 92       	push	r11
     6a4:	cf 92       	push	r12
     6a6:	df 92       	push	r13
     6a8:	ef 92       	push	r14
     6aa:	ff 92       	push	r15
     6ac:	0f 93       	push	r16
     6ae:	1f 93       	push	r17
     6b0:	2f 93       	push	r18
     6b2:	3f 93       	push	r19
     6b4:	4f 93       	push	r20
     6b6:	5f 93       	push	r21
     6b8:	6f 93       	push	r22
     6ba:	7f 93       	push	r23
     6bc:	8f 93       	push	r24
     6be:	9f 93       	push	r25
     6c0:	af 93       	push	r26
     6c2:	bf 93       	push	r27
     6c4:	cf 93       	push	r28
     6c6:	df 93       	push	r29
     6c8:	ef 93       	push	r30
     6ca:	ff 93       	push	r31
     6cc:	a0 91 60 08 	lds	r26, 0x0860	; 0x800860 <pxCurrentTCB>
     6d0:	b0 91 61 08 	lds	r27, 0x0861	; 0x800861 <pxCurrentTCB+0x1>
     6d4:	0d b6       	in	r0, 0x3d	; 61
     6d6:	0d 92       	st	X+, r0
     6d8:	0e b6       	in	r0, 0x3e	; 62
     6da:	0d 92       	st	X+, r0
     6dc:	0e 94 bd 0a 	call	0x157a	; 0x157a <vTaskSwitchContext>
     6e0:	a0 91 60 08 	lds	r26, 0x0860	; 0x800860 <pxCurrentTCB>
     6e4:	b0 91 61 08 	lds	r27, 0x0861	; 0x800861 <pxCurrentTCB+0x1>
     6e8:	cd 91       	ld	r28, X+
     6ea:	cd bf       	out	0x3d, r28	; 61
     6ec:	dd 91       	ld	r29, X+
     6ee:	de bf       	out	0x3e, r29	; 62
     6f0:	ff 91       	pop	r31
     6f2:	ef 91       	pop	r30
     6f4:	df 91       	pop	r29
     6f6:	cf 91       	pop	r28
     6f8:	bf 91       	pop	r27
     6fa:	af 91       	pop	r26
     6fc:	9f 91       	pop	r25
     6fe:	8f 91       	pop	r24
     700:	7f 91       	pop	r23
     702:	6f 91       	pop	r22
     704:	5f 91       	pop	r21
     706:	4f 91       	pop	r20
     708:	3f 91       	pop	r19
     70a:	2f 91       	pop	r18
     70c:	1f 91       	pop	r17
     70e:	0f 91       	pop	r16
     710:	ff 90       	pop	r15
     712:	ef 90       	pop	r14
     714:	df 90       	pop	r13
     716:	cf 90       	pop	r12
     718:	bf 90       	pop	r11
     71a:	af 90       	pop	r10
     71c:	9f 90       	pop	r9
     71e:	8f 90       	pop	r8
     720:	7f 90       	pop	r7
     722:	6f 90       	pop	r6
     724:	5f 90       	pop	r5
     726:	4f 90       	pop	r4
     728:	3f 90       	pop	r3
     72a:	2f 90       	pop	r2
     72c:	1f 90       	pop	r1
     72e:	0f 90       	pop	r0
     730:	0f be       	out	0x3f, r0	; 63
     732:	0f 90       	pop	r0
     734:	08 95       	ret

00000736 <__vector_16>:
     736:	1f 92       	push	r1
     738:	0f 92       	push	r0
     73a:	0f b6       	in	r0, 0x3f	; 63
     73c:	0f 92       	push	r0
     73e:	11 24       	eor	r1, r1
     740:	0f 90       	pop	r0
     742:	0f be       	out	0x3f, r0	; 63
     744:	0f 90       	pop	r0
     746:	1f 90       	pop	r1
     748:	18 95       	reti

0000074a <vPortYieldFromTick>:
     74a:	0f 92       	push	r0
     74c:	0f b6       	in	r0, 0x3f	; 63
     74e:	f8 94       	cli
     750:	0f 92       	push	r0
     752:	1f 92       	push	r1
     754:	11 24       	eor	r1, r1
     756:	2f 92       	push	r2
     758:	3f 92       	push	r3
     75a:	4f 92       	push	r4
     75c:	5f 92       	push	r5
     75e:	6f 92       	push	r6
     760:	7f 92       	push	r7
     762:	8f 92       	push	r8
     764:	9f 92       	push	r9
     766:	af 92       	push	r10
     768:	bf 92       	push	r11
     76a:	cf 92       	push	r12
     76c:	df 92       	push	r13
     76e:	ef 92       	push	r14
     770:	ff 92       	push	r15
     772:	0f 93       	push	r16
     774:	1f 93       	push	r17
     776:	2f 93       	push	r18
     778:	3f 93       	push	r19
     77a:	4f 93       	push	r20
     77c:	5f 93       	push	r21
     77e:	6f 93       	push	r22
     780:	7f 93       	push	r23
     782:	8f 93       	push	r24
     784:	9f 93       	push	r25
     786:	af 93       	push	r26
     788:	bf 93       	push	r27
     78a:	cf 93       	push	r28
     78c:	df 93       	push	r29
     78e:	ef 93       	push	r30
     790:	ff 93       	push	r31
     792:	a0 91 60 08 	lds	r26, 0x0860	; 0x800860 <pxCurrentTCB>
     796:	b0 91 61 08 	lds	r27, 0x0861	; 0x800861 <pxCurrentTCB+0x1>
     79a:	0d b6       	in	r0, 0x3d	; 61
     79c:	0d 92       	st	X+, r0
     79e:	0e b6       	in	r0, 0x3e	; 62
     7a0:	0d 92       	st	X+, r0
     7a2:	0e 94 21 09 	call	0x1242	; 0x1242 <xTaskIncrementTick>
     7a6:	81 11       	cpse	r24, r1
     7a8:	0e 94 bd 0a 	call	0x157a	; 0x157a <vTaskSwitchContext>
     7ac:	a0 91 60 08 	lds	r26, 0x0860	; 0x800860 <pxCurrentTCB>
     7b0:	b0 91 61 08 	lds	r27, 0x0861	; 0x800861 <pxCurrentTCB+0x1>
     7b4:	cd 91       	ld	r28, X+
     7b6:	cd bf       	out	0x3d, r28	; 61
     7b8:	dd 91       	ld	r29, X+
     7ba:	de bf       	out	0x3e, r29	; 62
     7bc:	ff 91       	pop	r31
     7be:	ef 91       	pop	r30
     7c0:	df 91       	pop	r29
     7c2:	cf 91       	pop	r28
     7c4:	bf 91       	pop	r27
     7c6:	af 91       	pop	r26
     7c8:	9f 91       	pop	r25
     7ca:	8f 91       	pop	r24
     7cc:	7f 91       	pop	r23
     7ce:	6f 91       	pop	r22
     7d0:	5f 91       	pop	r21
     7d2:	4f 91       	pop	r20
     7d4:	3f 91       	pop	r19
     7d6:	2f 91       	pop	r18
     7d8:	1f 91       	pop	r17
     7da:	0f 91       	pop	r16
     7dc:	ff 90       	pop	r15
     7de:	ef 90       	pop	r14
     7e0:	df 90       	pop	r13
     7e2:	cf 90       	pop	r12
     7e4:	bf 90       	pop	r11
     7e6:	af 90       	pop	r10
     7e8:	9f 90       	pop	r9
     7ea:	8f 90       	pop	r8
     7ec:	7f 90       	pop	r7
     7ee:	6f 90       	pop	r6
     7f0:	5f 90       	pop	r5
     7f2:	4f 90       	pop	r4
     7f4:	3f 90       	pop	r3
     7f6:	2f 90       	pop	r2
     7f8:	1f 90       	pop	r1
     7fa:	0f 90       	pop	r0
     7fc:	0f be       	out	0x3f, r0	; 63
     7fe:	0f 90       	pop	r0
     800:	08 95       	ret

00000802 <__vector_11>:
     802:	0e 94 a5 03 	call	0x74a	; 0x74a <vPortYieldFromTick>
     806:	18 95       	reti

00000808 <pvPortMalloc>:
     808:	0f 93       	push	r16
     80a:	1f 93       	push	r17
     80c:	cf 93       	push	r28
     80e:	df 93       	push	r29
     810:	ec 01       	movw	r28, r24
     812:	0e 94 1b 09 	call	0x1236	; 0x1236 <vTaskSuspendAll>
     816:	80 91 1b 02 	lds	r24, 0x021B	; 0x80021b <xHeapHasBeenInitialised.2022>
     81a:	81 11       	cpse	r24, r1
     81c:	1d c0       	rjmp	.+58     	; 0x858 <pvPortMalloc+0x50>
     81e:	e0 e2       	ldi	r30, 0x20	; 32
     820:	f2 e0       	ldi	r31, 0x02	; 2
     822:	85 e2       	ldi	r24, 0x25	; 37
     824:	92 e0       	ldi	r25, 0x02	; 2
     826:	91 83       	std	Z+1, r25	; 0x01
     828:	80 83       	st	Z, r24
     82a:	13 82       	std	Z+3, r1	; 0x03
     82c:	12 82       	std	Z+2, r1	; 0x02
     82e:	ec e1       	ldi	r30, 0x1C	; 28
     830:	f2 e0       	ldi	r31, 0x02	; 2
     832:	8b ed       	ldi	r24, 0xDB	; 219
     834:	95 e0       	ldi	r25, 0x05	; 5
     836:	93 83       	std	Z+3, r25	; 0x03
     838:	82 83       	std	Z+2, r24	; 0x02
     83a:	11 82       	std	Z+1, r1	; 0x01
     83c:	10 82       	st	Z, r1
     83e:	a4 e2       	ldi	r26, 0x24	; 36
     840:	b2 e0       	ldi	r27, 0x02	; 2
     842:	14 96       	adiw	r26, 0x04	; 4
     844:	9c 93       	st	X, r25
     846:	8e 93       	st	-X, r24
     848:	13 97       	sbiw	r26, 0x03	; 3
     84a:	12 96       	adiw	r26, 0x02	; 2
     84c:	fc 93       	st	X, r31
     84e:	ee 93       	st	-X, r30
     850:	11 97       	sbiw	r26, 0x01	; 1
     852:	81 e0       	ldi	r24, 0x01	; 1
     854:	80 93 1b 02 	sts	0x021B, r24	; 0x80021b <xHeapHasBeenInitialised.2022>
     858:	20 97       	sbiw	r28, 0x00	; 0
     85a:	09 f4       	brne	.+2      	; 0x85e <pvPortMalloc+0x56>
     85c:	5f c0       	rjmp	.+190    	; 0x91c <__stack+0x1d>
     85e:	9e 01       	movw	r18, r28
     860:	2c 5f       	subi	r18, 0xFC	; 252
     862:	3f 4f       	sbci	r19, 0xFF	; 255
     864:	23 96       	adiw	r28, 0x03	; 3
     866:	ca 3d       	cpi	r28, 0xDA	; 218
     868:	d5 40       	sbci	r29, 0x05	; 5
     86a:	08 f0       	brcs	.+2      	; 0x86e <pvPortMalloc+0x66>
     86c:	5a c0       	rjmp	.+180    	; 0x922 <__stack+0x23>
     86e:	e0 91 20 02 	lds	r30, 0x0220	; 0x800220 <xStart>
     872:	f0 91 21 02 	lds	r31, 0x0221	; 0x800221 <xStart+0x1>
     876:	a0 e2       	ldi	r26, 0x20	; 32
     878:	b2 e0       	ldi	r27, 0x02	; 2
     87a:	02 c0       	rjmp	.+4      	; 0x880 <pvPortMalloc+0x78>
     87c:	df 01       	movw	r26, r30
     87e:	fc 01       	movw	r30, r24
     880:	82 81       	ldd	r24, Z+2	; 0x02
     882:	93 81       	ldd	r25, Z+3	; 0x03
     884:	82 17       	cp	r24, r18
     886:	93 07       	cpc	r25, r19
     888:	20 f4       	brcc	.+8      	; 0x892 <pvPortMalloc+0x8a>
     88a:	80 81       	ld	r24, Z
     88c:	91 81       	ldd	r25, Z+1	; 0x01
     88e:	00 97       	sbiw	r24, 0x00	; 0
     890:	a9 f7       	brne	.-22     	; 0x87c <pvPortMalloc+0x74>
     892:	c2 e0       	ldi	r28, 0x02	; 2
     894:	ec 31       	cpi	r30, 0x1C	; 28
     896:	fc 07       	cpc	r31, r28
     898:	09 f4       	brne	.+2      	; 0x89c <pvPortMalloc+0x94>
     89a:	46 c0       	rjmp	.+140    	; 0x928 <__stack+0x29>
     89c:	cd 91       	ld	r28, X+
     89e:	dc 91       	ld	r29, X
     8a0:	11 97       	sbiw	r26, 0x01	; 1
     8a2:	8e 01       	movw	r16, r28
     8a4:	0c 5f       	subi	r16, 0xFC	; 252
     8a6:	1f 4f       	sbci	r17, 0xFF	; 255
     8a8:	80 81       	ld	r24, Z
     8aa:	91 81       	ldd	r25, Z+1	; 0x01
     8ac:	8d 93       	st	X+, r24
     8ae:	9c 93       	st	X, r25
     8b0:	82 81       	ldd	r24, Z+2	; 0x02
     8b2:	93 81       	ldd	r25, Z+3	; 0x03
     8b4:	82 1b       	sub	r24, r18
     8b6:	93 0b       	sbc	r25, r19
     8b8:	89 30       	cpi	r24, 0x09	; 9
     8ba:	91 05       	cpc	r25, r1
     8bc:	10 f1       	brcs	.+68     	; 0x902 <__stack+0x3>
     8be:	bf 01       	movw	r22, r30
     8c0:	62 0f       	add	r22, r18
     8c2:	73 1f       	adc	r23, r19
     8c4:	db 01       	movw	r26, r22
     8c6:	13 96       	adiw	r26, 0x03	; 3
     8c8:	9c 93       	st	X, r25
     8ca:	8e 93       	st	-X, r24
     8cc:	12 97       	sbiw	r26, 0x02	; 2
     8ce:	33 83       	std	Z+3, r19	; 0x03
     8d0:	22 83       	std	Z+2, r18	; 0x02
     8d2:	12 96       	adiw	r26, 0x02	; 2
     8d4:	4d 91       	ld	r20, X+
     8d6:	5c 91       	ld	r21, X
     8d8:	13 97       	sbiw	r26, 0x03	; 3
     8da:	80 e2       	ldi	r24, 0x20	; 32
     8dc:	92 e0       	ldi	r25, 0x02	; 2
     8de:	01 c0       	rjmp	.+2      	; 0x8e2 <pvPortMalloc+0xda>
     8e0:	cd 01       	movw	r24, r26
     8e2:	ec 01       	movw	r28, r24
     8e4:	a8 81       	ld	r26, Y
     8e6:	b9 81       	ldd	r27, Y+1	; 0x01
     8e8:	12 96       	adiw	r26, 0x02	; 2
     8ea:	2d 91       	ld	r18, X+
     8ec:	3c 91       	ld	r19, X
     8ee:	13 97       	sbiw	r26, 0x03	; 3
     8f0:	24 17       	cp	r18, r20
     8f2:	35 07       	cpc	r19, r21
     8f4:	a8 f3       	brcs	.-22     	; 0x8e0 <pvPortMalloc+0xd8>
     8f6:	eb 01       	movw	r28, r22
     8f8:	b9 83       	std	Y+1, r27	; 0x01
     8fa:	a8 83       	st	Y, r26
     8fc:	dc 01       	movw	r26, r24
     8fe:	6d 93       	st	X+, r22
     900:	7c 93       	st	X, r23
     902:	80 91 00 01 	lds	r24, 0x0100	; 0x800100 <__data_start>
     906:	90 91 01 01 	lds	r25, 0x0101	; 0x800101 <__data_start+0x1>
     90a:	22 81       	ldd	r18, Z+2	; 0x02
     90c:	33 81       	ldd	r19, Z+3	; 0x03
     90e:	82 1b       	sub	r24, r18
     910:	93 0b       	sbc	r25, r19
     912:	90 93 01 01 	sts	0x0101, r25	; 0x800101 <__data_start+0x1>
     916:	80 93 00 01 	sts	0x0100, r24	; 0x800100 <__data_start>
     91a:	08 c0       	rjmp	.+16     	; 0x92c <__stack+0x2d>
     91c:	00 e0       	ldi	r16, 0x00	; 0
     91e:	10 e0       	ldi	r17, 0x00	; 0
     920:	05 c0       	rjmp	.+10     	; 0x92c <__stack+0x2d>
     922:	00 e0       	ldi	r16, 0x00	; 0
     924:	10 e0       	ldi	r17, 0x00	; 0
     926:	02 c0       	rjmp	.+4      	; 0x92c <__stack+0x2d>
     928:	00 e0       	ldi	r16, 0x00	; 0
     92a:	10 e0       	ldi	r17, 0x00	; 0
     92c:	0e 94 de 09 	call	0x13bc	; 0x13bc <xTaskResumeAll>
     930:	c8 01       	movw	r24, r16
     932:	df 91       	pop	r29
     934:	cf 91       	pop	r28
     936:	1f 91       	pop	r17
     938:	0f 91       	pop	r16
     93a:	08 95       	ret

0000093c <vPortFree>:
     93c:	0f 93       	push	r16
     93e:	1f 93       	push	r17
     940:	cf 93       	push	r28
     942:	df 93       	push	r29
     944:	00 97       	sbiw	r24, 0x00	; 0
     946:	41 f1       	breq	.+80     	; 0x998 <vPortFree+0x5c>
     948:	ec 01       	movw	r28, r24
     94a:	8c 01       	movw	r16, r24
     94c:	04 50       	subi	r16, 0x04	; 4
     94e:	11 09       	sbc	r17, r1
     950:	0e 94 1b 09 	call	0x1236	; 0x1236 <vTaskSuspendAll>
     954:	f8 01       	movw	r30, r16
     956:	42 81       	ldd	r20, Z+2	; 0x02
     958:	53 81       	ldd	r21, Z+3	; 0x03
     95a:	a0 e2       	ldi	r26, 0x20	; 32
     95c:	b2 e0       	ldi	r27, 0x02	; 2
     95e:	01 c0       	rjmp	.+2      	; 0x962 <vPortFree+0x26>
     960:	df 01       	movw	r26, r30
     962:	ed 91       	ld	r30, X+
     964:	fc 91       	ld	r31, X
     966:	11 97       	sbiw	r26, 0x01	; 1
     968:	22 81       	ldd	r18, Z+2	; 0x02
     96a:	33 81       	ldd	r19, Z+3	; 0x03
     96c:	24 17       	cp	r18, r20
     96e:	35 07       	cpc	r19, r21
     970:	b8 f3       	brcs	.-18     	; 0x960 <vPortFree+0x24>
     972:	24 97       	sbiw	r28, 0x04	; 4
     974:	f9 83       	std	Y+1, r31	; 0x01
     976:	e8 83       	st	Y, r30
     978:	0d 93       	st	X+, r16
     97a:	1c 93       	st	X, r17
     97c:	20 91 00 01 	lds	r18, 0x0100	; 0x800100 <__data_start>
     980:	30 91 01 01 	lds	r19, 0x0101	; 0x800101 <__data_start+0x1>
     984:	8a 81       	ldd	r24, Y+2	; 0x02
     986:	9b 81       	ldd	r25, Y+3	; 0x03
     988:	82 0f       	add	r24, r18
     98a:	93 1f       	adc	r25, r19
     98c:	90 93 01 01 	sts	0x0101, r25	; 0x800101 <__data_start+0x1>
     990:	80 93 00 01 	sts	0x0100, r24	; 0x800100 <__data_start>
     994:	0e 94 de 09 	call	0x13bc	; 0x13bc <xTaskResumeAll>
     998:	df 91       	pop	r29
     99a:	cf 91       	pop	r28
     99c:	1f 91       	pop	r17
     99e:	0f 91       	pop	r16
     9a0:	08 95       	ret

000009a2 <prvCopyDataToQueue>:
     9a2:	1f 93       	push	r17
     9a4:	cf 93       	push	r28
     9a6:	df 93       	push	r29
     9a8:	ec 01       	movw	r28, r24
     9aa:	14 2f       	mov	r17, r20
     9ac:	4c 8d       	ldd	r20, Y+28	; 0x1c
     9ae:	44 23       	and	r20, r20
     9b0:	d9 f1       	breq	.+118    	; 0xa28 <prvCopyDataToQueue+0x86>
     9b2:	11 11       	cpse	r17, r1
     9b4:	16 c0       	rjmp	.+44     	; 0x9e2 <prvCopyDataToQueue+0x40>
     9b6:	50 e0       	ldi	r21, 0x00	; 0
     9b8:	8c 81       	ldd	r24, Y+4	; 0x04
     9ba:	9d 81       	ldd	r25, Y+5	; 0x05
     9bc:	0e 94 dd 0d 	call	0x1bba	; 0x1bba <memcpy>
     9c0:	2c 8d       	ldd	r18, Y+28	; 0x1c
     9c2:	8c 81       	ldd	r24, Y+4	; 0x04
     9c4:	9d 81       	ldd	r25, Y+5	; 0x05
     9c6:	82 0f       	add	r24, r18
     9c8:	91 1d       	adc	r25, r1
     9ca:	9d 83       	std	Y+5, r25	; 0x05
     9cc:	8c 83       	std	Y+4, r24	; 0x04
     9ce:	2a 81       	ldd	r18, Y+2	; 0x02
     9d0:	3b 81       	ldd	r19, Y+3	; 0x03
     9d2:	82 17       	cp	r24, r18
     9d4:	93 07       	cpc	r25, r19
     9d6:	40 f1       	brcs	.+80     	; 0xa28 <prvCopyDataToQueue+0x86>
     9d8:	88 81       	ld	r24, Y
     9da:	99 81       	ldd	r25, Y+1	; 0x01
     9dc:	9d 83       	std	Y+5, r25	; 0x05
     9de:	8c 83       	std	Y+4, r24	; 0x04
     9e0:	23 c0       	rjmp	.+70     	; 0xa28 <prvCopyDataToQueue+0x86>
     9e2:	50 e0       	ldi	r21, 0x00	; 0
     9e4:	8e 81       	ldd	r24, Y+6	; 0x06
     9e6:	9f 81       	ldd	r25, Y+7	; 0x07
     9e8:	0e 94 dd 0d 	call	0x1bba	; 0x1bba <memcpy>
     9ec:	8c 8d       	ldd	r24, Y+28	; 0x1c
     9ee:	90 e0       	ldi	r25, 0x00	; 0
     9f0:	91 95       	neg	r25
     9f2:	81 95       	neg	r24
     9f4:	91 09       	sbc	r25, r1
     9f6:	2e 81       	ldd	r18, Y+6	; 0x06
     9f8:	3f 81       	ldd	r19, Y+7	; 0x07
     9fa:	28 0f       	add	r18, r24
     9fc:	39 1f       	adc	r19, r25
     9fe:	3f 83       	std	Y+7, r19	; 0x07
     a00:	2e 83       	std	Y+6, r18	; 0x06
     a02:	48 81       	ld	r20, Y
     a04:	59 81       	ldd	r21, Y+1	; 0x01
     a06:	24 17       	cp	r18, r20
     a08:	35 07       	cpc	r19, r21
     a0a:	30 f4       	brcc	.+12     	; 0xa18 <prvCopyDataToQueue+0x76>
     a0c:	2a 81       	ldd	r18, Y+2	; 0x02
     a0e:	3b 81       	ldd	r19, Y+3	; 0x03
     a10:	82 0f       	add	r24, r18
     a12:	93 1f       	adc	r25, r19
     a14:	9f 83       	std	Y+7, r25	; 0x07
     a16:	8e 83       	std	Y+6, r24	; 0x06
     a18:	12 30       	cpi	r17, 0x02	; 2
     a1a:	31 f4       	brne	.+12     	; 0xa28 <prvCopyDataToQueue+0x86>
     a1c:	8a 8d       	ldd	r24, Y+26	; 0x1a
     a1e:	88 23       	and	r24, r24
     a20:	19 f0       	breq	.+6      	; 0xa28 <prvCopyDataToQueue+0x86>
     a22:	8a 8d       	ldd	r24, Y+26	; 0x1a
     a24:	81 50       	subi	r24, 0x01	; 1
     a26:	8a 8f       	std	Y+26, r24	; 0x1a
     a28:	8a 8d       	ldd	r24, Y+26	; 0x1a
     a2a:	8f 5f       	subi	r24, 0xFF	; 255
     a2c:	8a 8f       	std	Y+26, r24	; 0x1a
     a2e:	80 e0       	ldi	r24, 0x00	; 0
     a30:	df 91       	pop	r29
     a32:	cf 91       	pop	r28
     a34:	1f 91       	pop	r17
     a36:	08 95       	ret

00000a38 <prvNotifyQueueSetContainer>:
     a38:	ff 92       	push	r15
     a3a:	0f 93       	push	r16
     a3c:	1f 93       	push	r17
     a3e:	cf 93       	push	r28
     a40:	df 93       	push	r29
     a42:	00 d0       	rcall	.+0      	; 0xa44 <prvNotifyQueueSetContainer+0xc>
     a44:	cd b7       	in	r28, 0x3d	; 61
     a46:	de b7       	in	r29, 0x3e	; 62
     a48:	9a 83       	std	Y+2, r25	; 0x02
     a4a:	89 83       	std	Y+1, r24	; 0x01
     a4c:	fc 01       	movw	r30, r24
     a4e:	07 8d       	ldd	r16, Z+31	; 0x1f
     a50:	10 a1       	ldd	r17, Z+32	; 0x20
     a52:	f8 01       	movw	r30, r16
     a54:	92 8d       	ldd	r25, Z+26	; 0x1a
     a56:	83 8d       	ldd	r24, Z+27	; 0x1b
     a58:	98 17       	cp	r25, r24
     a5a:	e8 f4       	brcc	.+58     	; 0xa96 <prvNotifyQueueSetContainer+0x5e>
     a5c:	46 2f       	mov	r20, r22
     a5e:	be 01       	movw	r22, r28
     a60:	6f 5f       	subi	r22, 0xFF	; 255
     a62:	7f 4f       	sbci	r23, 0xFF	; 255
     a64:	c8 01       	movw	r24, r16
     a66:	0e 94 d1 04 	call	0x9a2	; 0x9a2 <prvCopyDataToQueue>
     a6a:	f8 2e       	mov	r15, r24
     a6c:	f8 01       	movw	r30, r16
     a6e:	86 8d       	ldd	r24, Z+30	; 0x1e
     a70:	8f 3f       	cpi	r24, 0xFF	; 255
     a72:	61 f4       	brne	.+24     	; 0xa8c <prvNotifyQueueSetContainer+0x54>
     a74:	81 89       	ldd	r24, Z+17	; 0x11
     a76:	88 23       	and	r24, r24
     a78:	79 f0       	breq	.+30     	; 0xa98 <prvNotifyQueueSetContainer+0x60>
     a7a:	c8 01       	movw	r24, r16
     a7c:	41 96       	adiw	r24, 0x11	; 17
     a7e:	0e 94 56 0b 	call	0x16ac	; 0x16ac <xTaskRemoveFromEventList>
     a82:	88 23       	and	r24, r24
     a84:	49 f0       	breq	.+18     	; 0xa98 <prvNotifyQueueSetContainer+0x60>
     a86:	ff 24       	eor	r15, r15
     a88:	f3 94       	inc	r15
     a8a:	06 c0       	rjmp	.+12     	; 0xa98 <prvNotifyQueueSetContainer+0x60>
     a8c:	f8 01       	movw	r30, r16
     a8e:	86 8d       	ldd	r24, Z+30	; 0x1e
     a90:	8f 5f       	subi	r24, 0xFF	; 255
     a92:	86 8f       	std	Z+30, r24	; 0x1e
     a94:	01 c0       	rjmp	.+2      	; 0xa98 <prvNotifyQueueSetContainer+0x60>
     a96:	f1 2c       	mov	r15, r1
     a98:	8f 2d       	mov	r24, r15
     a9a:	0f 90       	pop	r0
     a9c:	0f 90       	pop	r0
     a9e:	df 91       	pop	r29
     aa0:	cf 91       	pop	r28
     aa2:	1f 91       	pop	r17
     aa4:	0f 91       	pop	r16
     aa6:	ff 90       	pop	r15
     aa8:	08 95       	ret

00000aaa <prvCopyDataFromQueue>:
     aaa:	fc 01       	movw	r30, r24
     aac:	44 8d       	ldd	r20, Z+28	; 0x1c
     aae:	44 23       	and	r20, r20
     ab0:	a9 f0       	breq	.+42     	; 0xadc <prvCopyDataFromQueue+0x32>
     ab2:	50 e0       	ldi	r21, 0x00	; 0
     ab4:	26 81       	ldd	r18, Z+6	; 0x06
     ab6:	37 81       	ldd	r19, Z+7	; 0x07
     ab8:	24 0f       	add	r18, r20
     aba:	35 1f       	adc	r19, r21
     abc:	37 83       	std	Z+7, r19	; 0x07
     abe:	26 83       	std	Z+6, r18	; 0x06
     ac0:	82 81       	ldd	r24, Z+2	; 0x02
     ac2:	93 81       	ldd	r25, Z+3	; 0x03
     ac4:	28 17       	cp	r18, r24
     ac6:	39 07       	cpc	r19, r25
     ac8:	20 f0       	brcs	.+8      	; 0xad2 <prvCopyDataFromQueue+0x28>
     aca:	80 81       	ld	r24, Z
     acc:	91 81       	ldd	r25, Z+1	; 0x01
     ace:	97 83       	std	Z+7, r25	; 0x07
     ad0:	86 83       	std	Z+6, r24	; 0x06
     ad2:	cb 01       	movw	r24, r22
     ad4:	66 81       	ldd	r22, Z+6	; 0x06
     ad6:	77 81       	ldd	r23, Z+7	; 0x07
     ad8:	0e 94 dd 0d 	call	0x1bba	; 0x1bba <memcpy>
     adc:	08 95       	ret

00000ade <prvUnlockQueue>:
     ade:	0f 93       	push	r16
     ae0:	1f 93       	push	r17
     ae2:	cf 93       	push	r28
     ae4:	df 93       	push	r29
     ae6:	ec 01       	movw	r28, r24
     ae8:	0f b6       	in	r0, 0x3f	; 63
     aea:	f8 94       	cli
     aec:	0f 92       	push	r0
     aee:	8e 8d       	ldd	r24, Y+30	; 0x1e
     af0:	18 16       	cp	r1, r24
     af2:	fc f4       	brge	.+62     	; 0xb32 <prvUnlockQueue+0x54>
     af4:	8e 01       	movw	r16, r28
     af6:	0f 5e       	subi	r16, 0xEF	; 239
     af8:	1f 4f       	sbci	r17, 0xFF	; 255
     afa:	8f 8d       	ldd	r24, Y+31	; 0x1f
     afc:	98 a1       	ldd	r25, Y+32	; 0x20
     afe:	89 2b       	or	r24, r25
     b00:	49 f0       	breq	.+18     	; 0xb14 <prvUnlockQueue+0x36>
     b02:	60 e0       	ldi	r22, 0x00	; 0
     b04:	ce 01       	movw	r24, r28
     b06:	0e 94 1c 05 	call	0xa38	; 0xa38 <prvNotifyQueueSetContainer>
     b0a:	81 30       	cpi	r24, 0x01	; 1
     b0c:	61 f4       	brne	.+24     	; 0xb26 <prvUnlockQueue+0x48>
     b0e:	0e 94 e2 0b 	call	0x17c4	; 0x17c4 <vTaskMissedYield>
     b12:	09 c0       	rjmp	.+18     	; 0xb26 <prvUnlockQueue+0x48>
     b14:	89 89       	ldd	r24, Y+17	; 0x11
     b16:	88 23       	and	r24, r24
     b18:	61 f0       	breq	.+24     	; 0xb32 <prvUnlockQueue+0x54>
     b1a:	c8 01       	movw	r24, r16
     b1c:	0e 94 56 0b 	call	0x16ac	; 0x16ac <xTaskRemoveFromEventList>
     b20:	81 11       	cpse	r24, r1
     b22:	0e 94 e2 0b 	call	0x17c4	; 0x17c4 <vTaskMissedYield>
     b26:	8e 8d       	ldd	r24, Y+30	; 0x1e
     b28:	81 50       	subi	r24, 0x01	; 1
     b2a:	8e 8f       	std	Y+30, r24	; 0x1e
     b2c:	8e 8d       	ldd	r24, Y+30	; 0x1e
     b2e:	18 16       	cp	r1, r24
     b30:	24 f3       	brlt	.-56     	; 0xafa <prvUnlockQueue+0x1c>
     b32:	8f ef       	ldi	r24, 0xFF	; 255
     b34:	8e 8f       	std	Y+30, r24	; 0x1e
     b36:	0f 90       	pop	r0
     b38:	0f be       	out	0x3f, r0	; 63
     b3a:	0f b6       	in	r0, 0x3f	; 63
     b3c:	f8 94       	cli
     b3e:	0f 92       	push	r0
     b40:	8d 8d       	ldd	r24, Y+29	; 0x1d
     b42:	18 16       	cp	r1, r24
     b44:	bc f4       	brge	.+46     	; 0xb74 <prvUnlockQueue+0x96>
     b46:	88 85       	ldd	r24, Y+8	; 0x08
     b48:	81 11       	cpse	r24, r1
     b4a:	05 c0       	rjmp	.+10     	; 0xb56 <prvUnlockQueue+0x78>
     b4c:	13 c0       	rjmp	.+38     	; 0xb74 <prvUnlockQueue+0x96>
     b4e:	88 85       	ldd	r24, Y+8	; 0x08
     b50:	81 11       	cpse	r24, r1
     b52:	04 c0       	rjmp	.+8      	; 0xb5c <prvUnlockQueue+0x7e>
     b54:	0f c0       	rjmp	.+30     	; 0xb74 <prvUnlockQueue+0x96>
     b56:	8e 01       	movw	r16, r28
     b58:	08 5f       	subi	r16, 0xF8	; 248
     b5a:	1f 4f       	sbci	r17, 0xFF	; 255
     b5c:	c8 01       	movw	r24, r16
     b5e:	0e 94 56 0b 	call	0x16ac	; 0x16ac <xTaskRemoveFromEventList>
     b62:	81 11       	cpse	r24, r1
     b64:	0e 94 e2 0b 	call	0x17c4	; 0x17c4 <vTaskMissedYield>
     b68:	8d 8d       	ldd	r24, Y+29	; 0x1d
     b6a:	81 50       	subi	r24, 0x01	; 1
     b6c:	8d 8f       	std	Y+29, r24	; 0x1d
     b6e:	8d 8d       	ldd	r24, Y+29	; 0x1d
     b70:	18 16       	cp	r1, r24
     b72:	6c f3       	brlt	.-38     	; 0xb4e <prvUnlockQueue+0x70>
     b74:	8f ef       	ldi	r24, 0xFF	; 255
     b76:	8d 8f       	std	Y+29, r24	; 0x1d
     b78:	0f 90       	pop	r0
     b7a:	0f be       	out	0x3f, r0	; 63
     b7c:	df 91       	pop	r29
     b7e:	cf 91       	pop	r28
     b80:	1f 91       	pop	r17
     b82:	0f 91       	pop	r16
     b84:	08 95       	ret

00000b86 <xQueueGenericReset>:
     b86:	cf 93       	push	r28
     b88:	df 93       	push	r29
     b8a:	ec 01       	movw	r28, r24
     b8c:	0f b6       	in	r0, 0x3f	; 63
     b8e:	f8 94       	cli
     b90:	0f 92       	push	r0
     b92:	48 81       	ld	r20, Y
     b94:	59 81       	ldd	r21, Y+1	; 0x01
     b96:	2c 8d       	ldd	r18, Y+28	; 0x1c
     b98:	30 e0       	ldi	r19, 0x00	; 0
     b9a:	7b 8d       	ldd	r23, Y+27	; 0x1b
     b9c:	72 9f       	mul	r23, r18
     b9e:	c0 01       	movw	r24, r0
     ba0:	73 9f       	mul	r23, r19
     ba2:	90 0d       	add	r25, r0
     ba4:	11 24       	eor	r1, r1
     ba6:	fa 01       	movw	r30, r20
     ba8:	e8 0f       	add	r30, r24
     baa:	f9 1f       	adc	r31, r25
     bac:	fb 83       	std	Y+3, r31	; 0x03
     bae:	ea 83       	std	Y+2, r30	; 0x02
     bb0:	1a 8e       	std	Y+26, r1	; 0x1a
     bb2:	5d 83       	std	Y+5, r21	; 0x05
     bb4:	4c 83       	std	Y+4, r20	; 0x04
     bb6:	82 1b       	sub	r24, r18
     bb8:	93 0b       	sbc	r25, r19
     bba:	84 0f       	add	r24, r20
     bbc:	95 1f       	adc	r25, r21
     bbe:	9f 83       	std	Y+7, r25	; 0x07
     bc0:	8e 83       	std	Y+6, r24	; 0x06
     bc2:	8f ef       	ldi	r24, 0xFF	; 255
     bc4:	8d 8f       	std	Y+29, r24	; 0x1d
     bc6:	8e 8f       	std	Y+30, r24	; 0x1e
     bc8:	61 11       	cpse	r22, r1
     bca:	0c c0       	rjmp	.+24     	; 0xbe4 <xQueueGenericReset+0x5e>
     bcc:	88 85       	ldd	r24, Y+8	; 0x08
     bce:	88 23       	and	r24, r24
     bd0:	89 f0       	breq	.+34     	; 0xbf4 <xQueueGenericReset+0x6e>
     bd2:	ce 01       	movw	r24, r28
     bd4:	08 96       	adiw	r24, 0x08	; 8
     bd6:	0e 94 56 0b 	call	0x16ac	; 0x16ac <xTaskRemoveFromEventList>
     bda:	81 30       	cpi	r24, 0x01	; 1
     bdc:	59 f4       	brne	.+22     	; 0xbf4 <xQueueGenericReset+0x6e>
     bde:	0e 94 42 03 	call	0x684	; 0x684 <vPortYield>
     be2:	08 c0       	rjmp	.+16     	; 0xbf4 <xQueueGenericReset+0x6e>
     be4:	ce 01       	movw	r24, r28
     be6:	08 96       	adiw	r24, 0x08	; 8
     be8:	0e 94 12 02 	call	0x424	; 0x424 <vListInitialise>
     bec:	ce 01       	movw	r24, r28
     bee:	41 96       	adiw	r24, 0x11	; 17
     bf0:	0e 94 12 02 	call	0x424	; 0x424 <vListInitialise>
     bf4:	0f 90       	pop	r0
     bf6:	0f be       	out	0x3f, r0	; 63
     bf8:	81 e0       	ldi	r24, 0x01	; 1
     bfa:	df 91       	pop	r29
     bfc:	cf 91       	pop	r28
     bfe:	08 95       	ret

00000c00 <xQueueGenericCreate>:
     c00:	0f 93       	push	r16
     c02:	1f 93       	push	r17
     c04:	cf 93       	push	r28
     c06:	df 93       	push	r29
     c08:	08 2f       	mov	r16, r24
     c0a:	16 2f       	mov	r17, r22
     c0c:	66 23       	and	r22, r22
     c0e:	c9 f0       	breq	.+50     	; 0xc42 <xQueueGenericCreate+0x42>
     c10:	86 9f       	mul	r24, r22
     c12:	c0 01       	movw	r24, r0
     c14:	11 24       	eor	r1, r1
     c16:	82 96       	adiw	r24, 0x22	; 34
     c18:	0e 94 04 04 	call	0x808	; 0x808 <pvPortMalloc>
     c1c:	ec 01       	movw	r28, r24
     c1e:	00 97       	sbiw	r24, 0x00	; 0
     c20:	21 f4       	brne	.+8      	; 0xc2a <xQueueGenericCreate+0x2a>
     c22:	16 c0       	rjmp	.+44     	; 0xc50 <xQueueGenericCreate+0x50>
     c24:	d9 83       	std	Y+1, r29	; 0x01
     c26:	c8 83       	st	Y, r28
     c28:	03 c0       	rjmp	.+6      	; 0xc30 <xQueueGenericCreate+0x30>
     c2a:	81 96       	adiw	r24, 0x21	; 33
     c2c:	99 83       	std	Y+1, r25	; 0x01
     c2e:	88 83       	st	Y, r24
     c30:	0b 8f       	std	Y+27, r16	; 0x1b
     c32:	1c 8f       	std	Y+28, r17	; 0x1c
     c34:	61 e0       	ldi	r22, 0x01	; 1
     c36:	ce 01       	movw	r24, r28
     c38:	0e 94 c3 05 	call	0xb86	; 0xb86 <xQueueGenericReset>
     c3c:	18 a2       	std	Y+32, r1	; 0x20
     c3e:	1f 8e       	std	Y+31, r1	; 0x1f
     c40:	07 c0       	rjmp	.+14     	; 0xc50 <xQueueGenericCreate+0x50>
     c42:	81 e2       	ldi	r24, 0x21	; 33
     c44:	90 e0       	ldi	r25, 0x00	; 0
     c46:	0e 94 04 04 	call	0x808	; 0x808 <pvPortMalloc>
     c4a:	ec 01       	movw	r28, r24
     c4c:	89 2b       	or	r24, r25
     c4e:	51 f7       	brne	.-44     	; 0xc24 <xQueueGenericCreate+0x24>
     c50:	ce 01       	movw	r24, r28
     c52:	df 91       	pop	r29
     c54:	cf 91       	pop	r28
     c56:	1f 91       	pop	r17
     c58:	0f 91       	pop	r16
     c5a:	08 95       	ret

00000c5c <xQueueGenericSend>:
     c5c:	9f 92       	push	r9
     c5e:	af 92       	push	r10
     c60:	bf 92       	push	r11
     c62:	cf 92       	push	r12
     c64:	df 92       	push	r13
     c66:	ef 92       	push	r14
     c68:	ff 92       	push	r15
     c6a:	0f 93       	push	r16
     c6c:	1f 93       	push	r17
     c6e:	cf 93       	push	r28
     c70:	df 93       	push	r29
     c72:	00 d0       	rcall	.+0      	; 0xc74 <xQueueGenericSend+0x18>
     c74:	00 d0       	rcall	.+0      	; 0xc76 <xQueueGenericSend+0x1a>
     c76:	1f 92       	push	r1
     c78:	cd b7       	in	r28, 0x3d	; 61
     c7a:	de b7       	in	r29, 0x3e	; 62
     c7c:	8c 01       	movw	r16, r24
     c7e:	6b 01       	movw	r12, r22
     c80:	5d 83       	std	Y+5, r21	; 0x05
     c82:	4c 83       	std	Y+4, r20	; 0x04
     c84:	a2 2e       	mov	r10, r18
     c86:	b1 2c       	mov	r11, r1
     c88:	99 24       	eor	r9, r9
     c8a:	93 94       	inc	r9
     c8c:	7c 01       	movw	r14, r24
     c8e:	88 e0       	ldi	r24, 0x08	; 8
     c90:	e8 0e       	add	r14, r24
     c92:	f1 1c       	adc	r15, r1
     c94:	0f b6       	in	r0, 0x3f	; 63
     c96:	f8 94       	cli
     c98:	0f 92       	push	r0
     c9a:	f8 01       	movw	r30, r16
     c9c:	92 8d       	ldd	r25, Z+26	; 0x1a
     c9e:	83 8d       	ldd	r24, Z+27	; 0x1b
     ca0:	98 17       	cp	r25, r24
     ca2:	18 f0       	brcs	.+6      	; 0xcaa <xQueueGenericSend+0x4e>
     ca4:	f2 e0       	ldi	r31, 0x02	; 2
     ca6:	af 12       	cpse	r10, r31
     ca8:	27 c0       	rjmp	.+78     	; 0xcf8 <xQueueGenericSend+0x9c>
     caa:	4a 2d       	mov	r20, r10
     cac:	b6 01       	movw	r22, r12
     cae:	c8 01       	movw	r24, r16
     cb0:	0e 94 d1 04 	call	0x9a2	; 0x9a2 <prvCopyDataToQueue>
     cb4:	f8 01       	movw	r30, r16
     cb6:	27 8d       	ldd	r18, Z+31	; 0x1f
     cb8:	30 a1       	ldd	r19, Z+32	; 0x20
     cba:	23 2b       	or	r18, r19
     cbc:	49 f0       	breq	.+18     	; 0xcd0 <xQueueGenericSend+0x74>
     cbe:	6a 2d       	mov	r22, r10
     cc0:	c8 01       	movw	r24, r16
     cc2:	0e 94 1c 05 	call	0xa38	; 0xa38 <prvNotifyQueueSetContainer>
     cc6:	81 30       	cpi	r24, 0x01	; 1
     cc8:	99 f4       	brne	.+38     	; 0xcf0 <xQueueGenericSend+0x94>
     cca:	0e 94 42 03 	call	0x684	; 0x684 <vPortYield>
     cce:	10 c0       	rjmp	.+32     	; 0xcf0 <xQueueGenericSend+0x94>
     cd0:	f8 01       	movw	r30, r16
     cd2:	91 89       	ldd	r25, Z+17	; 0x11
     cd4:	99 23       	and	r25, r25
     cd6:	49 f0       	breq	.+18     	; 0xcea <xQueueGenericSend+0x8e>
     cd8:	c8 01       	movw	r24, r16
     cda:	41 96       	adiw	r24, 0x11	; 17
     cdc:	0e 94 56 0b 	call	0x16ac	; 0x16ac <xTaskRemoveFromEventList>
     ce0:	81 30       	cpi	r24, 0x01	; 1
     ce2:	31 f4       	brne	.+12     	; 0xcf0 <xQueueGenericSend+0x94>
     ce4:	0e 94 42 03 	call	0x684	; 0x684 <vPortYield>
     ce8:	03 c0       	rjmp	.+6      	; 0xcf0 <xQueueGenericSend+0x94>
     cea:	81 11       	cpse	r24, r1
     cec:	0e 94 42 03 	call	0x684	; 0x684 <vPortYield>
     cf0:	0f 90       	pop	r0
     cf2:	0f be       	out	0x3f, r0	; 63
     cf4:	81 e0       	ldi	r24, 0x01	; 1
     cf6:	50 c0       	rjmp	.+160    	; 0xd98 <xQueueGenericSend+0x13c>
     cf8:	8c 81       	ldd	r24, Y+4	; 0x04
     cfa:	9d 81       	ldd	r25, Y+5	; 0x05
     cfc:	89 2b       	or	r24, r25
     cfe:	21 f4       	brne	.+8      	; 0xd08 <xQueueGenericSend+0xac>
     d00:	0f 90       	pop	r0
     d02:	0f be       	out	0x3f, r0	; 63
     d04:	80 e0       	ldi	r24, 0x00	; 0
     d06:	48 c0       	rjmp	.+144    	; 0xd98 <xQueueGenericSend+0x13c>
     d08:	b1 10       	cpse	r11, r1
     d0a:	05 c0       	rjmp	.+10     	; 0xd16 <xQueueGenericSend+0xba>
     d0c:	ce 01       	movw	r24, r28
     d0e:	01 96       	adiw	r24, 0x01	; 1
     d10:	0e 94 9e 0b 	call	0x173c	; 0x173c <vTaskSetTimeOutState>
     d14:	b9 2c       	mov	r11, r9
     d16:	0f 90       	pop	r0
     d18:	0f be       	out	0x3f, r0	; 63
     d1a:	0e 94 1b 09 	call	0x1236	; 0x1236 <vTaskSuspendAll>
     d1e:	0f b6       	in	r0, 0x3f	; 63
     d20:	f8 94       	cli
     d22:	0f 92       	push	r0
     d24:	f8 01       	movw	r30, r16
     d26:	85 8d       	ldd	r24, Z+29	; 0x1d
     d28:	8f 3f       	cpi	r24, 0xFF	; 255
     d2a:	09 f4       	brne	.+2      	; 0xd2e <xQueueGenericSend+0xd2>
     d2c:	15 8e       	std	Z+29, r1	; 0x1d
     d2e:	f8 01       	movw	r30, r16
     d30:	86 8d       	ldd	r24, Z+30	; 0x1e
     d32:	8f 3f       	cpi	r24, 0xFF	; 255
     d34:	09 f4       	brne	.+2      	; 0xd38 <xQueueGenericSend+0xdc>
     d36:	16 8e       	std	Z+30, r1	; 0x1e
     d38:	0f 90       	pop	r0
     d3a:	0f be       	out	0x3f, r0	; 63
     d3c:	be 01       	movw	r22, r28
     d3e:	6c 5f       	subi	r22, 0xFC	; 252
     d40:	7f 4f       	sbci	r23, 0xFF	; 255
     d42:	ce 01       	movw	r24, r28
     d44:	01 96       	adiw	r24, 0x01	; 1
     d46:	0e 94 a9 0b 	call	0x1752	; 0x1752 <xTaskCheckForTimeOut>
     d4a:	81 11       	cpse	r24, r1
     d4c:	1f c0       	rjmp	.+62     	; 0xd8c <xQueueGenericSend+0x130>
     d4e:	0f b6       	in	r0, 0x3f	; 63
     d50:	f8 94       	cli
     d52:	0f 92       	push	r0
     d54:	f8 01       	movw	r30, r16
     d56:	92 8d       	ldd	r25, Z+26	; 0x1a
     d58:	0f 90       	pop	r0
     d5a:	0f be       	out	0x3f, r0	; 63
     d5c:	83 8d       	ldd	r24, Z+27	; 0x1b
     d5e:	98 13       	cpse	r25, r24
     d60:	0f c0       	rjmp	.+30     	; 0xd80 <xQueueGenericSend+0x124>
     d62:	6c 81       	ldd	r22, Y+4	; 0x04
     d64:	7d 81       	ldd	r23, Y+5	; 0x05
     d66:	c7 01       	movw	r24, r14
     d68:	0e 94 2a 0b 	call	0x1654	; 0x1654 <vTaskPlaceOnEventList>
     d6c:	c8 01       	movw	r24, r16
     d6e:	0e 94 6f 05 	call	0xade	; 0xade <prvUnlockQueue>
     d72:	0e 94 de 09 	call	0x13bc	; 0x13bc <xTaskResumeAll>
     d76:	81 11       	cpse	r24, r1
     d78:	8d cf       	rjmp	.-230    	; 0xc94 <xQueueGenericSend+0x38>
     d7a:	0e 94 42 03 	call	0x684	; 0x684 <vPortYield>
     d7e:	8a cf       	rjmp	.-236    	; 0xc94 <xQueueGenericSend+0x38>
     d80:	c8 01       	movw	r24, r16
     d82:	0e 94 6f 05 	call	0xade	; 0xade <prvUnlockQueue>
     d86:	0e 94 de 09 	call	0x13bc	; 0x13bc <xTaskResumeAll>
     d8a:	84 cf       	rjmp	.-248    	; 0xc94 <xQueueGenericSend+0x38>
     d8c:	c8 01       	movw	r24, r16
     d8e:	0e 94 6f 05 	call	0xade	; 0xade <prvUnlockQueue>
     d92:	0e 94 de 09 	call	0x13bc	; 0x13bc <xTaskResumeAll>
     d96:	80 e0       	ldi	r24, 0x00	; 0
     d98:	0f 90       	pop	r0
     d9a:	0f 90       	pop	r0
     d9c:	0f 90       	pop	r0
     d9e:	0f 90       	pop	r0
     da0:	0f 90       	pop	r0
     da2:	df 91       	pop	r29
     da4:	cf 91       	pop	r28
     da6:	1f 91       	pop	r17
     da8:	0f 91       	pop	r16
     daa:	ff 90       	pop	r15
     dac:	ef 90       	pop	r14
     dae:	df 90       	pop	r13
     db0:	cf 90       	pop	r12
     db2:	bf 90       	pop	r11
     db4:	af 90       	pop	r10
     db6:	9f 90       	pop	r9
     db8:	08 95       	ret

00000dba <xQueueGenericReceive>:
     dba:	9f 92       	push	r9
     dbc:	af 92       	push	r10
     dbe:	bf 92       	push	r11
     dc0:	cf 92       	push	r12
     dc2:	df 92       	push	r13
     dc4:	ef 92       	push	r14
     dc6:	ff 92       	push	r15
     dc8:	0f 93       	push	r16
     dca:	1f 93       	push	r17
     dcc:	cf 93       	push	r28
     dce:	df 93       	push	r29
     dd0:	00 d0       	rcall	.+0      	; 0xdd2 <xQueueGenericReceive+0x18>
     dd2:	00 d0       	rcall	.+0      	; 0xdd4 <xQueueGenericReceive+0x1a>
     dd4:	1f 92       	push	r1
     dd6:	cd b7       	in	r28, 0x3d	; 61
     dd8:	de b7       	in	r29, 0x3e	; 62
     dda:	8c 01       	movw	r16, r24
     ddc:	6b 01       	movw	r12, r22
     dde:	5d 83       	std	Y+5, r21	; 0x05
     de0:	4c 83       	std	Y+4, r20	; 0x04
     de2:	92 2e       	mov	r9, r18
     de4:	b1 2c       	mov	r11, r1
     de6:	aa 24       	eor	r10, r10
     de8:	a3 94       	inc	r10
     dea:	7c 01       	movw	r14, r24
     dec:	81 e1       	ldi	r24, 0x11	; 17
     dee:	e8 0e       	add	r14, r24
     df0:	f1 1c       	adc	r15, r1
     df2:	0f b6       	in	r0, 0x3f	; 63
     df4:	f8 94       	cli
     df6:	0f 92       	push	r0
     df8:	f8 01       	movw	r30, r16
     dfa:	82 8d       	ldd	r24, Z+26	; 0x1a
     dfc:	88 23       	and	r24, r24
     dfe:	49 f1       	breq	.+82     	; 0xe52 <xQueueGenericReceive+0x98>
     e00:	e6 80       	ldd	r14, Z+6	; 0x06
     e02:	f7 80       	ldd	r15, Z+7	; 0x07
     e04:	b6 01       	movw	r22, r12
     e06:	c8 01       	movw	r24, r16
     e08:	0e 94 55 05 	call	0xaaa	; 0xaaa <prvCopyDataFromQueue>
     e0c:	91 10       	cpse	r9, r1
     e0e:	10 c0       	rjmp	.+32     	; 0xe30 <xQueueGenericReceive+0x76>
     e10:	f8 01       	movw	r30, r16
     e12:	82 8d       	ldd	r24, Z+26	; 0x1a
     e14:	81 50       	subi	r24, 0x01	; 1
     e16:	82 8f       	std	Z+26, r24	; 0x1a
     e18:	80 85       	ldd	r24, Z+8	; 0x08
     e1a:	88 23       	and	r24, r24
     e1c:	b1 f0       	breq	.+44     	; 0xe4a <xQueueGenericReceive+0x90>
     e1e:	c8 01       	movw	r24, r16
     e20:	08 96       	adiw	r24, 0x08	; 8
     e22:	0e 94 56 0b 	call	0x16ac	; 0x16ac <xTaskRemoveFromEventList>
     e26:	81 30       	cpi	r24, 0x01	; 1
     e28:	81 f4       	brne	.+32     	; 0xe4a <xQueueGenericReceive+0x90>
     e2a:	0e 94 42 03 	call	0x684	; 0x684 <vPortYield>
     e2e:	0d c0       	rjmp	.+26     	; 0xe4a <xQueueGenericReceive+0x90>
     e30:	f8 01       	movw	r30, r16
     e32:	f7 82       	std	Z+7, r15	; 0x07
     e34:	e6 82       	std	Z+6, r14	; 0x06
     e36:	81 89       	ldd	r24, Z+17	; 0x11
     e38:	88 23       	and	r24, r24
     e3a:	39 f0       	breq	.+14     	; 0xe4a <xQueueGenericReceive+0x90>
     e3c:	c8 01       	movw	r24, r16
     e3e:	41 96       	adiw	r24, 0x11	; 17
     e40:	0e 94 56 0b 	call	0x16ac	; 0x16ac <xTaskRemoveFromEventList>
     e44:	81 11       	cpse	r24, r1
     e46:	0e 94 42 03 	call	0x684	; 0x684 <vPortYield>
     e4a:	0f 90       	pop	r0
     e4c:	0f be       	out	0x3f, r0	; 63
     e4e:	81 e0       	ldi	r24, 0x01	; 1
     e50:	4f c0       	rjmp	.+158    	; 0xef0 <xQueueGenericReceive+0x136>
     e52:	8c 81       	ldd	r24, Y+4	; 0x04
     e54:	9d 81       	ldd	r25, Y+5	; 0x05
     e56:	89 2b       	or	r24, r25
     e58:	21 f4       	brne	.+8      	; 0xe62 <xQueueGenericReceive+0xa8>
     e5a:	0f 90       	pop	r0
     e5c:	0f be       	out	0x3f, r0	; 63
     e5e:	80 e0       	ldi	r24, 0x00	; 0
     e60:	47 c0       	rjmp	.+142    	; 0xef0 <xQueueGenericReceive+0x136>
     e62:	b1 10       	cpse	r11, r1
     e64:	05 c0       	rjmp	.+10     	; 0xe70 <xQueueGenericReceive+0xb6>
     e66:	ce 01       	movw	r24, r28
     e68:	01 96       	adiw	r24, 0x01	; 1
     e6a:	0e 94 9e 0b 	call	0x173c	; 0x173c <vTaskSetTimeOutState>
     e6e:	ba 2c       	mov	r11, r10
     e70:	0f 90       	pop	r0
     e72:	0f be       	out	0x3f, r0	; 63
     e74:	0e 94 1b 09 	call	0x1236	; 0x1236 <vTaskSuspendAll>
     e78:	0f b6       	in	r0, 0x3f	; 63
     e7a:	f8 94       	cli
     e7c:	0f 92       	push	r0
     e7e:	f8 01       	movw	r30, r16
     e80:	85 8d       	ldd	r24, Z+29	; 0x1d
     e82:	8f 3f       	cpi	r24, 0xFF	; 255
     e84:	09 f4       	brne	.+2      	; 0xe88 <xQueueGenericReceive+0xce>
     e86:	15 8e       	std	Z+29, r1	; 0x1d
     e88:	f8 01       	movw	r30, r16
     e8a:	86 8d       	ldd	r24, Z+30	; 0x1e
     e8c:	8f 3f       	cpi	r24, 0xFF	; 255
     e8e:	09 f4       	brne	.+2      	; 0xe92 <xQueueGenericReceive+0xd8>
     e90:	16 8e       	std	Z+30, r1	; 0x1e
     e92:	0f 90       	pop	r0
     e94:	0f be       	out	0x3f, r0	; 63
     e96:	be 01       	movw	r22, r28
     e98:	6c 5f       	subi	r22, 0xFC	; 252
     e9a:	7f 4f       	sbci	r23, 0xFF	; 255
     e9c:	ce 01       	movw	r24, r28
     e9e:	01 96       	adiw	r24, 0x01	; 1
     ea0:	0e 94 a9 0b 	call	0x1752	; 0x1752 <xTaskCheckForTimeOut>
     ea4:	81 11       	cpse	r24, r1
     ea6:	1e c0       	rjmp	.+60     	; 0xee4 <xQueueGenericReceive+0x12a>
     ea8:	0f b6       	in	r0, 0x3f	; 63
     eaa:	f8 94       	cli
     eac:	0f 92       	push	r0
     eae:	f8 01       	movw	r30, r16
     eb0:	82 8d       	ldd	r24, Z+26	; 0x1a
     eb2:	0f 90       	pop	r0
     eb4:	0f be       	out	0x3f, r0	; 63
     eb6:	81 11       	cpse	r24, r1
     eb8:	0f c0       	rjmp	.+30     	; 0xed8 <xQueueGenericReceive+0x11e>
     eba:	6c 81       	ldd	r22, Y+4	; 0x04
     ebc:	7d 81       	ldd	r23, Y+5	; 0x05
     ebe:	c7 01       	movw	r24, r14
     ec0:	0e 94 2a 0b 	call	0x1654	; 0x1654 <vTaskPlaceOnEventList>
     ec4:	c8 01       	movw	r24, r16
     ec6:	0e 94 6f 05 	call	0xade	; 0xade <prvUnlockQueue>
     eca:	0e 94 de 09 	call	0x13bc	; 0x13bc <xTaskResumeAll>
     ece:	81 11       	cpse	r24, r1
     ed0:	90 cf       	rjmp	.-224    	; 0xdf2 <xQueueGenericReceive+0x38>
     ed2:	0e 94 42 03 	call	0x684	; 0x684 <vPortYield>
     ed6:	8d cf       	rjmp	.-230    	; 0xdf2 <xQueueGenericReceive+0x38>
     ed8:	c8 01       	movw	r24, r16
     eda:	0e 94 6f 05 	call	0xade	; 0xade <prvUnlockQueue>
     ede:	0e 94 de 09 	call	0x13bc	; 0x13bc <xTaskResumeAll>
     ee2:	87 cf       	rjmp	.-242    	; 0xdf2 <xQueueGenericReceive+0x38>
     ee4:	c8 01       	movw	r24, r16
     ee6:	0e 94 6f 05 	call	0xade	; 0xade <prvUnlockQueue>
     eea:	0e 94 de 09 	call	0x13bc	; 0x13bc <xTaskResumeAll>
     eee:	80 e0       	ldi	r24, 0x00	; 0
     ef0:	0f 90       	pop	r0
     ef2:	0f 90       	pop	r0
     ef4:	0f 90       	pop	r0
     ef6:	0f 90       	pop	r0
     ef8:	0f 90       	pop	r0
     efa:	df 91       	pop	r29
     efc:	cf 91       	pop	r28
     efe:	1f 91       	pop	r17
     f00:	0f 91       	pop	r16
     f02:	ff 90       	pop	r15
     f04:	ef 90       	pop	r14
     f06:	df 90       	pop	r13
     f08:	cf 90       	pop	r12
     f0a:	bf 90       	pop	r11
     f0c:	af 90       	pop	r10
     f0e:	9f 90       	pop	r9
     f10:	08 95       	ret

00000f12 <prvResetNextTaskUnblockTime>:
     f12:	e0 91 28 08 	lds	r30, 0x0828	; 0x800828 <pxDelayedTaskList>
     f16:	f0 91 29 08 	lds	r31, 0x0829	; 0x800829 <pxDelayedTaskList+0x1>
     f1a:	80 81       	ld	r24, Z
     f1c:	81 11       	cpse	r24, r1
     f1e:	07 c0       	rjmp	.+14     	; 0xf2e <prvResetNextTaskUnblockTime+0x1c>
     f20:	8f ef       	ldi	r24, 0xFF	; 255
     f22:	9f ef       	ldi	r25, 0xFF	; 255
     f24:	90 93 03 01 	sts	0x0103, r25	; 0x800103 <xNextTaskUnblockTime+0x1>
     f28:	80 93 02 01 	sts	0x0102, r24	; 0x800102 <xNextTaskUnblockTime>
     f2c:	08 95       	ret
     f2e:	e0 91 28 08 	lds	r30, 0x0828	; 0x800828 <pxDelayedTaskList>
     f32:	f0 91 29 08 	lds	r31, 0x0829	; 0x800829 <pxDelayedTaskList+0x1>
     f36:	05 80       	ldd	r0, Z+5	; 0x05
     f38:	f6 81       	ldd	r31, Z+6	; 0x06
     f3a:	e0 2d       	mov	r30, r0
     f3c:	06 80       	ldd	r0, Z+6	; 0x06
     f3e:	f7 81       	ldd	r31, Z+7	; 0x07
     f40:	e0 2d       	mov	r30, r0
     f42:	82 81       	ldd	r24, Z+2	; 0x02
     f44:	93 81       	ldd	r25, Z+3	; 0x03
     f46:	90 93 03 01 	sts	0x0103, r25	; 0x800103 <xNextTaskUnblockTime+0x1>
     f4a:	80 93 02 01 	sts	0x0102, r24	; 0x800102 <xNextTaskUnblockTime>
     f4e:	08 95       	ret

00000f50 <prvAddCurrentTaskToDelayedList>:
     f50:	cf 93       	push	r28
     f52:	df 93       	push	r29
     f54:	ec 01       	movw	r28, r24
     f56:	e0 91 60 08 	lds	r30, 0x0860	; 0x800860 <pxCurrentTCB>
     f5a:	f0 91 61 08 	lds	r31, 0x0861	; 0x800861 <pxCurrentTCB+0x1>
     f5e:	93 83       	std	Z+3, r25	; 0x03
     f60:	82 83       	std	Z+2, r24	; 0x02
     f62:	80 91 07 08 	lds	r24, 0x0807	; 0x800807 <xTickCount>
     f66:	90 91 08 08 	lds	r25, 0x0808	; 0x800808 <xTickCount+0x1>
     f6a:	c8 17       	cp	r28, r24
     f6c:	d9 07       	cpc	r29, r25
     f6e:	68 f4       	brcc	.+26     	; 0xf8a <prvAddCurrentTaskToDelayedList+0x3a>
     f70:	60 91 60 08 	lds	r22, 0x0860	; 0x800860 <pxCurrentTCB>
     f74:	70 91 61 08 	lds	r23, 0x0861	; 0x800861 <pxCurrentTCB+0x1>
     f78:	80 91 26 08 	lds	r24, 0x0826	; 0x800826 <pxOverflowDelayedTaskList>
     f7c:	90 91 27 08 	lds	r25, 0x0827	; 0x800827 <pxOverflowDelayedTaskList+0x1>
     f80:	6e 5f       	subi	r22, 0xFE	; 254
     f82:	7f 4f       	sbci	r23, 0xFF	; 255
     f84:	0e 94 45 02 	call	0x48a	; 0x48a <vListInsert>
     f88:	17 c0       	rjmp	.+46     	; 0xfb8 <prvAddCurrentTaskToDelayedList+0x68>
     f8a:	60 91 60 08 	lds	r22, 0x0860	; 0x800860 <pxCurrentTCB>
     f8e:	70 91 61 08 	lds	r23, 0x0861	; 0x800861 <pxCurrentTCB+0x1>
     f92:	80 91 28 08 	lds	r24, 0x0828	; 0x800828 <pxDelayedTaskList>
     f96:	90 91 29 08 	lds	r25, 0x0829	; 0x800829 <pxDelayedTaskList+0x1>
     f9a:	6e 5f       	subi	r22, 0xFE	; 254
     f9c:	7f 4f       	sbci	r23, 0xFF	; 255
     f9e:	0e 94 45 02 	call	0x48a	; 0x48a <vListInsert>
     fa2:	80 91 02 01 	lds	r24, 0x0102	; 0x800102 <xNextTaskUnblockTime>
     fa6:	90 91 03 01 	lds	r25, 0x0103	; 0x800103 <xNextTaskUnblockTime+0x1>
     faa:	c8 17       	cp	r28, r24
     fac:	d9 07       	cpc	r29, r25
     fae:	20 f4       	brcc	.+8      	; 0xfb8 <prvAddCurrentTaskToDelayedList+0x68>
     fb0:	d0 93 03 01 	sts	0x0103, r29	; 0x800103 <xNextTaskUnblockTime+0x1>
     fb4:	c0 93 02 01 	sts	0x0102, r28	; 0x800102 <xNextTaskUnblockTime>
     fb8:	df 91       	pop	r29
     fba:	cf 91       	pop	r28
     fbc:	08 95       	ret

00000fbe <xTaskGenericCreate>:
     fbe:	4f 92       	push	r4
     fc0:	5f 92       	push	r5
     fc2:	6f 92       	push	r6
     fc4:	7f 92       	push	r7
     fc6:	8f 92       	push	r8
     fc8:	9f 92       	push	r9
     fca:	af 92       	push	r10
     fcc:	bf 92       	push	r11
     fce:	cf 92       	push	r12
     fd0:	df 92       	push	r13
     fd2:	ef 92       	push	r14
     fd4:	ff 92       	push	r15
     fd6:	0f 93       	push	r16
     fd8:	1f 93       	push	r17
     fda:	cf 93       	push	r28
     fdc:	df 93       	push	r29
     fde:	4c 01       	movw	r8, r24
     fe0:	eb 01       	movw	r28, r22
     fe2:	5a 01       	movw	r10, r20
     fe4:	29 01       	movw	r4, r18
     fe6:	c1 14       	cp	r12, r1
     fe8:	d1 04       	cpc	r13, r1
     fea:	39 f4       	brne	.+14     	; 0xffa <xTaskGenericCreate+0x3c>
     fec:	ca 01       	movw	r24, r20
     fee:	0e 94 04 04 	call	0x808	; 0x808 <pvPortMalloc>
     ff2:	6c 01       	movw	r12, r24
     ff4:	89 2b       	or	r24, r25
     ff6:	09 f4       	brne	.+2      	; 0xffa <xTaskGenericCreate+0x3c>
     ff8:	e1 c0       	rjmp	.+450    	; 0x11bc <xTaskGenericCreate+0x1fe>
     ffa:	86 e2       	ldi	r24, 0x26	; 38
     ffc:	90 e0       	ldi	r25, 0x00	; 0
     ffe:	0e 94 04 04 	call	0x808	; 0x808 <pvPortMalloc>
    1002:	3c 01       	movw	r6, r24
    1004:	00 97       	sbiw	r24, 0x00	; 0
    1006:	79 f0       	breq	.+30     	; 0x1026 <xTaskGenericCreate+0x68>
    1008:	fc 01       	movw	r30, r24
    100a:	d0 8e       	std	Z+24, r13	; 0x18
    100c:	c7 8a       	std	Z+23, r12	; 0x17
    100e:	f1 e0       	ldi	r31, 0x01	; 1
    1010:	af 1a       	sub	r10, r31
    1012:	b1 08       	sbc	r11, r1
    1014:	ca 0c       	add	r12, r10
    1016:	db 1c       	adc	r13, r11
    1018:	88 81       	ld	r24, Y
    101a:	f3 01       	movw	r30, r6
    101c:	81 8f       	std	Z+25, r24	; 0x19
    101e:	88 81       	ld	r24, Y
    1020:	81 11       	cpse	r24, r1
    1022:	05 c0       	rjmp	.+10     	; 0x102e <xTaskGenericCreate+0x70>
    1024:	14 c0       	rjmp	.+40     	; 0x104e <xTaskGenericCreate+0x90>
    1026:	c6 01       	movw	r24, r12
    1028:	0e 94 9e 04 	call	0x93c	; 0x93c <vPortFree>
    102c:	c7 c0       	rjmp	.+398    	; 0x11bc <xTaskGenericCreate+0x1fe>
    102e:	d3 01       	movw	r26, r6
    1030:	5a 96       	adiw	r26, 0x1a	; 26
    1032:	fe 01       	movw	r30, r28
    1034:	31 96       	adiw	r30, 0x01	; 1
    1036:	9e 01       	movw	r18, r28
    1038:	28 5f       	subi	r18, 0xF8	; 248
    103a:	3f 4f       	sbci	r19, 0xFF	; 255
    103c:	ef 01       	movw	r28, r30
    103e:	81 91       	ld	r24, Z+
    1040:	8d 93       	st	X+, r24
    1042:	88 81       	ld	r24, Y
    1044:	88 23       	and	r24, r24
    1046:	19 f0       	breq	.+6      	; 0x104e <xTaskGenericCreate+0x90>
    1048:	e2 17       	cp	r30, r18
    104a:	f3 07       	cpc	r31, r19
    104c:	b9 f7       	brne	.-18     	; 0x103c <xTaskGenericCreate+0x7e>
    104e:	f3 01       	movw	r30, r6
    1050:	10 a2       	std	Z+32, r1	; 0x20
    1052:	10 2f       	mov	r17, r16
    1054:	04 30       	cpi	r16, 0x04	; 4
    1056:	08 f0       	brcs	.+2      	; 0x105a <xTaskGenericCreate+0x9c>
    1058:	13 e0       	ldi	r17, 0x03	; 3
    105a:	f3 01       	movw	r30, r6
    105c:	16 8b       	std	Z+22, r17	; 0x16
    105e:	e3 01       	movw	r28, r6
    1060:	22 96       	adiw	r28, 0x02	; 2
    1062:	ce 01       	movw	r24, r28
    1064:	0e 94 20 02 	call	0x440	; 0x440 <vListInitialiseItem>
    1068:	c3 01       	movw	r24, r6
    106a:	0c 96       	adiw	r24, 0x0c	; 12
    106c:	0e 94 20 02 	call	0x440	; 0x440 <vListInitialiseItem>
    1070:	f3 01       	movw	r30, r6
    1072:	71 86       	std	Z+9, r7	; 0x09
    1074:	60 86       	std	Z+8, r6	; 0x08
    1076:	84 e0       	ldi	r24, 0x04	; 4
    1078:	90 e0       	ldi	r25, 0x00	; 0
    107a:	81 1b       	sub	r24, r17
    107c:	91 09       	sbc	r25, r1
    107e:	95 87       	std	Z+13, r25	; 0x0d
    1080:	84 87       	std	Z+12, r24	; 0x0c
    1082:	73 8a       	std	Z+19, r7	; 0x13
    1084:	62 8a       	std	Z+18, r6	; 0x12
    1086:	11 a2       	std	Z+33, r1	; 0x21
    1088:	12 a2       	std	Z+34, r1	; 0x22
    108a:	13 a2       	std	Z+35, r1	; 0x23
    108c:	14 a2       	std	Z+36, r1	; 0x24
    108e:	15 a2       	std	Z+37, r1	; 0x25
    1090:	a2 01       	movw	r20, r4
    1092:	b4 01       	movw	r22, r8
    1094:	c6 01       	movw	r24, r12
    1096:	0e 94 9c 02 	call	0x538	; 0x538 <pxPortInitialiseStack>
    109a:	f3 01       	movw	r30, r6
    109c:	91 83       	std	Z+1, r25	; 0x01
    109e:	80 83       	st	Z, r24
    10a0:	e1 14       	cp	r14, r1
    10a2:	f1 04       	cpc	r15, r1
    10a4:	19 f0       	breq	.+6      	; 0x10ac <xTaskGenericCreate+0xee>
    10a6:	f7 01       	movw	r30, r14
    10a8:	71 82       	std	Z+1, r7	; 0x01
    10aa:	60 82       	st	Z, r6
    10ac:	0f b6       	in	r0, 0x3f	; 63
    10ae:	f8 94       	cli
    10b0:	0f 92       	push	r0
    10b2:	80 91 09 08 	lds	r24, 0x0809	; 0x800809 <uxCurrentNumberOfTasks>
    10b6:	8f 5f       	subi	r24, 0xFF	; 255
    10b8:	80 93 09 08 	sts	0x0809, r24	; 0x800809 <uxCurrentNumberOfTasks>
    10bc:	80 91 60 08 	lds	r24, 0x0860	; 0x800860 <pxCurrentTCB>
    10c0:	90 91 61 08 	lds	r25, 0x0861	; 0x800861 <pxCurrentTCB+0x1>
    10c4:	89 2b       	or	r24, r25
    10c6:	d1 f5       	brne	.+116    	; 0x113c <xTaskGenericCreate+0x17e>
    10c8:	70 92 61 08 	sts	0x0861, r7	; 0x800861 <pxCurrentTCB+0x1>
    10cc:	60 92 60 08 	sts	0x0860, r6	; 0x800860 <pxCurrentTCB>
    10d0:	80 91 09 08 	lds	r24, 0x0809	; 0x800809 <uxCurrentNumberOfTasks>
    10d4:	81 30       	cpi	r24, 0x01	; 1
    10d6:	09 f0       	breq	.+2      	; 0x10da <xTaskGenericCreate+0x11c>
    10d8:	40 c0       	rjmp	.+128    	; 0x115a <xTaskGenericCreate+0x19c>
    10da:	8c e3       	ldi	r24, 0x3C	; 60
    10dc:	98 e0       	ldi	r25, 0x08	; 8
    10de:	0e 94 12 02 	call	0x424	; 0x424 <vListInitialise>
    10e2:	85 e4       	ldi	r24, 0x45	; 69
    10e4:	98 e0       	ldi	r25, 0x08	; 8
    10e6:	0e 94 12 02 	call	0x424	; 0x424 <vListInitialise>
    10ea:	8e e4       	ldi	r24, 0x4E	; 78
    10ec:	98 e0       	ldi	r25, 0x08	; 8
    10ee:	0e 94 12 02 	call	0x424	; 0x424 <vListInitialise>
    10f2:	87 e5       	ldi	r24, 0x57	; 87
    10f4:	98 e0       	ldi	r25, 0x08	; 8
    10f6:	0e 94 12 02 	call	0x424	; 0x424 <vListInitialise>
    10fa:	83 e3       	ldi	r24, 0x33	; 51
    10fc:	98 e0       	ldi	r25, 0x08	; 8
    10fe:	0e 94 12 02 	call	0x424	; 0x424 <vListInitialise>
    1102:	8a e2       	ldi	r24, 0x2A	; 42
    1104:	98 e0       	ldi	r25, 0x08	; 8
    1106:	0e 94 12 02 	call	0x424	; 0x424 <vListInitialise>
    110a:	8d e1       	ldi	r24, 0x1D	; 29
    110c:	98 e0       	ldi	r25, 0x08	; 8
    110e:	0e 94 12 02 	call	0x424	; 0x424 <vListInitialise>
    1112:	84 e1       	ldi	r24, 0x14	; 20
    1114:	98 e0       	ldi	r25, 0x08	; 8
    1116:	0e 94 12 02 	call	0x424	; 0x424 <vListInitialise>
    111a:	8a e0       	ldi	r24, 0x0A	; 10
    111c:	98 e0       	ldi	r25, 0x08	; 8
    111e:	0e 94 12 02 	call	0x424	; 0x424 <vListInitialise>
    1122:	83 e3       	ldi	r24, 0x33	; 51
    1124:	98 e0       	ldi	r25, 0x08	; 8
    1126:	90 93 29 08 	sts	0x0829, r25	; 0x800829 <pxDelayedTaskList+0x1>
    112a:	80 93 28 08 	sts	0x0828, r24	; 0x800828 <pxDelayedTaskList>
    112e:	8a e2       	ldi	r24, 0x2A	; 42
    1130:	98 e0       	ldi	r25, 0x08	; 8
    1132:	90 93 27 08 	sts	0x0827, r25	; 0x800827 <pxOverflowDelayedTaskList+0x1>
    1136:	80 93 26 08 	sts	0x0826, r24	; 0x800826 <pxOverflowDelayedTaskList>
    113a:	0f c0       	rjmp	.+30     	; 0x115a <xTaskGenericCreate+0x19c>
    113c:	80 91 05 08 	lds	r24, 0x0805	; 0x800805 <xSchedulerRunning>
    1140:	81 11       	cpse	r24, r1
    1142:	0b c0       	rjmp	.+22     	; 0x115a <xTaskGenericCreate+0x19c>
    1144:	e0 91 60 08 	lds	r30, 0x0860	; 0x800860 <pxCurrentTCB>
    1148:	f0 91 61 08 	lds	r31, 0x0861	; 0x800861 <pxCurrentTCB+0x1>
    114c:	86 89       	ldd	r24, Z+22	; 0x16
    114e:	08 17       	cp	r16, r24
    1150:	20 f0       	brcs	.+8      	; 0x115a <xTaskGenericCreate+0x19c>
    1152:	70 92 61 08 	sts	0x0861, r7	; 0x800861 <pxCurrentTCB+0x1>
    1156:	60 92 60 08 	sts	0x0860, r6	; 0x800860 <pxCurrentTCB>
    115a:	80 91 01 08 	lds	r24, 0x0801	; 0x800801 <uxTaskNumber>
    115e:	8f 5f       	subi	r24, 0xFF	; 255
    1160:	80 93 01 08 	sts	0x0801, r24	; 0x800801 <uxTaskNumber>
    1164:	f3 01       	movw	r30, r6
    1166:	86 89       	ldd	r24, Z+22	; 0x16
    1168:	90 91 06 08 	lds	r25, 0x0806	; 0x800806 <uxTopReadyPriority>
    116c:	98 17       	cp	r25, r24
    116e:	10 f4       	brcc	.+4      	; 0x1174 <xTaskGenericCreate+0x1b6>
    1170:	80 93 06 08 	sts	0x0806, r24	; 0x800806 <uxTopReadyPriority>
    1174:	90 e0       	ldi	r25, 0x00	; 0
    1176:	9c 01       	movw	r18, r24
    1178:	22 0f       	add	r18, r18
    117a:	33 1f       	adc	r19, r19
    117c:	22 0f       	add	r18, r18
    117e:	33 1f       	adc	r19, r19
    1180:	22 0f       	add	r18, r18
    1182:	33 1f       	adc	r19, r19
    1184:	82 0f       	add	r24, r18
    1186:	93 1f       	adc	r25, r19
    1188:	be 01       	movw	r22, r28
    118a:	84 5c       	subi	r24, 0xC4	; 196
    118c:	97 4f       	sbci	r25, 0xF7	; 247
    118e:	0e 94 24 02 	call	0x448	; 0x448 <vListInsertEnd>
    1192:	0f 90       	pop	r0
    1194:	0f be       	out	0x3f, r0	; 63
    1196:	80 91 05 08 	lds	r24, 0x0805	; 0x800805 <xSchedulerRunning>
    119a:	88 23       	and	r24, r24
    119c:	59 f0       	breq	.+22     	; 0x11b4 <xTaskGenericCreate+0x1f6>
    119e:	e0 91 60 08 	lds	r30, 0x0860	; 0x800860 <pxCurrentTCB>
    11a2:	f0 91 61 08 	lds	r31, 0x0861	; 0x800861 <pxCurrentTCB+0x1>
    11a6:	86 89       	ldd	r24, Z+22	; 0x16
    11a8:	80 17       	cp	r24, r16
    11aa:	30 f4       	brcc	.+12     	; 0x11b8 <xTaskGenericCreate+0x1fa>
    11ac:	0e 94 42 03 	call	0x684	; 0x684 <vPortYield>
    11b0:	81 e0       	ldi	r24, 0x01	; 1
    11b2:	05 c0       	rjmp	.+10     	; 0x11be <xTaskGenericCreate+0x200>
    11b4:	81 e0       	ldi	r24, 0x01	; 1
    11b6:	03 c0       	rjmp	.+6      	; 0x11be <xTaskGenericCreate+0x200>
    11b8:	81 e0       	ldi	r24, 0x01	; 1
    11ba:	01 c0       	rjmp	.+2      	; 0x11be <xTaskGenericCreate+0x200>
    11bc:	8f ef       	ldi	r24, 0xFF	; 255
    11be:	df 91       	pop	r29
    11c0:	cf 91       	pop	r28
    11c2:	1f 91       	pop	r17
    11c4:	0f 91       	pop	r16
    11c6:	ff 90       	pop	r15
    11c8:	ef 90       	pop	r14
    11ca:	df 90       	pop	r13
    11cc:	cf 90       	pop	r12
    11ce:	bf 90       	pop	r11
    11d0:	af 90       	pop	r10
    11d2:	9f 90       	pop	r9
    11d4:	8f 90       	pop	r8
    11d6:	7f 90       	pop	r7
    11d8:	6f 90       	pop	r6
    11da:	5f 90       	pop	r5
    11dc:	4f 90       	pop	r4
    11de:	08 95       	ret

000011e0 <vTaskStartScheduler>:
    11e0:	af 92       	push	r10
    11e2:	bf 92       	push	r11
    11e4:	cf 92       	push	r12
    11e6:	df 92       	push	r13
    11e8:	ef 92       	push	r14
    11ea:	ff 92       	push	r15
    11ec:	0f 93       	push	r16
    11ee:	a1 2c       	mov	r10, r1
    11f0:	b1 2c       	mov	r11, r1
    11f2:	c1 2c       	mov	r12, r1
    11f4:	d1 2c       	mov	r13, r1
    11f6:	e1 2c       	mov	r14, r1
    11f8:	f1 2c       	mov	r15, r1
    11fa:	00 e0       	ldi	r16, 0x00	; 0
    11fc:	20 e0       	ldi	r18, 0x00	; 0
    11fe:	30 e0       	ldi	r19, 0x00	; 0
    1200:	45 e5       	ldi	r20, 0x55	; 85
    1202:	50 e0       	ldi	r21, 0x00	; 0
    1204:	63 e0       	ldi	r22, 0x03	; 3
    1206:	72 e0       	ldi	r23, 0x02	; 2
    1208:	80 e8       	ldi	r24, 0x80	; 128
    120a:	9a e0       	ldi	r25, 0x0A	; 10
    120c:	0e 94 df 07 	call	0xfbe	; 0xfbe <xTaskGenericCreate>
    1210:	81 30       	cpi	r24, 0x01	; 1
    1212:	49 f4       	brne	.+18     	; 0x1226 <vTaskStartScheduler+0x46>
    1214:	f8 94       	cli
    1216:	80 93 05 08 	sts	0x0805, r24	; 0x800805 <xSchedulerRunning>
    121a:	10 92 08 08 	sts	0x0808, r1	; 0x800808 <xTickCount+0x1>
    121e:	10 92 07 08 	sts	0x0807, r1	; 0x800807 <xTickCount>
    1222:	0e 94 08 03 	call	0x610	; 0x610 <xPortStartScheduler>
    1226:	0f 91       	pop	r16
    1228:	ff 90       	pop	r15
    122a:	ef 90       	pop	r14
    122c:	df 90       	pop	r13
    122e:	cf 90       	pop	r12
    1230:	bf 90       	pop	r11
    1232:	af 90       	pop	r10
    1234:	08 95       	ret

00001236 <vTaskSuspendAll>:
    1236:	80 91 00 08 	lds	r24, 0x0800	; 0x800800 <uxSchedulerSuspended>
    123a:	8f 5f       	subi	r24, 0xFF	; 255
    123c:	80 93 00 08 	sts	0x0800, r24	; 0x800800 <uxSchedulerSuspended>
    1240:	08 95       	ret

00001242 <xTaskIncrementTick>:
    1242:	cf 92       	push	r12
    1244:	df 92       	push	r13
    1246:	ef 92       	push	r14
    1248:	ff 92       	push	r15
    124a:	0f 93       	push	r16
    124c:	1f 93       	push	r17
    124e:	cf 93       	push	r28
    1250:	df 93       	push	r29
    1252:	80 91 00 08 	lds	r24, 0x0800	; 0x800800 <uxSchedulerSuspended>
    1256:	81 11       	cpse	r24, r1
    1258:	9b c0       	rjmp	.+310    	; 0x1390 <xTaskIncrementTick+0x14e>
    125a:	80 91 07 08 	lds	r24, 0x0807	; 0x800807 <xTickCount>
    125e:	90 91 08 08 	lds	r25, 0x0808	; 0x800808 <xTickCount+0x1>
    1262:	01 96       	adiw	r24, 0x01	; 1
    1264:	90 93 08 08 	sts	0x0808, r25	; 0x800808 <xTickCount+0x1>
    1268:	80 93 07 08 	sts	0x0807, r24	; 0x800807 <xTickCount>
    126c:	e0 90 07 08 	lds	r14, 0x0807	; 0x800807 <xTickCount>
    1270:	f0 90 08 08 	lds	r15, 0x0808	; 0x800808 <xTickCount+0x1>
    1274:	e1 14       	cp	r14, r1
    1276:	f1 04       	cpc	r15, r1
    1278:	b9 f4       	brne	.+46     	; 0x12a8 <xTaskIncrementTick+0x66>
    127a:	80 91 28 08 	lds	r24, 0x0828	; 0x800828 <pxDelayedTaskList>
    127e:	90 91 29 08 	lds	r25, 0x0829	; 0x800829 <pxDelayedTaskList+0x1>
    1282:	20 91 26 08 	lds	r18, 0x0826	; 0x800826 <pxOverflowDelayedTaskList>
    1286:	30 91 27 08 	lds	r19, 0x0827	; 0x800827 <pxOverflowDelayedTaskList+0x1>
    128a:	30 93 29 08 	sts	0x0829, r19	; 0x800829 <pxDelayedTaskList+0x1>
    128e:	20 93 28 08 	sts	0x0828, r18	; 0x800828 <pxDelayedTaskList>
    1292:	90 93 27 08 	sts	0x0827, r25	; 0x800827 <pxOverflowDelayedTaskList+0x1>
    1296:	80 93 26 08 	sts	0x0826, r24	; 0x800826 <pxOverflowDelayedTaskList>
    129a:	80 91 02 08 	lds	r24, 0x0802	; 0x800802 <xNumOfOverflows>
    129e:	8f 5f       	subi	r24, 0xFF	; 255
    12a0:	80 93 02 08 	sts	0x0802, r24	; 0x800802 <xNumOfOverflows>
    12a4:	0e 94 89 07 	call	0xf12	; 0xf12 <prvResetNextTaskUnblockTime>
    12a8:	80 91 02 01 	lds	r24, 0x0102	; 0x800102 <xNextTaskUnblockTime>
    12ac:	90 91 03 01 	lds	r25, 0x0103	; 0x800103 <xNextTaskUnblockTime+0x1>
    12b0:	e8 16       	cp	r14, r24
    12b2:	f9 06       	cpc	r15, r25
    12b4:	10 f4       	brcc	.+4      	; 0x12ba <xTaskIncrementTick+0x78>
    12b6:	d1 2c       	mov	r13, r1
    12b8:	53 c0       	rjmp	.+166    	; 0x1360 <xTaskIncrementTick+0x11e>
    12ba:	d1 2c       	mov	r13, r1
    12bc:	cc 24       	eor	r12, r12
    12be:	c3 94       	inc	r12
    12c0:	e0 91 28 08 	lds	r30, 0x0828	; 0x800828 <pxDelayedTaskList>
    12c4:	f0 91 29 08 	lds	r31, 0x0829	; 0x800829 <pxDelayedTaskList+0x1>
    12c8:	80 81       	ld	r24, Z
    12ca:	81 11       	cpse	r24, r1
    12cc:	07 c0       	rjmp	.+14     	; 0x12dc <xTaskIncrementTick+0x9a>
    12ce:	8f ef       	ldi	r24, 0xFF	; 255
    12d0:	9f ef       	ldi	r25, 0xFF	; 255
    12d2:	90 93 03 01 	sts	0x0103, r25	; 0x800103 <xNextTaskUnblockTime+0x1>
    12d6:	80 93 02 01 	sts	0x0102, r24	; 0x800102 <xNextTaskUnblockTime>
    12da:	42 c0       	rjmp	.+132    	; 0x1360 <xTaskIncrementTick+0x11e>
    12dc:	e0 91 28 08 	lds	r30, 0x0828	; 0x800828 <pxDelayedTaskList>
    12e0:	f0 91 29 08 	lds	r31, 0x0829	; 0x800829 <pxDelayedTaskList+0x1>
    12e4:	05 80       	ldd	r0, Z+5	; 0x05
    12e6:	f6 81       	ldd	r31, Z+6	; 0x06
    12e8:	e0 2d       	mov	r30, r0
    12ea:	c6 81       	ldd	r28, Z+6	; 0x06
    12ec:	d7 81       	ldd	r29, Z+7	; 0x07
    12ee:	8a 81       	ldd	r24, Y+2	; 0x02
    12f0:	9b 81       	ldd	r25, Y+3	; 0x03
    12f2:	e8 16       	cp	r14, r24
    12f4:	f9 06       	cpc	r15, r25
    12f6:	28 f4       	brcc	.+10     	; 0x1302 <xTaskIncrementTick+0xc0>
    12f8:	90 93 03 01 	sts	0x0103, r25	; 0x800103 <xNextTaskUnblockTime+0x1>
    12fc:	80 93 02 01 	sts	0x0102, r24	; 0x800102 <xNextTaskUnblockTime>
    1300:	2f c0       	rjmp	.+94     	; 0x1360 <xTaskIncrementTick+0x11e>
    1302:	8e 01       	movw	r16, r28
    1304:	0e 5f       	subi	r16, 0xFE	; 254
    1306:	1f 4f       	sbci	r17, 0xFF	; 255
    1308:	c8 01       	movw	r24, r16
    130a:	0e 94 76 02 	call	0x4ec	; 0x4ec <uxListRemove>
    130e:	8c 89       	ldd	r24, Y+20	; 0x14
    1310:	9d 89       	ldd	r25, Y+21	; 0x15
    1312:	89 2b       	or	r24, r25
    1314:	21 f0       	breq	.+8      	; 0x131e <xTaskIncrementTick+0xdc>
    1316:	ce 01       	movw	r24, r28
    1318:	0c 96       	adiw	r24, 0x0c	; 12
    131a:	0e 94 76 02 	call	0x4ec	; 0x4ec <uxListRemove>
    131e:	8e 89       	ldd	r24, Y+22	; 0x16
    1320:	90 91 06 08 	lds	r25, 0x0806	; 0x800806 <uxTopReadyPriority>
    1324:	98 17       	cp	r25, r24
    1326:	10 f4       	brcc	.+4      	; 0x132c <xTaskIncrementTick+0xea>
    1328:	80 93 06 08 	sts	0x0806, r24	; 0x800806 <uxTopReadyPriority>
    132c:	90 e0       	ldi	r25, 0x00	; 0
    132e:	9c 01       	movw	r18, r24
    1330:	22 0f       	add	r18, r18
    1332:	33 1f       	adc	r19, r19
    1334:	22 0f       	add	r18, r18
    1336:	33 1f       	adc	r19, r19
    1338:	22 0f       	add	r18, r18
    133a:	33 1f       	adc	r19, r19
    133c:	82 0f       	add	r24, r18
    133e:	93 1f       	adc	r25, r19
    1340:	b8 01       	movw	r22, r16
    1342:	84 5c       	subi	r24, 0xC4	; 196
    1344:	97 4f       	sbci	r25, 0xF7	; 247
    1346:	0e 94 24 02 	call	0x448	; 0x448 <vListInsertEnd>
    134a:	e0 91 60 08 	lds	r30, 0x0860	; 0x800860 <pxCurrentTCB>
    134e:	f0 91 61 08 	lds	r31, 0x0861	; 0x800861 <pxCurrentTCB+0x1>
    1352:	9e 89       	ldd	r25, Y+22	; 0x16
    1354:	86 89       	ldd	r24, Z+22	; 0x16
    1356:	98 17       	cp	r25, r24
    1358:	08 f4       	brcc	.+2      	; 0x135c <xTaskIncrementTick+0x11a>
    135a:	b2 cf       	rjmp	.-156    	; 0x12c0 <xTaskIncrementTick+0x7e>
    135c:	dc 2c       	mov	r13, r12
    135e:	b0 cf       	rjmp	.-160    	; 0x12c0 <xTaskIncrementTick+0x7e>
    1360:	e0 91 60 08 	lds	r30, 0x0860	; 0x800860 <pxCurrentTCB>
    1364:	f0 91 61 08 	lds	r31, 0x0861	; 0x800861 <pxCurrentTCB+0x1>
    1368:	86 89       	ldd	r24, Z+22	; 0x16
    136a:	90 e0       	ldi	r25, 0x00	; 0
    136c:	fc 01       	movw	r30, r24
    136e:	ee 0f       	add	r30, r30
    1370:	ff 1f       	adc	r31, r31
    1372:	ee 0f       	add	r30, r30
    1374:	ff 1f       	adc	r31, r31
    1376:	ee 0f       	add	r30, r30
    1378:	ff 1f       	adc	r31, r31
    137a:	8e 0f       	add	r24, r30
    137c:	9f 1f       	adc	r25, r31
    137e:	fc 01       	movw	r30, r24
    1380:	e4 5c       	subi	r30, 0xC4	; 196
    1382:	f7 4f       	sbci	r31, 0xF7	; 247
    1384:	80 81       	ld	r24, Z
    1386:	82 30       	cpi	r24, 0x02	; 2
    1388:	48 f0       	brcs	.+18     	; 0x139c <xTaskIncrementTick+0x15a>
    138a:	dd 24       	eor	r13, r13
    138c:	d3 94       	inc	r13
    138e:	06 c0       	rjmp	.+12     	; 0x139c <xTaskIncrementTick+0x15a>
    1390:	80 91 04 08 	lds	r24, 0x0804	; 0x800804 <uxPendedTicks>
    1394:	8f 5f       	subi	r24, 0xFF	; 255
    1396:	80 93 04 08 	sts	0x0804, r24	; 0x800804 <uxPendedTicks>
    139a:	d1 2c       	mov	r13, r1
    139c:	80 91 03 08 	lds	r24, 0x0803	; 0x800803 <xYieldPending>
    13a0:	88 23       	and	r24, r24
    13a2:	11 f0       	breq	.+4      	; 0x13a8 <xTaskIncrementTick+0x166>
    13a4:	dd 24       	eor	r13, r13
    13a6:	d3 94       	inc	r13
    13a8:	8d 2d       	mov	r24, r13
    13aa:	df 91       	pop	r29
    13ac:	cf 91       	pop	r28
    13ae:	1f 91       	pop	r17
    13b0:	0f 91       	pop	r16
    13b2:	ff 90       	pop	r15
    13b4:	ef 90       	pop	r14
    13b6:	df 90       	pop	r13
    13b8:	cf 90       	pop	r12
    13ba:	08 95       	ret

000013bc <xTaskResumeAll>:
    13bc:	df 92       	push	r13
    13be:	ef 92       	push	r14
    13c0:	ff 92       	push	r15
    13c2:	0f 93       	push	r16
    13c4:	1f 93       	push	r17
    13c6:	cf 93       	push	r28
    13c8:	df 93       	push	r29
    13ca:	0f b6       	in	r0, 0x3f	; 63
    13cc:	f8 94       	cli
    13ce:	0f 92       	push	r0
    13d0:	80 91 00 08 	lds	r24, 0x0800	; 0x800800 <uxSchedulerSuspended>
    13d4:	81 50       	subi	r24, 0x01	; 1
    13d6:	80 93 00 08 	sts	0x0800, r24	; 0x800800 <uxSchedulerSuspended>
    13da:	80 91 00 08 	lds	r24, 0x0800	; 0x800800 <uxSchedulerSuspended>
    13de:	81 11       	cpse	r24, r1
    13e0:	62 c0       	rjmp	.+196    	; 0x14a6 <xTaskResumeAll+0xea>
    13e2:	80 91 09 08 	lds	r24, 0x0809	; 0x800809 <uxCurrentNumberOfTasks>
    13e6:	81 11       	cpse	r24, r1
    13e8:	33 c0       	rjmp	.+102    	; 0x1450 <xTaskResumeAll+0x94>
    13ea:	60 c0       	rjmp	.+192    	; 0x14ac <xTaskResumeAll+0xf0>
    13ec:	d7 01       	movw	r26, r14
    13ee:	15 96       	adiw	r26, 0x05	; 5
    13f0:	ed 91       	ld	r30, X+
    13f2:	fc 91       	ld	r31, X
    13f4:	16 97       	sbiw	r26, 0x06	; 6
    13f6:	c6 81       	ldd	r28, Z+6	; 0x06
    13f8:	d7 81       	ldd	r29, Z+7	; 0x07
    13fa:	ce 01       	movw	r24, r28
    13fc:	0c 96       	adiw	r24, 0x0c	; 12
    13fe:	0e 94 76 02 	call	0x4ec	; 0x4ec <uxListRemove>
    1402:	8e 01       	movw	r16, r28
    1404:	0e 5f       	subi	r16, 0xFE	; 254
    1406:	1f 4f       	sbci	r17, 0xFF	; 255
    1408:	c8 01       	movw	r24, r16
    140a:	0e 94 76 02 	call	0x4ec	; 0x4ec <uxListRemove>
    140e:	8e 89       	ldd	r24, Y+22	; 0x16
    1410:	90 91 06 08 	lds	r25, 0x0806	; 0x800806 <uxTopReadyPriority>
    1414:	98 17       	cp	r25, r24
    1416:	10 f4       	brcc	.+4      	; 0x141c <xTaskResumeAll+0x60>
    1418:	80 93 06 08 	sts	0x0806, r24	; 0x800806 <uxTopReadyPriority>
    141c:	90 e0       	ldi	r25, 0x00	; 0
    141e:	9c 01       	movw	r18, r24
    1420:	22 0f       	add	r18, r18
    1422:	33 1f       	adc	r19, r19
    1424:	22 0f       	add	r18, r18
    1426:	33 1f       	adc	r19, r19
    1428:	22 0f       	add	r18, r18
    142a:	33 1f       	adc	r19, r19
    142c:	82 0f       	add	r24, r18
    142e:	93 1f       	adc	r25, r19
    1430:	b8 01       	movw	r22, r16
    1432:	84 5c       	subi	r24, 0xC4	; 196
    1434:	97 4f       	sbci	r25, 0xF7	; 247
    1436:	0e 94 24 02 	call	0x448	; 0x448 <vListInsertEnd>
    143a:	e0 91 60 08 	lds	r30, 0x0860	; 0x800860 <pxCurrentTCB>
    143e:	f0 91 61 08 	lds	r31, 0x0861	; 0x800861 <pxCurrentTCB+0x1>
    1442:	9e 89       	ldd	r25, Y+22	; 0x16
    1444:	86 89       	ldd	r24, Z+22	; 0x16
    1446:	98 17       	cp	r25, r24
    1448:	58 f0       	brcs	.+22     	; 0x1460 <xTaskResumeAll+0xa4>
    144a:	d0 92 03 08 	sts	0x0803, r13	; 0x800803 <xYieldPending>
    144e:	08 c0       	rjmp	.+16     	; 0x1460 <xTaskResumeAll+0xa4>
    1450:	0f 2e       	mov	r0, r31
    1452:	fd e1       	ldi	r31, 0x1D	; 29
    1454:	ef 2e       	mov	r14, r31
    1456:	f8 e0       	ldi	r31, 0x08	; 8
    1458:	ff 2e       	mov	r15, r31
    145a:	f0 2d       	mov	r31, r0
    145c:	dd 24       	eor	r13, r13
    145e:	d3 94       	inc	r13
    1460:	f7 01       	movw	r30, r14
    1462:	80 81       	ld	r24, Z
    1464:	81 11       	cpse	r24, r1
    1466:	c2 cf       	rjmp	.-124    	; 0x13ec <xTaskResumeAll+0x30>
    1468:	80 91 04 08 	lds	r24, 0x0804	; 0x800804 <uxPendedTicks>
    146c:	88 23       	and	r24, r24
    146e:	99 f0       	breq	.+38     	; 0x1496 <xTaskResumeAll+0xda>
    1470:	80 91 04 08 	lds	r24, 0x0804	; 0x800804 <uxPendedTicks>
    1474:	88 23       	and	r24, r24
    1476:	79 f0       	breq	.+30     	; 0x1496 <xTaskResumeAll+0xda>
    1478:	c1 e0       	ldi	r28, 0x01	; 1
    147a:	0e 94 21 09 	call	0x1242	; 0x1242 <xTaskIncrementTick>
    147e:	81 11       	cpse	r24, r1
    1480:	c0 93 03 08 	sts	0x0803, r28	; 0x800803 <xYieldPending>
    1484:	80 91 04 08 	lds	r24, 0x0804	; 0x800804 <uxPendedTicks>
    1488:	81 50       	subi	r24, 0x01	; 1
    148a:	80 93 04 08 	sts	0x0804, r24	; 0x800804 <uxPendedTicks>
    148e:	80 91 04 08 	lds	r24, 0x0804	; 0x800804 <uxPendedTicks>
    1492:	81 11       	cpse	r24, r1
    1494:	f2 cf       	rjmp	.-28     	; 0x147a <xTaskResumeAll+0xbe>
    1496:	80 91 03 08 	lds	r24, 0x0803	; 0x800803 <xYieldPending>
    149a:	81 30       	cpi	r24, 0x01	; 1
    149c:	31 f4       	brne	.+12     	; 0x14aa <xTaskResumeAll+0xee>
    149e:	0e 94 42 03 	call	0x684	; 0x684 <vPortYield>
    14a2:	81 e0       	ldi	r24, 0x01	; 1
    14a4:	03 c0       	rjmp	.+6      	; 0x14ac <xTaskResumeAll+0xf0>
    14a6:	80 e0       	ldi	r24, 0x00	; 0
    14a8:	01 c0       	rjmp	.+2      	; 0x14ac <xTaskResumeAll+0xf0>
    14aa:	80 e0       	ldi	r24, 0x00	; 0
    14ac:	0f 90       	pop	r0
    14ae:	0f be       	out	0x3f, r0	; 63
    14b0:	df 91       	pop	r29
    14b2:	cf 91       	pop	r28
    14b4:	1f 91       	pop	r17
    14b6:	0f 91       	pop	r16
    14b8:	ff 90       	pop	r15
    14ba:	ef 90       	pop	r14
    14bc:	df 90       	pop	r13
    14be:	08 95       	ret

000014c0 <vTaskDelay>:
    14c0:	cf 93       	push	r28
    14c2:	df 93       	push	r29
    14c4:	ec 01       	movw	r28, r24
    14c6:	89 2b       	or	r24, r25
    14c8:	b1 f0       	breq	.+44     	; 0x14f6 <vTaskDelay+0x36>
    14ca:	0e 94 1b 09 	call	0x1236	; 0x1236 <vTaskSuspendAll>
    14ce:	80 91 07 08 	lds	r24, 0x0807	; 0x800807 <xTickCount>
    14d2:	90 91 08 08 	lds	r25, 0x0808	; 0x800808 <xTickCount+0x1>
    14d6:	c8 0f       	add	r28, r24
    14d8:	d9 1f       	adc	r29, r25
    14da:	80 91 60 08 	lds	r24, 0x0860	; 0x800860 <pxCurrentTCB>
    14de:	90 91 61 08 	lds	r25, 0x0861	; 0x800861 <pxCurrentTCB+0x1>
    14e2:	02 96       	adiw	r24, 0x02	; 2
    14e4:	0e 94 76 02 	call	0x4ec	; 0x4ec <uxListRemove>
    14e8:	ce 01       	movw	r24, r28
    14ea:	0e 94 a8 07 	call	0xf50	; 0xf50 <prvAddCurrentTaskToDelayedList>
    14ee:	0e 94 de 09 	call	0x13bc	; 0x13bc <xTaskResumeAll>
    14f2:	81 11       	cpse	r24, r1
    14f4:	02 c0       	rjmp	.+4      	; 0x14fa <vTaskDelay+0x3a>
    14f6:	0e 94 42 03 	call	0x684	; 0x684 <vPortYield>
    14fa:	df 91       	pop	r29
    14fc:	cf 91       	pop	r28
    14fe:	08 95       	ret

00001500 <prvIdleTask>:
    1500:	04 e1       	ldi	r16, 0x14	; 20
    1502:	18 e0       	ldi	r17, 0x08	; 8
    1504:	0f 2e       	mov	r0, r31
    1506:	fc e3       	ldi	r31, 0x3C	; 60
    1508:	ef 2e       	mov	r14, r31
    150a:	f8 e0       	ldi	r31, 0x08	; 8
    150c:	ff 2e       	mov	r15, r31
    150e:	f0 2d       	mov	r31, r0
    1510:	29 c0       	rjmp	.+82     	; 0x1564 <prvIdleTask+0x64>
    1512:	0e 94 1b 09 	call	0x1236	; 0x1236 <vTaskSuspendAll>
    1516:	d8 01       	movw	r26, r16
    1518:	cc 91       	ld	r28, X
    151a:	0e 94 de 09 	call	0x13bc	; 0x13bc <xTaskResumeAll>
    151e:	cc 23       	and	r28, r28
    1520:	09 f1       	breq	.+66     	; 0x1564 <prvIdleTask+0x64>
    1522:	0f b6       	in	r0, 0x3f	; 63
    1524:	f8 94       	cli
    1526:	0f 92       	push	r0
    1528:	d8 01       	movw	r26, r16
    152a:	15 96       	adiw	r26, 0x05	; 5
    152c:	ed 91       	ld	r30, X+
    152e:	fc 91       	ld	r31, X
    1530:	16 97       	sbiw	r26, 0x06	; 6
    1532:	c6 81       	ldd	r28, Z+6	; 0x06
    1534:	d7 81       	ldd	r29, Z+7	; 0x07
    1536:	ce 01       	movw	r24, r28
    1538:	02 96       	adiw	r24, 0x02	; 2
    153a:	0e 94 76 02 	call	0x4ec	; 0x4ec <uxListRemove>
    153e:	80 91 09 08 	lds	r24, 0x0809	; 0x800809 <uxCurrentNumberOfTasks>
    1542:	81 50       	subi	r24, 0x01	; 1
    1544:	80 93 09 08 	sts	0x0809, r24	; 0x800809 <uxCurrentNumberOfTasks>
    1548:	80 91 13 08 	lds	r24, 0x0813	; 0x800813 <uxTasksDeleted>
    154c:	81 50       	subi	r24, 0x01	; 1
    154e:	80 93 13 08 	sts	0x0813, r24	; 0x800813 <uxTasksDeleted>
    1552:	0f 90       	pop	r0
    1554:	0f be       	out	0x3f, r0	; 63
    1556:	8f 89       	ldd	r24, Y+23	; 0x17
    1558:	98 8d       	ldd	r25, Y+24	; 0x18
    155a:	0e 94 9e 04 	call	0x93c	; 0x93c <vPortFree>
    155e:	ce 01       	movw	r24, r28
    1560:	0e 94 9e 04 	call	0x93c	; 0x93c <vPortFree>
    1564:	80 91 13 08 	lds	r24, 0x0813	; 0x800813 <uxTasksDeleted>
    1568:	81 11       	cpse	r24, r1
    156a:	d3 cf       	rjmp	.-90     	; 0x1512 <prvIdleTask+0x12>
    156c:	f7 01       	movw	r30, r14
    156e:	80 81       	ld	r24, Z
    1570:	82 30       	cpi	r24, 0x02	; 2
    1572:	c0 f3       	brcs	.-16     	; 0x1564 <prvIdleTask+0x64>
    1574:	0e 94 42 03 	call	0x684	; 0x684 <vPortYield>
    1578:	f5 cf       	rjmp	.-22     	; 0x1564 <prvIdleTask+0x64>

0000157a <vTaskSwitchContext>:
    157a:	80 91 00 08 	lds	r24, 0x0800	; 0x800800 <uxSchedulerSuspended>
    157e:	88 23       	and	r24, r24
    1580:	21 f0       	breq	.+8      	; 0x158a <vTaskSwitchContext+0x10>
    1582:	81 e0       	ldi	r24, 0x01	; 1
    1584:	80 93 03 08 	sts	0x0803, r24	; 0x800803 <xYieldPending>
    1588:	08 95       	ret
    158a:	10 92 03 08 	sts	0x0803, r1	; 0x800803 <xYieldPending>
    158e:	80 91 06 08 	lds	r24, 0x0806	; 0x800806 <uxTopReadyPriority>
    1592:	90 e0       	ldi	r25, 0x00	; 0
    1594:	fc 01       	movw	r30, r24
    1596:	ee 0f       	add	r30, r30
    1598:	ff 1f       	adc	r31, r31
    159a:	ee 0f       	add	r30, r30
    159c:	ff 1f       	adc	r31, r31
    159e:	ee 0f       	add	r30, r30
    15a0:	ff 1f       	adc	r31, r31
    15a2:	8e 0f       	add	r24, r30
    15a4:	9f 1f       	adc	r25, r31
    15a6:	fc 01       	movw	r30, r24
    15a8:	e4 5c       	subi	r30, 0xC4	; 196
    15aa:	f7 4f       	sbci	r31, 0xF7	; 247
    15ac:	80 81       	ld	r24, Z
    15ae:	81 11       	cpse	r24, r1
    15b0:	17 c0       	rjmp	.+46     	; 0x15e0 <vTaskSwitchContext+0x66>
    15b2:	80 91 06 08 	lds	r24, 0x0806	; 0x800806 <uxTopReadyPriority>
    15b6:	81 50       	subi	r24, 0x01	; 1
    15b8:	80 93 06 08 	sts	0x0806, r24	; 0x800806 <uxTopReadyPriority>
    15bc:	80 91 06 08 	lds	r24, 0x0806	; 0x800806 <uxTopReadyPriority>
    15c0:	90 e0       	ldi	r25, 0x00	; 0
    15c2:	fc 01       	movw	r30, r24
    15c4:	ee 0f       	add	r30, r30
    15c6:	ff 1f       	adc	r31, r31
    15c8:	ee 0f       	add	r30, r30
    15ca:	ff 1f       	adc	r31, r31
    15cc:	ee 0f       	add	r30, r30
    15ce:	ff 1f       	adc	r31, r31
    15d0:	8e 0f       	add	r24, r30
    15d2:	9f 1f       	adc	r25, r31
    15d4:	fc 01       	movw	r30, r24
    15d6:	e4 5c       	subi	r30, 0xC4	; 196
    15d8:	f7 4f       	sbci	r31, 0xF7	; 247
    15da:	80 81       	ld	r24, Z
    15dc:	88 23       	and	r24, r24
    15de:	49 f3       	breq	.-46     	; 0x15b2 <vTaskSwitchContext+0x38>
    15e0:	80 91 06 08 	lds	r24, 0x0806	; 0x800806 <uxTopReadyPriority>
    15e4:	90 e0       	ldi	r25, 0x00	; 0
    15e6:	9c 01       	movw	r18, r24
    15e8:	22 0f       	add	r18, r18
    15ea:	33 1f       	adc	r19, r19
    15ec:	22 0f       	add	r18, r18
    15ee:	33 1f       	adc	r19, r19
    15f0:	22 0f       	add	r18, r18
    15f2:	33 1f       	adc	r19, r19
    15f4:	28 0f       	add	r18, r24
    15f6:	39 1f       	adc	r19, r25
    15f8:	d9 01       	movw	r26, r18
    15fa:	a4 5c       	subi	r26, 0xC4	; 196
    15fc:	b7 4f       	sbci	r27, 0xF7	; 247
    15fe:	11 96       	adiw	r26, 0x01	; 1
    1600:	ed 91       	ld	r30, X+
    1602:	fc 91       	ld	r31, X
    1604:	12 97       	sbiw	r26, 0x02	; 2
    1606:	02 80       	ldd	r0, Z+2	; 0x02
    1608:	f3 81       	ldd	r31, Z+3	; 0x03
    160a:	e0 2d       	mov	r30, r0
    160c:	12 96       	adiw	r26, 0x02	; 2
    160e:	fc 93       	st	X, r31
    1610:	ee 93       	st	-X, r30
    1612:	11 97       	sbiw	r26, 0x01	; 1
    1614:	21 5c       	subi	r18, 0xC1	; 193
    1616:	37 4f       	sbci	r19, 0xF7	; 247
    1618:	e2 17       	cp	r30, r18
    161a:	f3 07       	cpc	r31, r19
    161c:	29 f4       	brne	.+10     	; 0x1628 <vTaskSwitchContext+0xae>
    161e:	22 81       	ldd	r18, Z+2	; 0x02
    1620:	33 81       	ldd	r19, Z+3	; 0x03
    1622:	fd 01       	movw	r30, r26
    1624:	32 83       	std	Z+2, r19	; 0x02
    1626:	21 83       	std	Z+1, r18	; 0x01
    1628:	fc 01       	movw	r30, r24
    162a:	ee 0f       	add	r30, r30
    162c:	ff 1f       	adc	r31, r31
    162e:	ee 0f       	add	r30, r30
    1630:	ff 1f       	adc	r31, r31
    1632:	ee 0f       	add	r30, r30
    1634:	ff 1f       	adc	r31, r31
    1636:	8e 0f       	add	r24, r30
    1638:	9f 1f       	adc	r25, r31
    163a:	fc 01       	movw	r30, r24
    163c:	e4 5c       	subi	r30, 0xC4	; 196
    163e:	f7 4f       	sbci	r31, 0xF7	; 247
    1640:	01 80       	ldd	r0, Z+1	; 0x01
    1642:	f2 81       	ldd	r31, Z+2	; 0x02
    1644:	e0 2d       	mov	r30, r0
    1646:	86 81       	ldd	r24, Z+6	; 0x06
    1648:	97 81       	ldd	r25, Z+7	; 0x07
    164a:	90 93 61 08 	sts	0x0861, r25	; 0x800861 <pxCurrentTCB+0x1>
    164e:	80 93 60 08 	sts	0x0860, r24	; 0x800860 <pxCurrentTCB>
    1652:	08 95       	ret

00001654 <vTaskPlaceOnEventList>:
    1654:	cf 93       	push	r28
    1656:	df 93       	push	r29
    1658:	eb 01       	movw	r28, r22
    165a:	60 91 60 08 	lds	r22, 0x0860	; 0x800860 <pxCurrentTCB>
    165e:	70 91 61 08 	lds	r23, 0x0861	; 0x800861 <pxCurrentTCB+0x1>
    1662:	64 5f       	subi	r22, 0xF4	; 244
    1664:	7f 4f       	sbci	r23, 0xFF	; 255
    1666:	0e 94 45 02 	call	0x48a	; 0x48a <vListInsert>
    166a:	80 91 60 08 	lds	r24, 0x0860	; 0x800860 <pxCurrentTCB>
    166e:	90 91 61 08 	lds	r25, 0x0861	; 0x800861 <pxCurrentTCB+0x1>
    1672:	02 96       	adiw	r24, 0x02	; 2
    1674:	0e 94 76 02 	call	0x4ec	; 0x4ec <uxListRemove>
    1678:	cf 3f       	cpi	r28, 0xFF	; 255
    167a:	8f ef       	ldi	r24, 0xFF	; 255
    167c:	d8 07       	cpc	r29, r24
    167e:	59 f4       	brne	.+22     	; 0x1696 <vTaskPlaceOnEventList+0x42>
    1680:	60 91 60 08 	lds	r22, 0x0860	; 0x800860 <pxCurrentTCB>
    1684:	70 91 61 08 	lds	r23, 0x0861	; 0x800861 <pxCurrentTCB+0x1>
    1688:	6e 5f       	subi	r22, 0xFE	; 254
    168a:	7f 4f       	sbci	r23, 0xFF	; 255
    168c:	8a e0       	ldi	r24, 0x0A	; 10
    168e:	98 e0       	ldi	r25, 0x08	; 8
    1690:	0e 94 24 02 	call	0x448	; 0x448 <vListInsertEnd>
    1694:	08 c0       	rjmp	.+16     	; 0x16a6 <vTaskPlaceOnEventList+0x52>
    1696:	80 91 07 08 	lds	r24, 0x0807	; 0x800807 <xTickCount>
    169a:	90 91 08 08 	lds	r25, 0x0808	; 0x800808 <xTickCount+0x1>
    169e:	8c 0f       	add	r24, r28
    16a0:	9d 1f       	adc	r25, r29
    16a2:	0e 94 a8 07 	call	0xf50	; 0xf50 <prvAddCurrentTaskToDelayedList>
    16a6:	df 91       	pop	r29
    16a8:	cf 91       	pop	r28
    16aa:	08 95       	ret

000016ac <xTaskRemoveFromEventList>:
    16ac:	0f 93       	push	r16
    16ae:	1f 93       	push	r17
    16b0:	cf 93       	push	r28
    16b2:	df 93       	push	r29
    16b4:	dc 01       	movw	r26, r24
    16b6:	15 96       	adiw	r26, 0x05	; 5
    16b8:	ed 91       	ld	r30, X+
    16ba:	fc 91       	ld	r31, X
    16bc:	16 97       	sbiw	r26, 0x06	; 6
    16be:	c6 81       	ldd	r28, Z+6	; 0x06
    16c0:	d7 81       	ldd	r29, Z+7	; 0x07
    16c2:	8e 01       	movw	r16, r28
    16c4:	04 5f       	subi	r16, 0xF4	; 244
    16c6:	1f 4f       	sbci	r17, 0xFF	; 255
    16c8:	c8 01       	movw	r24, r16
    16ca:	0e 94 76 02 	call	0x4ec	; 0x4ec <uxListRemove>
    16ce:	80 91 00 08 	lds	r24, 0x0800	; 0x800800 <uxSchedulerSuspended>
    16d2:	81 11       	cpse	r24, r1
    16d4:	1c c0       	rjmp	.+56     	; 0x170e <xTaskRemoveFromEventList+0x62>
    16d6:	0a 50       	subi	r16, 0x0A	; 10
    16d8:	11 09       	sbc	r17, r1
    16da:	c8 01       	movw	r24, r16
    16dc:	0e 94 76 02 	call	0x4ec	; 0x4ec <uxListRemove>
    16e0:	8e 89       	ldd	r24, Y+22	; 0x16
    16e2:	90 91 06 08 	lds	r25, 0x0806	; 0x800806 <uxTopReadyPriority>
    16e6:	98 17       	cp	r25, r24
    16e8:	10 f4       	brcc	.+4      	; 0x16ee <xTaskRemoveFromEventList+0x42>
    16ea:	80 93 06 08 	sts	0x0806, r24	; 0x800806 <uxTopReadyPriority>
    16ee:	90 e0       	ldi	r25, 0x00	; 0
    16f0:	9c 01       	movw	r18, r24
    16f2:	22 0f       	add	r18, r18
    16f4:	33 1f       	adc	r19, r19
    16f6:	22 0f       	add	r18, r18
    16f8:	33 1f       	adc	r19, r19
    16fa:	22 0f       	add	r18, r18
    16fc:	33 1f       	adc	r19, r19
    16fe:	82 0f       	add	r24, r18
    1700:	93 1f       	adc	r25, r19
    1702:	b8 01       	movw	r22, r16
    1704:	84 5c       	subi	r24, 0xC4	; 196
    1706:	97 4f       	sbci	r25, 0xF7	; 247
    1708:	0e 94 24 02 	call	0x448	; 0x448 <vListInsertEnd>
    170c:	05 c0       	rjmp	.+10     	; 0x1718 <xTaskRemoveFromEventList+0x6c>
    170e:	b8 01       	movw	r22, r16
    1710:	8d e1       	ldi	r24, 0x1D	; 29
    1712:	98 e0       	ldi	r25, 0x08	; 8
    1714:	0e 94 24 02 	call	0x448	; 0x448 <vListInsertEnd>
    1718:	e0 91 60 08 	lds	r30, 0x0860	; 0x800860 <pxCurrentTCB>
    171c:	f0 91 61 08 	lds	r31, 0x0861	; 0x800861 <pxCurrentTCB+0x1>
    1720:	9e 89       	ldd	r25, Y+22	; 0x16
    1722:	86 89       	ldd	r24, Z+22	; 0x16
    1724:	89 17       	cp	r24, r25
    1726:	20 f4       	brcc	.+8      	; 0x1730 <xTaskRemoveFromEventList+0x84>
    1728:	81 e0       	ldi	r24, 0x01	; 1
    172a:	80 93 03 08 	sts	0x0803, r24	; 0x800803 <xYieldPending>
    172e:	01 c0       	rjmp	.+2      	; 0x1732 <xTaskRemoveFromEventList+0x86>
    1730:	80 e0       	ldi	r24, 0x00	; 0
    1732:	df 91       	pop	r29
    1734:	cf 91       	pop	r28
    1736:	1f 91       	pop	r17
    1738:	0f 91       	pop	r16
    173a:	08 95       	ret

0000173c <vTaskSetTimeOutState>:
    173c:	20 91 02 08 	lds	r18, 0x0802	; 0x800802 <xNumOfOverflows>
    1740:	fc 01       	movw	r30, r24
    1742:	20 83       	st	Z, r18
    1744:	20 91 07 08 	lds	r18, 0x0807	; 0x800807 <xTickCount>
    1748:	30 91 08 08 	lds	r19, 0x0808	; 0x800808 <xTickCount+0x1>
    174c:	32 83       	std	Z+2, r19	; 0x02
    174e:	21 83       	std	Z+1, r18	; 0x01
    1750:	08 95       	ret

00001752 <xTaskCheckForTimeOut>:
    1752:	0f b6       	in	r0, 0x3f	; 63
    1754:	f8 94       	cli
    1756:	0f 92       	push	r0
    1758:	40 91 07 08 	lds	r20, 0x0807	; 0x800807 <xTickCount>
    175c:	50 91 08 08 	lds	r21, 0x0808	; 0x800808 <xTickCount+0x1>
    1760:	db 01       	movw	r26, r22
    1762:	2d 91       	ld	r18, X+
    1764:	3c 91       	ld	r19, X
    1766:	2f 3f       	cpi	r18, 0xFF	; 255
    1768:	bf ef       	ldi	r27, 0xFF	; 255
    176a:	3b 07       	cpc	r19, r27
    176c:	19 f1       	breq	.+70     	; 0x17b4 <xTaskCheckForTimeOut+0x62>
    176e:	e0 91 02 08 	lds	r30, 0x0802	; 0x800802 <xNumOfOverflows>
    1772:	dc 01       	movw	r26, r24
    1774:	fc 91       	ld	r31, X
    1776:	fe 17       	cp	r31, r30
    1778:	39 f0       	breq	.+14     	; 0x1788 <xTaskCheckForTimeOut+0x36>
    177a:	11 96       	adiw	r26, 0x01	; 1
    177c:	ed 91       	ld	r30, X+
    177e:	fc 91       	ld	r31, X
    1780:	12 97       	sbiw	r26, 0x02	; 2
    1782:	4e 17       	cp	r20, r30
    1784:	5f 07       	cpc	r21, r31
    1786:	c0 f4       	brcc	.+48     	; 0x17b8 <xTaskCheckForTimeOut+0x66>
    1788:	dc 01       	movw	r26, r24
    178a:	11 96       	adiw	r26, 0x01	; 1
    178c:	ed 91       	ld	r30, X+
    178e:	fc 91       	ld	r31, X
    1790:	12 97       	sbiw	r26, 0x02	; 2
    1792:	da 01       	movw	r26, r20
    1794:	ae 1b       	sub	r26, r30
    1796:	bf 0b       	sbc	r27, r31
    1798:	a2 17       	cp	r26, r18
    179a:	b3 07       	cpc	r27, r19
    179c:	78 f4       	brcc	.+30     	; 0x17bc <xTaskCheckForTimeOut+0x6a>
    179e:	db 01       	movw	r26, r22
    17a0:	e4 1b       	sub	r30, r20
    17a2:	f5 0b       	sbc	r31, r21
    17a4:	2e 0f       	add	r18, r30
    17a6:	3f 1f       	adc	r19, r31
    17a8:	2d 93       	st	X+, r18
    17aa:	3c 93       	st	X, r19
    17ac:	0e 94 9e 0b 	call	0x173c	; 0x173c <vTaskSetTimeOutState>
    17b0:	80 e0       	ldi	r24, 0x00	; 0
    17b2:	05 c0       	rjmp	.+10     	; 0x17be <xTaskCheckForTimeOut+0x6c>
    17b4:	80 e0       	ldi	r24, 0x00	; 0
    17b6:	03 c0       	rjmp	.+6      	; 0x17be <xTaskCheckForTimeOut+0x6c>
    17b8:	81 e0       	ldi	r24, 0x01	; 1
    17ba:	01 c0       	rjmp	.+2      	; 0x17be <xTaskCheckForTimeOut+0x6c>
    17bc:	81 e0       	ldi	r24, 0x01	; 1
    17be:	0f 90       	pop	r0
    17c0:	0f be       	out	0x3f, r0	; 63
    17c2:	08 95       	ret

000017c4 <vTaskMissedYield>:
    17c4:	81 e0       	ldi	r24, 0x01	; 1
    17c6:	80 93 03 08 	sts	0x0803, r24	; 0x800803 <xYieldPending>
    17ca:	08 95       	ret

000017cc <__vector_1>:
    17cc:	1f 92       	push	r1
    17ce:	0f 92       	push	r0
    17d0:	0f b6       	in	r0, 0x3f	; 63
    17d2:	0f 92       	push	r0
    17d4:	11 24       	eor	r1, r1
    17d6:	2f 93       	push	r18
    17d8:	3f 93       	push	r19
    17da:	4f 93       	push	r20
    17dc:	5f 93       	push	r21
    17de:	6f 93       	push	r22
    17e0:	7f 93       	push	r23
    17e2:	8f 93       	push	r24
    17e4:	9f 93       	push	r25
    17e6:	af 93       	push	r26
    17e8:	bf 93       	push	r27
    17ea:	ef 93       	push	r30
    17ec:	ff 93       	push	r31
    17ee:	80 91 62 08 	lds	r24, 0x0862	; 0x800862 <intFunc>
    17f2:	90 91 63 08 	lds	r25, 0x0863	; 0x800863 <intFunc+0x1>
    17f6:	89 2b       	or	r24, r25
    17f8:	29 f0       	breq	.+10     	; 0x1804 <__vector_1+0x38>
    17fa:	e0 91 62 08 	lds	r30, 0x0862	; 0x800862 <intFunc>
    17fe:	f0 91 63 08 	lds	r31, 0x0863	; 0x800863 <intFunc+0x1>
    1802:	09 95       	icall
    1804:	ff 91       	pop	r31
    1806:	ef 91       	pop	r30
    1808:	bf 91       	pop	r27
    180a:	af 91       	pop	r26
    180c:	9f 91       	pop	r25
    180e:	8f 91       	pop	r24
    1810:	7f 91       	pop	r23
    1812:	6f 91       	pop	r22
    1814:	5f 91       	pop	r21
    1816:	4f 91       	pop	r20
    1818:	3f 91       	pop	r19
    181a:	2f 91       	pop	r18
    181c:	0f 90       	pop	r0
    181e:	0f be       	out	0x3f, r0	; 63
    1820:	0f 90       	pop	r0
    1822:	1f 90       	pop	r1
    1824:	18 95       	reti

00001826 <__vector_2>:
    1826:	1f 92       	push	r1
    1828:	0f 92       	push	r0
    182a:	0f b6       	in	r0, 0x3f	; 63
    182c:	0f 92       	push	r0
    182e:	11 24       	eor	r1, r1
    1830:	2f 93       	push	r18
    1832:	3f 93       	push	r19
    1834:	4f 93       	push	r20
    1836:	5f 93       	push	r21
    1838:	6f 93       	push	r22
    183a:	7f 93       	push	r23
    183c:	8f 93       	push	r24
    183e:	9f 93       	push	r25
    1840:	af 93       	push	r26
    1842:	bf 93       	push	r27
    1844:	ef 93       	push	r30
    1846:	ff 93       	push	r31
    1848:	80 91 64 08 	lds	r24, 0x0864	; 0x800864 <intFunc+0x2>
    184c:	90 91 65 08 	lds	r25, 0x0865	; 0x800865 <intFunc+0x3>
    1850:	89 2b       	or	r24, r25
    1852:	29 f0       	breq	.+10     	; 0x185e <__vector_2+0x38>
    1854:	e0 91 64 08 	lds	r30, 0x0864	; 0x800864 <intFunc+0x2>
    1858:	f0 91 65 08 	lds	r31, 0x0865	; 0x800865 <intFunc+0x3>
    185c:	09 95       	icall
    185e:	ff 91       	pop	r31
    1860:	ef 91       	pop	r30
    1862:	bf 91       	pop	r27
    1864:	af 91       	pop	r26
    1866:	9f 91       	pop	r25
    1868:	8f 91       	pop	r24
    186a:	7f 91       	pop	r23
    186c:	6f 91       	pop	r22
    186e:	5f 91       	pop	r21
    1870:	4f 91       	pop	r20
    1872:	3f 91       	pop	r19
    1874:	2f 91       	pop	r18
    1876:	0f 90       	pop	r0
    1878:	0f be       	out	0x3f, r0	; 63
    187a:	0f 90       	pop	r0
    187c:	1f 90       	pop	r1
    187e:	18 95       	reti

00001880 <USART_init>:



void USART_init(void){
	
	UBRR0H = (uint8_t)(BAUD_PRESCALLER>>8);
    1880:	10 92 c5 00 	sts	0x00C5, r1	; 0x8000c5 <__DATA_REGION_ORIGIN__+0x65>
	UBRR0L = (uint8_t)(BAUD_PRESCALLER);
    1884:	87 e6       	ldi	r24, 0x67	; 103
    1886:	80 93 c4 00 	sts	0x00C4, r24	; 0x8000c4 <__DATA_REGION_ORIGIN__+0x64>
	UCSR0B = (1<<RXEN0)|(1<<TXEN0)|(1<<UCSZ02);
    188a:	8c e1       	ldi	r24, 0x1C	; 28
    188c:	80 93 c1 00 	sts	0x00C1, r24	; 0x8000c1 <__DATA_REGION_ORIGIN__+0x61>
	UCSR0C = ((1<<UCSZ00)|(1<<UCSZ01));
    1890:	86 e0       	ldi	r24, 0x06	; 6
    1892:	80 93 c2 00 	sts	0x00C2, r24	; 0x8000c2 <__DATA_REGION_ORIGIN__+0x62>
    1896:	08 95       	ret

00001898 <USART_send>:
	}
}

void USART_send( unsigned char data){
	
	while(!(UCSR0A & (1<<UDRE0)));
    1898:	e0 ec       	ldi	r30, 0xC0	; 192
    189a:	f0 e0       	ldi	r31, 0x00	; 0
    189c:	90 81       	ld	r25, Z
    189e:	95 ff       	sbrs	r25, 5
    18a0:	fd cf       	rjmp	.-6      	; 0x189c <USART_send+0x4>
	UDR0 = data;
    18a2:	80 93 c6 00 	sts	0x00C6, r24	; 0x8000c6 <__DATA_REGION_ORIGIN__+0x66>
    18a6:	08 95       	ret

000018a8 <USART_sendstr>:
	UCSR0B = (1<<RXEN0)|(1<<TXEN0)|(1<<UCSZ02);
	UCSR0C = ((1<<UCSZ00)|(1<<UCSZ01));
}


void USART_sendstr( unsigned char* str){
    18a8:	cf 93       	push	r28
    18aa:	df 93       	push	r29
    18ac:	ec 01       	movw	r28, r24
	int i =0;
	
	while (str[i] != 0x00)
    18ae:	88 81       	ld	r24, Y
    18b0:	88 23       	and	r24, r24
    18b2:	31 f0       	breq	.+12     	; 0x18c0 <USART_sendstr+0x18>
    18b4:	21 96       	adiw	r28, 0x01	; 1
	{
		USART_send(str[i]);
    18b6:	0e 94 4c 0c 	call	0x1898	; 0x1898 <USART_send>


void USART_sendstr( unsigned char* str){
	int i =0;
	
	while (str[i] != 0x00)
    18ba:	89 91       	ld	r24, Y+
    18bc:	81 11       	cpse	r24, r1
    18be:	fb cf       	rjmp	.-10     	; 0x18b6 <USART_sendstr+0xe>
	{
		USART_send(str[i]);
		i++;
	}
}
    18c0:	df 91       	pop	r29
    18c2:	cf 91       	pop	r28
    18c4:	08 95       	ret

000018c6 <__divmodsi4>:
    18c6:	05 2e       	mov	r0, r21
    18c8:	97 fb       	bst	r25, 7
    18ca:	1e f4       	brtc	.+6      	; 0x18d2 <__divmodsi4+0xc>
    18cc:	00 94       	com	r0
    18ce:	0e 94 7a 0c 	call	0x18f4	; 0x18f4 <__negsi2>
    18d2:	57 fd       	sbrc	r21, 7
    18d4:	07 d0       	rcall	.+14     	; 0x18e4 <__divmodsi4_neg2>
    18d6:	0e 94 8d 0c 	call	0x191a	; 0x191a <__udivmodsi4>
    18da:	07 fc       	sbrc	r0, 7
    18dc:	03 d0       	rcall	.+6      	; 0x18e4 <__divmodsi4_neg2>
    18de:	4e f4       	brtc	.+18     	; 0x18f2 <__divmodsi4_exit>
    18e0:	0c 94 7a 0c 	jmp	0x18f4	; 0x18f4 <__negsi2>

000018e4 <__divmodsi4_neg2>:
    18e4:	50 95       	com	r21
    18e6:	40 95       	com	r20
    18e8:	30 95       	com	r19
    18ea:	21 95       	neg	r18
    18ec:	3f 4f       	sbci	r19, 0xFF	; 255
    18ee:	4f 4f       	sbci	r20, 0xFF	; 255
    18f0:	5f 4f       	sbci	r21, 0xFF	; 255

000018f2 <__divmodsi4_exit>:
    18f2:	08 95       	ret

000018f4 <__negsi2>:
    18f4:	90 95       	com	r25
    18f6:	80 95       	com	r24
    18f8:	70 95       	com	r23
    18fa:	61 95       	neg	r22
    18fc:	7f 4f       	sbci	r23, 0xFF	; 255
    18fe:	8f 4f       	sbci	r24, 0xFF	; 255
    1900:	9f 4f       	sbci	r25, 0xFF	; 255
    1902:	08 95       	ret

00001904 <__muluhisi3>:
    1904:	0e 94 af 0c 	call	0x195e	; 0x195e <__umulhisi3>
    1908:	a5 9f       	mul	r26, r21
    190a:	90 0d       	add	r25, r0
    190c:	b4 9f       	mul	r27, r20
    190e:	90 0d       	add	r25, r0
    1910:	a4 9f       	mul	r26, r20
    1912:	80 0d       	add	r24, r0
    1914:	91 1d       	adc	r25, r1
    1916:	11 24       	eor	r1, r1
    1918:	08 95       	ret

0000191a <__udivmodsi4>:
    191a:	a1 e2       	ldi	r26, 0x21	; 33
    191c:	1a 2e       	mov	r1, r26
    191e:	aa 1b       	sub	r26, r26
    1920:	bb 1b       	sub	r27, r27
    1922:	fd 01       	movw	r30, r26
    1924:	0d c0       	rjmp	.+26     	; 0x1940 <__udivmodsi4_ep>

00001926 <__udivmodsi4_loop>:
    1926:	aa 1f       	adc	r26, r26
    1928:	bb 1f       	adc	r27, r27
    192a:	ee 1f       	adc	r30, r30
    192c:	ff 1f       	adc	r31, r31
    192e:	a2 17       	cp	r26, r18
    1930:	b3 07       	cpc	r27, r19
    1932:	e4 07       	cpc	r30, r20
    1934:	f5 07       	cpc	r31, r21
    1936:	20 f0       	brcs	.+8      	; 0x1940 <__udivmodsi4_ep>
    1938:	a2 1b       	sub	r26, r18
    193a:	b3 0b       	sbc	r27, r19
    193c:	e4 0b       	sbc	r30, r20
    193e:	f5 0b       	sbc	r31, r21

00001940 <__udivmodsi4_ep>:
    1940:	66 1f       	adc	r22, r22
    1942:	77 1f       	adc	r23, r23
    1944:	88 1f       	adc	r24, r24
    1946:	99 1f       	adc	r25, r25
    1948:	1a 94       	dec	r1
    194a:	69 f7       	brne	.-38     	; 0x1926 <__udivmodsi4_loop>
    194c:	60 95       	com	r22
    194e:	70 95       	com	r23
    1950:	80 95       	com	r24
    1952:	90 95       	com	r25
    1954:	9b 01       	movw	r18, r22
    1956:	ac 01       	movw	r20, r24
    1958:	bd 01       	movw	r22, r26
    195a:	cf 01       	movw	r24, r30
    195c:	08 95       	ret

0000195e <__umulhisi3>:
    195e:	a2 9f       	mul	r26, r18
    1960:	b0 01       	movw	r22, r0
    1962:	b3 9f       	mul	r27, r19
    1964:	c0 01       	movw	r24, r0
    1966:	a3 9f       	mul	r26, r19
    1968:	70 0d       	add	r23, r0
    196a:	81 1d       	adc	r24, r1
    196c:	11 24       	eor	r1, r1
    196e:	91 1d       	adc	r25, r1
    1970:	b2 9f       	mul	r27, r18
    1972:	70 0d       	add	r23, r0
    1974:	81 1d       	adc	r24, r1
    1976:	11 24       	eor	r1, r1
    1978:	91 1d       	adc	r25, r1
    197a:	08 95       	ret

0000197c <strtol>:
    197c:	a0 e0       	ldi	r26, 0x00	; 0
    197e:	b0 e0       	ldi	r27, 0x00	; 0
    1980:	e4 ec       	ldi	r30, 0xC4	; 196
    1982:	fc e0       	ldi	r31, 0x0C	; 12
    1984:	0c 94 ad 10 	jmp	0x215a	; 0x215a <__prologue_saves__+0x2>
    1988:	5c 01       	movw	r10, r24
    198a:	6b 01       	movw	r12, r22
    198c:	7a 01       	movw	r14, r20
    198e:	61 15       	cp	r22, r1
    1990:	71 05       	cpc	r23, r1
    1992:	19 f0       	breq	.+6      	; 0x199a <strtol+0x1e>
    1994:	fb 01       	movw	r30, r22
    1996:	91 83       	std	Z+1, r25	; 0x01
    1998:	80 83       	st	Z, r24
    199a:	e1 14       	cp	r14, r1
    199c:	f1 04       	cpc	r15, r1
    199e:	29 f0       	breq	.+10     	; 0x19aa <strtol+0x2e>
    19a0:	c7 01       	movw	r24, r14
    19a2:	02 97       	sbiw	r24, 0x02	; 2
    19a4:	83 97       	sbiw	r24, 0x23	; 35
    19a6:	08 f0       	brcs	.+2      	; 0x19aa <strtol+0x2e>
    19a8:	e5 c0       	rjmp	.+458    	; 0x1b74 <strtol+0x1f8>
    19aa:	e5 01       	movw	r28, r10
    19ac:	21 96       	adiw	r28, 0x01	; 1
    19ae:	f5 01       	movw	r30, r10
    19b0:	10 81       	ld	r17, Z
    19b2:	81 2f       	mov	r24, r17
    19b4:	90 e0       	ldi	r25, 0x00	; 0
    19b6:	0e 94 d4 0d 	call	0x1ba8	; 0x1ba8 <isspace>
    19ba:	89 2b       	or	r24, r25
    19bc:	11 f0       	breq	.+4      	; 0x19c2 <strtol+0x46>
    19be:	5e 01       	movw	r10, r28
    19c0:	f4 cf       	rjmp	.-24     	; 0x19aa <strtol+0x2e>
    19c2:	1d 32       	cpi	r17, 0x2D	; 45
    19c4:	29 f4       	brne	.+10     	; 0x19d0 <strtol+0x54>
    19c6:	21 96       	adiw	r28, 0x01	; 1
    19c8:	f5 01       	movw	r30, r10
    19ca:	11 81       	ldd	r17, Z+1	; 0x01
    19cc:	01 e0       	ldi	r16, 0x01	; 1
    19ce:	07 c0       	rjmp	.+14     	; 0x19de <strtol+0x62>
    19d0:	1b 32       	cpi	r17, 0x2B	; 43
    19d2:	21 f4       	brne	.+8      	; 0x19dc <strtol+0x60>
    19d4:	e5 01       	movw	r28, r10
    19d6:	22 96       	adiw	r28, 0x02	; 2
    19d8:	f5 01       	movw	r30, r10
    19da:	11 81       	ldd	r17, Z+1	; 0x01
    19dc:	00 e0       	ldi	r16, 0x00	; 0
    19de:	e1 14       	cp	r14, r1
    19e0:	f1 04       	cpc	r15, r1
    19e2:	09 f1       	breq	.+66     	; 0x1a26 <strtol+0xaa>
    19e4:	f0 e1       	ldi	r31, 0x10	; 16
    19e6:	ef 16       	cp	r14, r31
    19e8:	f1 04       	cpc	r15, r1
    19ea:	29 f4       	brne	.+10     	; 0x19f6 <strtol+0x7a>
    19ec:	3f c0       	rjmp	.+126    	; 0x1a6c <strtol+0xf0>
    19ee:	10 e3       	ldi	r17, 0x30	; 48
    19f0:	e1 14       	cp	r14, r1
    19f2:	f1 04       	cpc	r15, r1
    19f4:	21 f1       	breq	.+72     	; 0x1a3e <strtol+0xc2>
    19f6:	28 e0       	ldi	r18, 0x08	; 8
    19f8:	e2 16       	cp	r14, r18
    19fa:	f1 04       	cpc	r15, r1
    19fc:	01 f1       	breq	.+64     	; 0x1a3e <strtol+0xc2>
    19fe:	54 f4       	brge	.+20     	; 0x1a14 <strtol+0x98>
    1a00:	e2 e0       	ldi	r30, 0x02	; 2
    1a02:	ee 16       	cp	r14, r30
    1a04:	f1 04       	cpc	r15, r1
    1a06:	21 f5       	brne	.+72     	; 0x1a50 <strtol+0xd4>
    1a08:	81 2c       	mov	r8, r1
    1a0a:	91 2c       	mov	r9, r1
    1a0c:	a1 2c       	mov	r10, r1
    1a0e:	b0 e4       	ldi	r27, 0x40	; 64
    1a10:	bb 2e       	mov	r11, r27
    1a12:	3e c0       	rjmp	.+124    	; 0x1a90 <strtol+0x114>
    1a14:	fa e0       	ldi	r31, 0x0A	; 10
    1a16:	ef 16       	cp	r14, r31
    1a18:	f1 04       	cpc	r15, r1
    1a1a:	39 f0       	breq	.+14     	; 0x1a2a <strtol+0xae>
    1a1c:	20 e1       	ldi	r18, 0x10	; 16
    1a1e:	e2 16       	cp	r14, r18
    1a20:	f1 04       	cpc	r15, r1
    1a22:	b1 f4       	brne	.+44     	; 0x1a50 <strtol+0xd4>
    1a24:	30 c0       	rjmp	.+96     	; 0x1a86 <strtol+0x10a>
    1a26:	10 33       	cpi	r17, 0x30	; 48
    1a28:	19 f1       	breq	.+70     	; 0x1a70 <strtol+0xf4>
    1a2a:	fa e0       	ldi	r31, 0x0A	; 10
    1a2c:	ef 2e       	mov	r14, r31
    1a2e:	f1 2c       	mov	r15, r1
    1a30:	ac ec       	ldi	r26, 0xCC	; 204
    1a32:	8a 2e       	mov	r8, r26
    1a34:	98 2c       	mov	r9, r8
    1a36:	a8 2c       	mov	r10, r8
    1a38:	ac e0       	ldi	r26, 0x0C	; 12
    1a3a:	ba 2e       	mov	r11, r26
    1a3c:	29 c0       	rjmp	.+82     	; 0x1a90 <strtol+0x114>
    1a3e:	78 e0       	ldi	r23, 0x08	; 8
    1a40:	e7 2e       	mov	r14, r23
    1a42:	f1 2c       	mov	r15, r1
    1a44:	81 2c       	mov	r8, r1
    1a46:	91 2c       	mov	r9, r1
    1a48:	a1 2c       	mov	r10, r1
    1a4a:	e0 e1       	ldi	r30, 0x10	; 16
    1a4c:	be 2e       	mov	r11, r30
    1a4e:	20 c0       	rjmp	.+64     	; 0x1a90 <strtol+0x114>
    1a50:	60 e0       	ldi	r22, 0x00	; 0
    1a52:	70 e0       	ldi	r23, 0x00	; 0
    1a54:	80 e0       	ldi	r24, 0x00	; 0
    1a56:	90 e8       	ldi	r25, 0x80	; 128
    1a58:	97 01       	movw	r18, r14
    1a5a:	0f 2c       	mov	r0, r15
    1a5c:	00 0c       	add	r0, r0
    1a5e:	44 0b       	sbc	r20, r20
    1a60:	55 0b       	sbc	r21, r21
    1a62:	0e 94 8d 0c 	call	0x191a	; 0x191a <__udivmodsi4>
    1a66:	49 01       	movw	r8, r18
    1a68:	5a 01       	movw	r10, r20
    1a6a:	12 c0       	rjmp	.+36     	; 0x1a90 <strtol+0x114>
    1a6c:	10 33       	cpi	r17, 0x30	; 48
    1a6e:	59 f4       	brne	.+22     	; 0x1a86 <strtol+0x10a>
    1a70:	88 81       	ld	r24, Y
    1a72:	8f 7d       	andi	r24, 0xDF	; 223
    1a74:	88 35       	cpi	r24, 0x58	; 88
    1a76:	09 f0       	breq	.+2      	; 0x1a7a <strtol+0xfe>
    1a78:	ba cf       	rjmp	.-140    	; 0x19ee <strtol+0x72>
    1a7a:	19 81       	ldd	r17, Y+1	; 0x01
    1a7c:	22 96       	adiw	r28, 0x02	; 2
    1a7e:	02 60       	ori	r16, 0x02	; 2
    1a80:	80 e1       	ldi	r24, 0x10	; 16
    1a82:	e8 2e       	mov	r14, r24
    1a84:	f1 2c       	mov	r15, r1
    1a86:	81 2c       	mov	r8, r1
    1a88:	91 2c       	mov	r9, r1
    1a8a:	a1 2c       	mov	r10, r1
    1a8c:	68 e0       	ldi	r22, 0x08	; 8
    1a8e:	b6 2e       	mov	r11, r22
    1a90:	40 e0       	ldi	r20, 0x00	; 0
    1a92:	60 e0       	ldi	r22, 0x00	; 0
    1a94:	70 e0       	ldi	r23, 0x00	; 0
    1a96:	cb 01       	movw	r24, r22
    1a98:	27 01       	movw	r4, r14
    1a9a:	0f 2c       	mov	r0, r15
    1a9c:	00 0c       	add	r0, r0
    1a9e:	66 08       	sbc	r6, r6
    1aa0:	77 08       	sbc	r7, r7
    1aa2:	fe 01       	movw	r30, r28
    1aa4:	50 ed       	ldi	r21, 0xD0	; 208
    1aa6:	35 2e       	mov	r3, r21
    1aa8:	31 0e       	add	r3, r17
    1aaa:	29 e0       	ldi	r18, 0x09	; 9
    1aac:	23 15       	cp	r18, r3
    1aae:	70 f4       	brcc	.+28     	; 0x1acc <strtol+0x150>
    1ab0:	2f eb       	ldi	r18, 0xBF	; 191
    1ab2:	21 0f       	add	r18, r17
    1ab4:	2a 31       	cpi	r18, 0x1A	; 26
    1ab6:	18 f4       	brcc	.+6      	; 0x1abe <strtol+0x142>
    1ab8:	39 ec       	ldi	r19, 0xC9	; 201
    1aba:	33 2e       	mov	r3, r19
    1abc:	06 c0       	rjmp	.+12     	; 0x1aca <strtol+0x14e>
    1abe:	2f e9       	ldi	r18, 0x9F	; 159
    1ac0:	21 0f       	add	r18, r17
    1ac2:	2a 31       	cpi	r18, 0x1A	; 26
    1ac4:	18 f5       	brcc	.+70     	; 0x1b0c <strtol+0x190>
    1ac6:	29 ea       	ldi	r18, 0xA9	; 169
    1ac8:	32 2e       	mov	r3, r18
    1aca:	31 0e       	add	r3, r17
    1acc:	23 2d       	mov	r18, r3
    1ace:	30 e0       	ldi	r19, 0x00	; 0
    1ad0:	2e 15       	cp	r18, r14
    1ad2:	3f 05       	cpc	r19, r15
    1ad4:	dc f4       	brge	.+54     	; 0x1b0c <strtol+0x190>
    1ad6:	47 fd       	sbrc	r20, 7
    1ad8:	16 c0       	rjmp	.+44     	; 0x1b06 <strtol+0x18a>
    1ada:	86 16       	cp	r8, r22
    1adc:	97 06       	cpc	r9, r23
    1ade:	a8 06       	cpc	r10, r24
    1ae0:	b9 06       	cpc	r11, r25
    1ae2:	70 f0       	brcs	.+28     	; 0x1b00 <strtol+0x184>
    1ae4:	a3 01       	movw	r20, r6
    1ae6:	92 01       	movw	r18, r4
    1ae8:	0e 94 9c 10 	call	0x2138	; 0x2138 <__mulsi3>
    1aec:	63 0d       	add	r22, r3
    1aee:	71 1d       	adc	r23, r1
    1af0:	81 1d       	adc	r24, r1
    1af2:	91 1d       	adc	r25, r1
    1af4:	61 30       	cpi	r22, 0x01	; 1
    1af6:	71 05       	cpc	r23, r1
    1af8:	81 05       	cpc	r24, r1
    1afa:	20 e8       	ldi	r18, 0x80	; 128
    1afc:	92 07       	cpc	r25, r18
    1afe:	10 f0       	brcs	.+4      	; 0x1b04 <strtol+0x188>
    1b00:	4f ef       	ldi	r20, 0xFF	; 255
    1b02:	01 c0       	rjmp	.+2      	; 0x1b06 <strtol+0x18a>
    1b04:	41 e0       	ldi	r20, 0x01	; 1
    1b06:	21 96       	adiw	r28, 0x01	; 1
    1b08:	10 81       	ld	r17, Z
    1b0a:	cb cf       	rjmp	.-106    	; 0x1aa2 <strtol+0x126>
    1b0c:	20 2f       	mov	r18, r16
    1b0e:	21 70       	andi	r18, 0x01	; 1
    1b10:	c1 14       	cp	r12, r1
    1b12:	d1 04       	cpc	r13, r1
    1b14:	71 f0       	breq	.+28     	; 0x1b32 <strtol+0x1b6>
    1b16:	44 23       	and	r20, r20
    1b18:	29 f0       	breq	.+10     	; 0x1b24 <strtol+0x1a8>
    1b1a:	21 97       	sbiw	r28, 0x01	; 1
    1b1c:	f6 01       	movw	r30, r12
    1b1e:	d1 83       	std	Z+1, r29	; 0x01
    1b20:	c0 83       	st	Z, r28
    1b22:	07 c0       	rjmp	.+14     	; 0x1b32 <strtol+0x1b6>
    1b24:	01 ff       	sbrs	r16, 1
    1b26:	19 c0       	rjmp	.+50     	; 0x1b5a <strtol+0x1de>
    1b28:	22 97       	sbiw	r28, 0x02	; 2
    1b2a:	f6 01       	movw	r30, r12
    1b2c:	d1 83       	std	Z+1, r29	; 0x01
    1b2e:	c0 83       	st	Z, r28
    1b30:	14 c0       	rjmp	.+40     	; 0x1b5a <strtol+0x1de>
    1b32:	47 ff       	sbrs	r20, 7
    1b34:	12 c0       	rjmp	.+36     	; 0x1b5a <strtol+0x1de>
    1b36:	22 23       	and	r18, r18
    1b38:	29 f0       	breq	.+10     	; 0x1b44 <strtol+0x1c8>
    1b3a:	60 e0       	ldi	r22, 0x00	; 0
    1b3c:	70 e0       	ldi	r23, 0x00	; 0
    1b3e:	80 e0       	ldi	r24, 0x00	; 0
    1b40:	90 e8       	ldi	r25, 0x80	; 128
    1b42:	04 c0       	rjmp	.+8      	; 0x1b4c <strtol+0x1d0>
    1b44:	6f ef       	ldi	r22, 0xFF	; 255
    1b46:	7f ef       	ldi	r23, 0xFF	; 255
    1b48:	8f ef       	ldi	r24, 0xFF	; 255
    1b4a:	9f e7       	ldi	r25, 0x7F	; 127
    1b4c:	22 e2       	ldi	r18, 0x22	; 34
    1b4e:	30 e0       	ldi	r19, 0x00	; 0
    1b50:	30 93 67 08 	sts	0x0867, r19	; 0x800867 <errno+0x1>
    1b54:	20 93 66 08 	sts	0x0866, r18	; 0x800866 <errno>
    1b58:	09 c0       	rjmp	.+18     	; 0x1b6c <strtol+0x1f0>
    1b5a:	22 23       	and	r18, r18
    1b5c:	81 f0       	breq	.+32     	; 0x1b7e <strtol+0x202>
    1b5e:	90 95       	com	r25
    1b60:	80 95       	com	r24
    1b62:	70 95       	com	r23
    1b64:	61 95       	neg	r22
    1b66:	7f 4f       	sbci	r23, 0xFF	; 255
    1b68:	8f 4f       	sbci	r24, 0xFF	; 255
    1b6a:	9f 4f       	sbci	r25, 0xFF	; 255
    1b6c:	46 2f       	mov	r20, r22
    1b6e:	37 2f       	mov	r19, r23
    1b70:	28 2f       	mov	r18, r24
    1b72:	12 c0       	rjmp	.+36     	; 0x1b98 <strtol+0x21c>
    1b74:	40 e0       	ldi	r20, 0x00	; 0
    1b76:	30 e0       	ldi	r19, 0x00	; 0
    1b78:	20 e0       	ldi	r18, 0x00	; 0
    1b7a:	90 e0       	ldi	r25, 0x00	; 0
    1b7c:	0d c0       	rjmp	.+26     	; 0x1b98 <strtol+0x21c>
    1b7e:	97 ff       	sbrs	r25, 7
    1b80:	f5 cf       	rjmp	.-22     	; 0x1b6c <strtol+0x1f0>
    1b82:	82 e2       	ldi	r24, 0x22	; 34
    1b84:	90 e0       	ldi	r25, 0x00	; 0
    1b86:	90 93 67 08 	sts	0x0867, r25	; 0x800867 <errno+0x1>
    1b8a:	80 93 66 08 	sts	0x0866, r24	; 0x800866 <errno>
    1b8e:	6f ef       	ldi	r22, 0xFF	; 255
    1b90:	7f ef       	ldi	r23, 0xFF	; 255
    1b92:	8f ef       	ldi	r24, 0xFF	; 255
    1b94:	9f e7       	ldi	r25, 0x7F	; 127
    1b96:	ea cf       	rjmp	.-44     	; 0x1b6c <strtol+0x1f0>
    1b98:	64 2f       	mov	r22, r20
    1b9a:	73 2f       	mov	r23, r19
    1b9c:	82 2f       	mov	r24, r18
    1b9e:	cd b7       	in	r28, 0x3d	; 61
    1ba0:	de b7       	in	r29, 0x3e	; 62
    1ba2:	e1 e1       	ldi	r30, 0x11	; 17
    1ba4:	0c 94 c9 10 	jmp	0x2192	; 0x2192 <__epilogue_restores__+0x2>

00001ba8 <isspace>:
    1ba8:	91 11       	cpse	r25, r1
    1baa:	0c 94 e9 0f 	jmp	0x1fd2	; 0x1fd2 <__ctype_isfalse>
    1bae:	80 32       	cpi	r24, 0x20	; 32
    1bb0:	19 f0       	breq	.+6      	; 0x1bb8 <isspace+0x10>
    1bb2:	89 50       	subi	r24, 0x09	; 9
    1bb4:	85 50       	subi	r24, 0x05	; 5
    1bb6:	c8 f7       	brcc	.-14     	; 0x1baa <isspace+0x2>
    1bb8:	08 95       	ret

00001bba <memcpy>:
    1bba:	fb 01       	movw	r30, r22
    1bbc:	dc 01       	movw	r26, r24
    1bbe:	02 c0       	rjmp	.+4      	; 0x1bc4 <memcpy+0xa>
    1bc0:	01 90       	ld	r0, Z+
    1bc2:	0d 92       	st	X+, r0
    1bc4:	41 50       	subi	r20, 0x01	; 1
    1bc6:	50 40       	sbci	r21, 0x00	; 0
    1bc8:	d8 f7       	brcc	.-10     	; 0x1bc0 <memcpy+0x6>
    1bca:	08 95       	ret

00001bcc <sprintf>:
    1bcc:	ae e0       	ldi	r26, 0x0E	; 14
    1bce:	b0 e0       	ldi	r27, 0x00	; 0
    1bd0:	ec ee       	ldi	r30, 0xEC	; 236
    1bd2:	fd e0       	ldi	r31, 0x0D	; 13
    1bd4:	0c 94 ba 10 	jmp	0x2174	; 0x2174 <__prologue_saves__+0x1c>
    1bd8:	0d 89       	ldd	r16, Y+21	; 0x15
    1bda:	1e 89       	ldd	r17, Y+22	; 0x16
    1bdc:	86 e0       	ldi	r24, 0x06	; 6
    1bde:	8c 83       	std	Y+4, r24	; 0x04
    1be0:	1a 83       	std	Y+2, r17	; 0x02
    1be2:	09 83       	std	Y+1, r16	; 0x01
    1be4:	8f ef       	ldi	r24, 0xFF	; 255
    1be6:	9f e7       	ldi	r25, 0x7F	; 127
    1be8:	9e 83       	std	Y+6, r25	; 0x06
    1bea:	8d 83       	std	Y+5, r24	; 0x05
    1bec:	ae 01       	movw	r20, r28
    1bee:	47 5e       	subi	r20, 0xE7	; 231
    1bf0:	5f 4f       	sbci	r21, 0xFF	; 255
    1bf2:	6f 89       	ldd	r22, Y+23	; 0x17
    1bf4:	78 8d       	ldd	r23, Y+24	; 0x18
    1bf6:	ce 01       	movw	r24, r28
    1bf8:	01 96       	adiw	r24, 0x01	; 1
    1bfa:	0e 94 08 0e 	call	0x1c10	; 0x1c10 <vfprintf>
    1bfe:	ef 81       	ldd	r30, Y+7	; 0x07
    1c00:	f8 85       	ldd	r31, Y+8	; 0x08
    1c02:	e0 0f       	add	r30, r16
    1c04:	f1 1f       	adc	r31, r17
    1c06:	10 82       	st	Z, r1
    1c08:	2e 96       	adiw	r28, 0x0e	; 14
    1c0a:	e4 e0       	ldi	r30, 0x04	; 4
    1c0c:	0c 94 d6 10 	jmp	0x21ac	; 0x21ac <__epilogue_restores__+0x1c>

00001c10 <vfprintf>:
    1c10:	ab e0       	ldi	r26, 0x0B	; 11
    1c12:	b0 e0       	ldi	r27, 0x00	; 0
    1c14:	ee e0       	ldi	r30, 0x0E	; 14
    1c16:	fe e0       	ldi	r31, 0x0E	; 14
    1c18:	0c 94 ac 10 	jmp	0x2158	; 0x2158 <__prologue_saves__>
    1c1c:	6c 01       	movw	r12, r24
    1c1e:	7b 01       	movw	r14, r22
    1c20:	8a 01       	movw	r16, r20
    1c22:	fc 01       	movw	r30, r24
    1c24:	17 82       	std	Z+7, r1	; 0x07
    1c26:	16 82       	std	Z+6, r1	; 0x06
    1c28:	83 81       	ldd	r24, Z+3	; 0x03
    1c2a:	81 ff       	sbrs	r24, 1
    1c2c:	cc c1       	rjmp	.+920    	; 0x1fc6 <vfprintf+0x3b6>
    1c2e:	ce 01       	movw	r24, r28
    1c30:	01 96       	adiw	r24, 0x01	; 1
    1c32:	3c 01       	movw	r6, r24
    1c34:	f6 01       	movw	r30, r12
    1c36:	93 81       	ldd	r25, Z+3	; 0x03
    1c38:	f7 01       	movw	r30, r14
    1c3a:	93 fd       	sbrc	r25, 3
    1c3c:	85 91       	lpm	r24, Z+
    1c3e:	93 ff       	sbrs	r25, 3
    1c40:	81 91       	ld	r24, Z+
    1c42:	7f 01       	movw	r14, r30
    1c44:	88 23       	and	r24, r24
    1c46:	09 f4       	brne	.+2      	; 0x1c4a <vfprintf+0x3a>
    1c48:	ba c1       	rjmp	.+884    	; 0x1fbe <vfprintf+0x3ae>
    1c4a:	85 32       	cpi	r24, 0x25	; 37
    1c4c:	39 f4       	brne	.+14     	; 0x1c5c <vfprintf+0x4c>
    1c4e:	93 fd       	sbrc	r25, 3
    1c50:	85 91       	lpm	r24, Z+
    1c52:	93 ff       	sbrs	r25, 3
    1c54:	81 91       	ld	r24, Z+
    1c56:	7f 01       	movw	r14, r30
    1c58:	85 32       	cpi	r24, 0x25	; 37
    1c5a:	29 f4       	brne	.+10     	; 0x1c66 <vfprintf+0x56>
    1c5c:	b6 01       	movw	r22, r12
    1c5e:	90 e0       	ldi	r25, 0x00	; 0
    1c60:	0e 94 02 10 	call	0x2004	; 0x2004 <fputc>
    1c64:	e7 cf       	rjmp	.-50     	; 0x1c34 <vfprintf+0x24>
    1c66:	91 2c       	mov	r9, r1
    1c68:	21 2c       	mov	r2, r1
    1c6a:	31 2c       	mov	r3, r1
    1c6c:	ff e1       	ldi	r31, 0x1F	; 31
    1c6e:	f3 15       	cp	r31, r3
    1c70:	d8 f0       	brcs	.+54     	; 0x1ca8 <vfprintf+0x98>
    1c72:	8b 32       	cpi	r24, 0x2B	; 43
    1c74:	79 f0       	breq	.+30     	; 0x1c94 <vfprintf+0x84>
    1c76:	38 f4       	brcc	.+14     	; 0x1c86 <vfprintf+0x76>
    1c78:	80 32       	cpi	r24, 0x20	; 32
    1c7a:	79 f0       	breq	.+30     	; 0x1c9a <vfprintf+0x8a>
    1c7c:	83 32       	cpi	r24, 0x23	; 35
    1c7e:	a1 f4       	brne	.+40     	; 0x1ca8 <vfprintf+0x98>
    1c80:	23 2d       	mov	r18, r3
    1c82:	20 61       	ori	r18, 0x10	; 16
    1c84:	1d c0       	rjmp	.+58     	; 0x1cc0 <vfprintf+0xb0>
    1c86:	8d 32       	cpi	r24, 0x2D	; 45
    1c88:	61 f0       	breq	.+24     	; 0x1ca2 <vfprintf+0x92>
    1c8a:	80 33       	cpi	r24, 0x30	; 48
    1c8c:	69 f4       	brne	.+26     	; 0x1ca8 <vfprintf+0x98>
    1c8e:	23 2d       	mov	r18, r3
    1c90:	21 60       	ori	r18, 0x01	; 1
    1c92:	16 c0       	rjmp	.+44     	; 0x1cc0 <vfprintf+0xb0>
    1c94:	83 2d       	mov	r24, r3
    1c96:	82 60       	ori	r24, 0x02	; 2
    1c98:	38 2e       	mov	r3, r24
    1c9a:	e3 2d       	mov	r30, r3
    1c9c:	e4 60       	ori	r30, 0x04	; 4
    1c9e:	3e 2e       	mov	r3, r30
    1ca0:	2a c0       	rjmp	.+84     	; 0x1cf6 <vfprintf+0xe6>
    1ca2:	f3 2d       	mov	r31, r3
    1ca4:	f8 60       	ori	r31, 0x08	; 8
    1ca6:	1d c0       	rjmp	.+58     	; 0x1ce2 <vfprintf+0xd2>
    1ca8:	37 fc       	sbrc	r3, 7
    1caa:	2d c0       	rjmp	.+90     	; 0x1d06 <vfprintf+0xf6>
    1cac:	20 ed       	ldi	r18, 0xD0	; 208
    1cae:	28 0f       	add	r18, r24
    1cb0:	2a 30       	cpi	r18, 0x0A	; 10
    1cb2:	40 f0       	brcs	.+16     	; 0x1cc4 <vfprintf+0xb4>
    1cb4:	8e 32       	cpi	r24, 0x2E	; 46
    1cb6:	b9 f4       	brne	.+46     	; 0x1ce6 <vfprintf+0xd6>
    1cb8:	36 fc       	sbrc	r3, 6
    1cba:	81 c1       	rjmp	.+770    	; 0x1fbe <vfprintf+0x3ae>
    1cbc:	23 2d       	mov	r18, r3
    1cbe:	20 64       	ori	r18, 0x40	; 64
    1cc0:	32 2e       	mov	r3, r18
    1cc2:	19 c0       	rjmp	.+50     	; 0x1cf6 <vfprintf+0xe6>
    1cc4:	36 fe       	sbrs	r3, 6
    1cc6:	06 c0       	rjmp	.+12     	; 0x1cd4 <vfprintf+0xc4>
    1cc8:	8a e0       	ldi	r24, 0x0A	; 10
    1cca:	98 9e       	mul	r9, r24
    1ccc:	20 0d       	add	r18, r0
    1cce:	11 24       	eor	r1, r1
    1cd0:	92 2e       	mov	r9, r18
    1cd2:	11 c0       	rjmp	.+34     	; 0x1cf6 <vfprintf+0xe6>
    1cd4:	ea e0       	ldi	r30, 0x0A	; 10
    1cd6:	2e 9e       	mul	r2, r30
    1cd8:	20 0d       	add	r18, r0
    1cda:	11 24       	eor	r1, r1
    1cdc:	22 2e       	mov	r2, r18
    1cde:	f3 2d       	mov	r31, r3
    1ce0:	f0 62       	ori	r31, 0x20	; 32
    1ce2:	3f 2e       	mov	r3, r31
    1ce4:	08 c0       	rjmp	.+16     	; 0x1cf6 <vfprintf+0xe6>
    1ce6:	8c 36       	cpi	r24, 0x6C	; 108
    1ce8:	21 f4       	brne	.+8      	; 0x1cf2 <vfprintf+0xe2>
    1cea:	83 2d       	mov	r24, r3
    1cec:	80 68       	ori	r24, 0x80	; 128
    1cee:	38 2e       	mov	r3, r24
    1cf0:	02 c0       	rjmp	.+4      	; 0x1cf6 <vfprintf+0xe6>
    1cf2:	88 36       	cpi	r24, 0x68	; 104
    1cf4:	41 f4       	brne	.+16     	; 0x1d06 <vfprintf+0xf6>
    1cf6:	f7 01       	movw	r30, r14
    1cf8:	93 fd       	sbrc	r25, 3
    1cfa:	85 91       	lpm	r24, Z+
    1cfc:	93 ff       	sbrs	r25, 3
    1cfe:	81 91       	ld	r24, Z+
    1d00:	7f 01       	movw	r14, r30
    1d02:	81 11       	cpse	r24, r1
    1d04:	b3 cf       	rjmp	.-154    	; 0x1c6c <vfprintf+0x5c>
    1d06:	98 2f       	mov	r25, r24
    1d08:	9f 7d       	andi	r25, 0xDF	; 223
    1d0a:	95 54       	subi	r25, 0x45	; 69
    1d0c:	93 30       	cpi	r25, 0x03	; 3
    1d0e:	28 f4       	brcc	.+10     	; 0x1d1a <vfprintf+0x10a>
    1d10:	0c 5f       	subi	r16, 0xFC	; 252
    1d12:	1f 4f       	sbci	r17, 0xFF	; 255
    1d14:	9f e3       	ldi	r25, 0x3F	; 63
    1d16:	99 83       	std	Y+1, r25	; 0x01
    1d18:	0d c0       	rjmp	.+26     	; 0x1d34 <vfprintf+0x124>
    1d1a:	83 36       	cpi	r24, 0x63	; 99
    1d1c:	31 f0       	breq	.+12     	; 0x1d2a <vfprintf+0x11a>
    1d1e:	83 37       	cpi	r24, 0x73	; 115
    1d20:	71 f0       	breq	.+28     	; 0x1d3e <vfprintf+0x12e>
    1d22:	83 35       	cpi	r24, 0x53	; 83
    1d24:	09 f0       	breq	.+2      	; 0x1d28 <vfprintf+0x118>
    1d26:	59 c0       	rjmp	.+178    	; 0x1dda <vfprintf+0x1ca>
    1d28:	21 c0       	rjmp	.+66     	; 0x1d6c <vfprintf+0x15c>
    1d2a:	f8 01       	movw	r30, r16
    1d2c:	80 81       	ld	r24, Z
    1d2e:	89 83       	std	Y+1, r24	; 0x01
    1d30:	0e 5f       	subi	r16, 0xFE	; 254
    1d32:	1f 4f       	sbci	r17, 0xFF	; 255
    1d34:	88 24       	eor	r8, r8
    1d36:	83 94       	inc	r8
    1d38:	91 2c       	mov	r9, r1
    1d3a:	53 01       	movw	r10, r6
    1d3c:	13 c0       	rjmp	.+38     	; 0x1d64 <vfprintf+0x154>
    1d3e:	28 01       	movw	r4, r16
    1d40:	f2 e0       	ldi	r31, 0x02	; 2
    1d42:	4f 0e       	add	r4, r31
    1d44:	51 1c       	adc	r5, r1
    1d46:	f8 01       	movw	r30, r16
    1d48:	a0 80       	ld	r10, Z
    1d4a:	b1 80       	ldd	r11, Z+1	; 0x01
    1d4c:	36 fe       	sbrs	r3, 6
    1d4e:	03 c0       	rjmp	.+6      	; 0x1d56 <vfprintf+0x146>
    1d50:	69 2d       	mov	r22, r9
    1d52:	70 e0       	ldi	r23, 0x00	; 0
    1d54:	02 c0       	rjmp	.+4      	; 0x1d5a <vfprintf+0x14a>
    1d56:	6f ef       	ldi	r22, 0xFF	; 255
    1d58:	7f ef       	ldi	r23, 0xFF	; 255
    1d5a:	c5 01       	movw	r24, r10
    1d5c:	0e 94 f7 0f 	call	0x1fee	; 0x1fee <strnlen>
    1d60:	4c 01       	movw	r8, r24
    1d62:	82 01       	movw	r16, r4
    1d64:	f3 2d       	mov	r31, r3
    1d66:	ff 77       	andi	r31, 0x7F	; 127
    1d68:	3f 2e       	mov	r3, r31
    1d6a:	16 c0       	rjmp	.+44     	; 0x1d98 <vfprintf+0x188>
    1d6c:	28 01       	movw	r4, r16
    1d6e:	22 e0       	ldi	r18, 0x02	; 2
    1d70:	42 0e       	add	r4, r18
    1d72:	51 1c       	adc	r5, r1
    1d74:	f8 01       	movw	r30, r16
    1d76:	a0 80       	ld	r10, Z
    1d78:	b1 80       	ldd	r11, Z+1	; 0x01
    1d7a:	36 fe       	sbrs	r3, 6
    1d7c:	03 c0       	rjmp	.+6      	; 0x1d84 <vfprintf+0x174>
    1d7e:	69 2d       	mov	r22, r9
    1d80:	70 e0       	ldi	r23, 0x00	; 0
    1d82:	02 c0       	rjmp	.+4      	; 0x1d88 <vfprintf+0x178>
    1d84:	6f ef       	ldi	r22, 0xFF	; 255
    1d86:	7f ef       	ldi	r23, 0xFF	; 255
    1d88:	c5 01       	movw	r24, r10
    1d8a:	0e 94 ec 0f 	call	0x1fd8	; 0x1fd8 <strnlen_P>
    1d8e:	4c 01       	movw	r8, r24
    1d90:	f3 2d       	mov	r31, r3
    1d92:	f0 68       	ori	r31, 0x80	; 128
    1d94:	3f 2e       	mov	r3, r31
    1d96:	82 01       	movw	r16, r4
    1d98:	33 fc       	sbrc	r3, 3
    1d9a:	1b c0       	rjmp	.+54     	; 0x1dd2 <vfprintf+0x1c2>
    1d9c:	82 2d       	mov	r24, r2
    1d9e:	90 e0       	ldi	r25, 0x00	; 0
    1da0:	88 16       	cp	r8, r24
    1da2:	99 06       	cpc	r9, r25
    1da4:	b0 f4       	brcc	.+44     	; 0x1dd2 <vfprintf+0x1c2>
    1da6:	b6 01       	movw	r22, r12
    1da8:	80 e2       	ldi	r24, 0x20	; 32
    1daa:	90 e0       	ldi	r25, 0x00	; 0
    1dac:	0e 94 02 10 	call	0x2004	; 0x2004 <fputc>
    1db0:	2a 94       	dec	r2
    1db2:	f4 cf       	rjmp	.-24     	; 0x1d9c <vfprintf+0x18c>
    1db4:	f5 01       	movw	r30, r10
    1db6:	37 fc       	sbrc	r3, 7
    1db8:	85 91       	lpm	r24, Z+
    1dba:	37 fe       	sbrs	r3, 7
    1dbc:	81 91       	ld	r24, Z+
    1dbe:	5f 01       	movw	r10, r30
    1dc0:	b6 01       	movw	r22, r12
    1dc2:	90 e0       	ldi	r25, 0x00	; 0
    1dc4:	0e 94 02 10 	call	0x2004	; 0x2004 <fputc>
    1dc8:	21 10       	cpse	r2, r1
    1dca:	2a 94       	dec	r2
    1dcc:	21 e0       	ldi	r18, 0x01	; 1
    1dce:	82 1a       	sub	r8, r18
    1dd0:	91 08       	sbc	r9, r1
    1dd2:	81 14       	cp	r8, r1
    1dd4:	91 04       	cpc	r9, r1
    1dd6:	71 f7       	brne	.-36     	; 0x1db4 <vfprintf+0x1a4>
    1dd8:	e8 c0       	rjmp	.+464    	; 0x1faa <vfprintf+0x39a>
    1dda:	84 36       	cpi	r24, 0x64	; 100
    1ddc:	11 f0       	breq	.+4      	; 0x1de2 <vfprintf+0x1d2>
    1dde:	89 36       	cpi	r24, 0x69	; 105
    1de0:	41 f5       	brne	.+80     	; 0x1e32 <vfprintf+0x222>
    1de2:	f8 01       	movw	r30, r16
    1de4:	37 fe       	sbrs	r3, 7
    1de6:	07 c0       	rjmp	.+14     	; 0x1df6 <vfprintf+0x1e6>
    1de8:	60 81       	ld	r22, Z
    1dea:	71 81       	ldd	r23, Z+1	; 0x01
    1dec:	82 81       	ldd	r24, Z+2	; 0x02
    1dee:	93 81       	ldd	r25, Z+3	; 0x03
    1df0:	0c 5f       	subi	r16, 0xFC	; 252
    1df2:	1f 4f       	sbci	r17, 0xFF	; 255
    1df4:	08 c0       	rjmp	.+16     	; 0x1e06 <vfprintf+0x1f6>
    1df6:	60 81       	ld	r22, Z
    1df8:	71 81       	ldd	r23, Z+1	; 0x01
    1dfa:	07 2e       	mov	r0, r23
    1dfc:	00 0c       	add	r0, r0
    1dfe:	88 0b       	sbc	r24, r24
    1e00:	99 0b       	sbc	r25, r25
    1e02:	0e 5f       	subi	r16, 0xFE	; 254
    1e04:	1f 4f       	sbci	r17, 0xFF	; 255
    1e06:	f3 2d       	mov	r31, r3
    1e08:	ff 76       	andi	r31, 0x6F	; 111
    1e0a:	3f 2e       	mov	r3, r31
    1e0c:	97 ff       	sbrs	r25, 7
    1e0e:	09 c0       	rjmp	.+18     	; 0x1e22 <vfprintf+0x212>
    1e10:	90 95       	com	r25
    1e12:	80 95       	com	r24
    1e14:	70 95       	com	r23
    1e16:	61 95       	neg	r22
    1e18:	7f 4f       	sbci	r23, 0xFF	; 255
    1e1a:	8f 4f       	sbci	r24, 0xFF	; 255
    1e1c:	9f 4f       	sbci	r25, 0xFF	; 255
    1e1e:	f0 68       	ori	r31, 0x80	; 128
    1e20:	3f 2e       	mov	r3, r31
    1e22:	2a e0       	ldi	r18, 0x0A	; 10
    1e24:	30 e0       	ldi	r19, 0x00	; 0
    1e26:	a3 01       	movw	r20, r6
    1e28:	0e 94 3e 10 	call	0x207c	; 0x207c <__ultoa_invert>
    1e2c:	88 2e       	mov	r8, r24
    1e2e:	86 18       	sub	r8, r6
    1e30:	45 c0       	rjmp	.+138    	; 0x1ebc <vfprintf+0x2ac>
    1e32:	85 37       	cpi	r24, 0x75	; 117
    1e34:	31 f4       	brne	.+12     	; 0x1e42 <vfprintf+0x232>
    1e36:	23 2d       	mov	r18, r3
    1e38:	2f 7e       	andi	r18, 0xEF	; 239
    1e3a:	b2 2e       	mov	r11, r18
    1e3c:	2a e0       	ldi	r18, 0x0A	; 10
    1e3e:	30 e0       	ldi	r19, 0x00	; 0
    1e40:	25 c0       	rjmp	.+74     	; 0x1e8c <vfprintf+0x27c>
    1e42:	93 2d       	mov	r25, r3
    1e44:	99 7f       	andi	r25, 0xF9	; 249
    1e46:	b9 2e       	mov	r11, r25
    1e48:	8f 36       	cpi	r24, 0x6F	; 111
    1e4a:	c1 f0       	breq	.+48     	; 0x1e7c <vfprintf+0x26c>
    1e4c:	18 f4       	brcc	.+6      	; 0x1e54 <vfprintf+0x244>
    1e4e:	88 35       	cpi	r24, 0x58	; 88
    1e50:	79 f0       	breq	.+30     	; 0x1e70 <vfprintf+0x260>
    1e52:	b5 c0       	rjmp	.+362    	; 0x1fbe <vfprintf+0x3ae>
    1e54:	80 37       	cpi	r24, 0x70	; 112
    1e56:	19 f0       	breq	.+6      	; 0x1e5e <vfprintf+0x24e>
    1e58:	88 37       	cpi	r24, 0x78	; 120
    1e5a:	21 f0       	breq	.+8      	; 0x1e64 <vfprintf+0x254>
    1e5c:	b0 c0       	rjmp	.+352    	; 0x1fbe <vfprintf+0x3ae>
    1e5e:	e9 2f       	mov	r30, r25
    1e60:	e0 61       	ori	r30, 0x10	; 16
    1e62:	be 2e       	mov	r11, r30
    1e64:	b4 fe       	sbrs	r11, 4
    1e66:	0d c0       	rjmp	.+26     	; 0x1e82 <vfprintf+0x272>
    1e68:	fb 2d       	mov	r31, r11
    1e6a:	f4 60       	ori	r31, 0x04	; 4
    1e6c:	bf 2e       	mov	r11, r31
    1e6e:	09 c0       	rjmp	.+18     	; 0x1e82 <vfprintf+0x272>
    1e70:	34 fe       	sbrs	r3, 4
    1e72:	0a c0       	rjmp	.+20     	; 0x1e88 <vfprintf+0x278>
    1e74:	29 2f       	mov	r18, r25
    1e76:	26 60       	ori	r18, 0x06	; 6
    1e78:	b2 2e       	mov	r11, r18
    1e7a:	06 c0       	rjmp	.+12     	; 0x1e88 <vfprintf+0x278>
    1e7c:	28 e0       	ldi	r18, 0x08	; 8
    1e7e:	30 e0       	ldi	r19, 0x00	; 0
    1e80:	05 c0       	rjmp	.+10     	; 0x1e8c <vfprintf+0x27c>
    1e82:	20 e1       	ldi	r18, 0x10	; 16
    1e84:	30 e0       	ldi	r19, 0x00	; 0
    1e86:	02 c0       	rjmp	.+4      	; 0x1e8c <vfprintf+0x27c>
    1e88:	20 e1       	ldi	r18, 0x10	; 16
    1e8a:	32 e0       	ldi	r19, 0x02	; 2
    1e8c:	f8 01       	movw	r30, r16
    1e8e:	b7 fe       	sbrs	r11, 7
    1e90:	07 c0       	rjmp	.+14     	; 0x1ea0 <vfprintf+0x290>
    1e92:	60 81       	ld	r22, Z
    1e94:	71 81       	ldd	r23, Z+1	; 0x01
    1e96:	82 81       	ldd	r24, Z+2	; 0x02
    1e98:	93 81       	ldd	r25, Z+3	; 0x03
    1e9a:	0c 5f       	subi	r16, 0xFC	; 252
    1e9c:	1f 4f       	sbci	r17, 0xFF	; 255
    1e9e:	06 c0       	rjmp	.+12     	; 0x1eac <vfprintf+0x29c>
    1ea0:	60 81       	ld	r22, Z
    1ea2:	71 81       	ldd	r23, Z+1	; 0x01
    1ea4:	80 e0       	ldi	r24, 0x00	; 0
    1ea6:	90 e0       	ldi	r25, 0x00	; 0
    1ea8:	0e 5f       	subi	r16, 0xFE	; 254
    1eaa:	1f 4f       	sbci	r17, 0xFF	; 255
    1eac:	a3 01       	movw	r20, r6
    1eae:	0e 94 3e 10 	call	0x207c	; 0x207c <__ultoa_invert>
    1eb2:	88 2e       	mov	r8, r24
    1eb4:	86 18       	sub	r8, r6
    1eb6:	fb 2d       	mov	r31, r11
    1eb8:	ff 77       	andi	r31, 0x7F	; 127
    1eba:	3f 2e       	mov	r3, r31
    1ebc:	36 fe       	sbrs	r3, 6
    1ebe:	0d c0       	rjmp	.+26     	; 0x1eda <vfprintf+0x2ca>
    1ec0:	23 2d       	mov	r18, r3
    1ec2:	2e 7f       	andi	r18, 0xFE	; 254
    1ec4:	a2 2e       	mov	r10, r18
    1ec6:	89 14       	cp	r8, r9
    1ec8:	58 f4       	brcc	.+22     	; 0x1ee0 <vfprintf+0x2d0>
    1eca:	34 fe       	sbrs	r3, 4
    1ecc:	0b c0       	rjmp	.+22     	; 0x1ee4 <vfprintf+0x2d4>
    1ece:	32 fc       	sbrc	r3, 2
    1ed0:	09 c0       	rjmp	.+18     	; 0x1ee4 <vfprintf+0x2d4>
    1ed2:	83 2d       	mov	r24, r3
    1ed4:	8e 7e       	andi	r24, 0xEE	; 238
    1ed6:	a8 2e       	mov	r10, r24
    1ed8:	05 c0       	rjmp	.+10     	; 0x1ee4 <vfprintf+0x2d4>
    1eda:	b8 2c       	mov	r11, r8
    1edc:	a3 2c       	mov	r10, r3
    1ede:	03 c0       	rjmp	.+6      	; 0x1ee6 <vfprintf+0x2d6>
    1ee0:	b8 2c       	mov	r11, r8
    1ee2:	01 c0       	rjmp	.+2      	; 0x1ee6 <vfprintf+0x2d6>
    1ee4:	b9 2c       	mov	r11, r9
    1ee6:	a4 fe       	sbrs	r10, 4
    1ee8:	0f c0       	rjmp	.+30     	; 0x1f08 <vfprintf+0x2f8>
    1eea:	fe 01       	movw	r30, r28
    1eec:	e8 0d       	add	r30, r8
    1eee:	f1 1d       	adc	r31, r1
    1ef0:	80 81       	ld	r24, Z
    1ef2:	80 33       	cpi	r24, 0x30	; 48
    1ef4:	21 f4       	brne	.+8      	; 0x1efe <vfprintf+0x2ee>
    1ef6:	9a 2d       	mov	r25, r10
    1ef8:	99 7e       	andi	r25, 0xE9	; 233
    1efa:	a9 2e       	mov	r10, r25
    1efc:	09 c0       	rjmp	.+18     	; 0x1f10 <vfprintf+0x300>
    1efe:	a2 fe       	sbrs	r10, 2
    1f00:	06 c0       	rjmp	.+12     	; 0x1f0e <vfprintf+0x2fe>
    1f02:	b3 94       	inc	r11
    1f04:	b3 94       	inc	r11
    1f06:	04 c0       	rjmp	.+8      	; 0x1f10 <vfprintf+0x300>
    1f08:	8a 2d       	mov	r24, r10
    1f0a:	86 78       	andi	r24, 0x86	; 134
    1f0c:	09 f0       	breq	.+2      	; 0x1f10 <vfprintf+0x300>
    1f0e:	b3 94       	inc	r11
    1f10:	a3 fc       	sbrc	r10, 3
    1f12:	11 c0       	rjmp	.+34     	; 0x1f36 <vfprintf+0x326>
    1f14:	a0 fe       	sbrs	r10, 0
    1f16:	06 c0       	rjmp	.+12     	; 0x1f24 <vfprintf+0x314>
    1f18:	b2 14       	cp	r11, r2
    1f1a:	88 f4       	brcc	.+34     	; 0x1f3e <vfprintf+0x32e>
    1f1c:	28 0c       	add	r2, r8
    1f1e:	92 2c       	mov	r9, r2
    1f20:	9b 18       	sub	r9, r11
    1f22:	0e c0       	rjmp	.+28     	; 0x1f40 <vfprintf+0x330>
    1f24:	b2 14       	cp	r11, r2
    1f26:	60 f4       	brcc	.+24     	; 0x1f40 <vfprintf+0x330>
    1f28:	b6 01       	movw	r22, r12
    1f2a:	80 e2       	ldi	r24, 0x20	; 32
    1f2c:	90 e0       	ldi	r25, 0x00	; 0
    1f2e:	0e 94 02 10 	call	0x2004	; 0x2004 <fputc>
    1f32:	b3 94       	inc	r11
    1f34:	f7 cf       	rjmp	.-18     	; 0x1f24 <vfprintf+0x314>
    1f36:	b2 14       	cp	r11, r2
    1f38:	18 f4       	brcc	.+6      	; 0x1f40 <vfprintf+0x330>
    1f3a:	2b 18       	sub	r2, r11
    1f3c:	02 c0       	rjmp	.+4      	; 0x1f42 <vfprintf+0x332>
    1f3e:	98 2c       	mov	r9, r8
    1f40:	21 2c       	mov	r2, r1
    1f42:	a4 fe       	sbrs	r10, 4
    1f44:	10 c0       	rjmp	.+32     	; 0x1f66 <vfprintf+0x356>
    1f46:	b6 01       	movw	r22, r12
    1f48:	80 e3       	ldi	r24, 0x30	; 48
    1f4a:	90 e0       	ldi	r25, 0x00	; 0
    1f4c:	0e 94 02 10 	call	0x2004	; 0x2004 <fputc>
    1f50:	a2 fe       	sbrs	r10, 2
    1f52:	17 c0       	rjmp	.+46     	; 0x1f82 <vfprintf+0x372>
    1f54:	a1 fc       	sbrc	r10, 1
    1f56:	03 c0       	rjmp	.+6      	; 0x1f5e <vfprintf+0x34e>
    1f58:	88 e7       	ldi	r24, 0x78	; 120
    1f5a:	90 e0       	ldi	r25, 0x00	; 0
    1f5c:	02 c0       	rjmp	.+4      	; 0x1f62 <vfprintf+0x352>
    1f5e:	88 e5       	ldi	r24, 0x58	; 88
    1f60:	90 e0       	ldi	r25, 0x00	; 0
    1f62:	b6 01       	movw	r22, r12
    1f64:	0c c0       	rjmp	.+24     	; 0x1f7e <vfprintf+0x36e>
    1f66:	8a 2d       	mov	r24, r10
    1f68:	86 78       	andi	r24, 0x86	; 134
    1f6a:	59 f0       	breq	.+22     	; 0x1f82 <vfprintf+0x372>
    1f6c:	a1 fe       	sbrs	r10, 1
    1f6e:	02 c0       	rjmp	.+4      	; 0x1f74 <vfprintf+0x364>
    1f70:	8b e2       	ldi	r24, 0x2B	; 43
    1f72:	01 c0       	rjmp	.+2      	; 0x1f76 <vfprintf+0x366>
    1f74:	80 e2       	ldi	r24, 0x20	; 32
    1f76:	a7 fc       	sbrc	r10, 7
    1f78:	8d e2       	ldi	r24, 0x2D	; 45
    1f7a:	b6 01       	movw	r22, r12
    1f7c:	90 e0       	ldi	r25, 0x00	; 0
    1f7e:	0e 94 02 10 	call	0x2004	; 0x2004 <fputc>
    1f82:	89 14       	cp	r8, r9
    1f84:	38 f4       	brcc	.+14     	; 0x1f94 <vfprintf+0x384>
    1f86:	b6 01       	movw	r22, r12
    1f88:	80 e3       	ldi	r24, 0x30	; 48
    1f8a:	90 e0       	ldi	r25, 0x00	; 0
    1f8c:	0e 94 02 10 	call	0x2004	; 0x2004 <fputc>
    1f90:	9a 94       	dec	r9
    1f92:	f7 cf       	rjmp	.-18     	; 0x1f82 <vfprintf+0x372>
    1f94:	8a 94       	dec	r8
    1f96:	f3 01       	movw	r30, r6
    1f98:	e8 0d       	add	r30, r8
    1f9a:	f1 1d       	adc	r31, r1
    1f9c:	80 81       	ld	r24, Z
    1f9e:	b6 01       	movw	r22, r12
    1fa0:	90 e0       	ldi	r25, 0x00	; 0
    1fa2:	0e 94 02 10 	call	0x2004	; 0x2004 <fputc>
    1fa6:	81 10       	cpse	r8, r1
    1fa8:	f5 cf       	rjmp	.-22     	; 0x1f94 <vfprintf+0x384>
    1faa:	22 20       	and	r2, r2
    1fac:	09 f4       	brne	.+2      	; 0x1fb0 <vfprintf+0x3a0>
    1fae:	42 ce       	rjmp	.-892    	; 0x1c34 <vfprintf+0x24>
    1fb0:	b6 01       	movw	r22, r12
    1fb2:	80 e2       	ldi	r24, 0x20	; 32
    1fb4:	90 e0       	ldi	r25, 0x00	; 0
    1fb6:	0e 94 02 10 	call	0x2004	; 0x2004 <fputc>
    1fba:	2a 94       	dec	r2
    1fbc:	f6 cf       	rjmp	.-20     	; 0x1faa <vfprintf+0x39a>
    1fbe:	f6 01       	movw	r30, r12
    1fc0:	86 81       	ldd	r24, Z+6	; 0x06
    1fc2:	97 81       	ldd	r25, Z+7	; 0x07
    1fc4:	02 c0       	rjmp	.+4      	; 0x1fca <vfprintf+0x3ba>
    1fc6:	8f ef       	ldi	r24, 0xFF	; 255
    1fc8:	9f ef       	ldi	r25, 0xFF	; 255
    1fca:	2b 96       	adiw	r28, 0x0b	; 11
    1fcc:	e2 e1       	ldi	r30, 0x12	; 18
    1fce:	0c 94 c8 10 	jmp	0x2190	; 0x2190 <__epilogue_restores__>

00001fd2 <__ctype_isfalse>:
    1fd2:	99 27       	eor	r25, r25
    1fd4:	88 27       	eor	r24, r24

00001fd6 <__ctype_istrue>:
    1fd6:	08 95       	ret

00001fd8 <strnlen_P>:
    1fd8:	fc 01       	movw	r30, r24
    1fda:	05 90       	lpm	r0, Z+
    1fdc:	61 50       	subi	r22, 0x01	; 1
    1fde:	70 40       	sbci	r23, 0x00	; 0
    1fe0:	01 10       	cpse	r0, r1
    1fe2:	d8 f7       	brcc	.-10     	; 0x1fda <strnlen_P+0x2>
    1fe4:	80 95       	com	r24
    1fe6:	90 95       	com	r25
    1fe8:	8e 0f       	add	r24, r30
    1fea:	9f 1f       	adc	r25, r31
    1fec:	08 95       	ret

00001fee <strnlen>:
    1fee:	fc 01       	movw	r30, r24
    1ff0:	61 50       	subi	r22, 0x01	; 1
    1ff2:	70 40       	sbci	r23, 0x00	; 0
    1ff4:	01 90       	ld	r0, Z+
    1ff6:	01 10       	cpse	r0, r1
    1ff8:	d8 f7       	brcc	.-10     	; 0x1ff0 <strnlen+0x2>
    1ffa:	80 95       	com	r24
    1ffc:	90 95       	com	r25
    1ffe:	8e 0f       	add	r24, r30
    2000:	9f 1f       	adc	r25, r31
    2002:	08 95       	ret

00002004 <fputc>:
    2004:	0f 93       	push	r16
    2006:	1f 93       	push	r17
    2008:	cf 93       	push	r28
    200a:	df 93       	push	r29
    200c:	fb 01       	movw	r30, r22
    200e:	23 81       	ldd	r18, Z+3	; 0x03
    2010:	21 fd       	sbrc	r18, 1
    2012:	03 c0       	rjmp	.+6      	; 0x201a <fputc+0x16>
    2014:	8f ef       	ldi	r24, 0xFF	; 255
    2016:	9f ef       	ldi	r25, 0xFF	; 255
    2018:	2c c0       	rjmp	.+88     	; 0x2072 <fputc+0x6e>
    201a:	22 ff       	sbrs	r18, 2
    201c:	16 c0       	rjmp	.+44     	; 0x204a <fputc+0x46>
    201e:	46 81       	ldd	r20, Z+6	; 0x06
    2020:	57 81       	ldd	r21, Z+7	; 0x07
    2022:	24 81       	ldd	r18, Z+4	; 0x04
    2024:	35 81       	ldd	r19, Z+5	; 0x05
    2026:	42 17       	cp	r20, r18
    2028:	53 07       	cpc	r21, r19
    202a:	44 f4       	brge	.+16     	; 0x203c <fputc+0x38>
    202c:	a0 81       	ld	r26, Z
    202e:	b1 81       	ldd	r27, Z+1	; 0x01
    2030:	9d 01       	movw	r18, r26
    2032:	2f 5f       	subi	r18, 0xFF	; 255
    2034:	3f 4f       	sbci	r19, 0xFF	; 255
    2036:	31 83       	std	Z+1, r19	; 0x01
    2038:	20 83       	st	Z, r18
    203a:	8c 93       	st	X, r24
    203c:	26 81       	ldd	r18, Z+6	; 0x06
    203e:	37 81       	ldd	r19, Z+7	; 0x07
    2040:	2f 5f       	subi	r18, 0xFF	; 255
    2042:	3f 4f       	sbci	r19, 0xFF	; 255
    2044:	37 83       	std	Z+7, r19	; 0x07
    2046:	26 83       	std	Z+6, r18	; 0x06
    2048:	14 c0       	rjmp	.+40     	; 0x2072 <fputc+0x6e>
    204a:	8b 01       	movw	r16, r22
    204c:	ec 01       	movw	r28, r24
    204e:	fb 01       	movw	r30, r22
    2050:	00 84       	ldd	r0, Z+8	; 0x08
    2052:	f1 85       	ldd	r31, Z+9	; 0x09
    2054:	e0 2d       	mov	r30, r0
    2056:	09 95       	icall
    2058:	89 2b       	or	r24, r25
    205a:	e1 f6       	brne	.-72     	; 0x2014 <fputc+0x10>
    205c:	d8 01       	movw	r26, r16
    205e:	16 96       	adiw	r26, 0x06	; 6
    2060:	8d 91       	ld	r24, X+
    2062:	9c 91       	ld	r25, X
    2064:	17 97       	sbiw	r26, 0x07	; 7
    2066:	01 96       	adiw	r24, 0x01	; 1
    2068:	17 96       	adiw	r26, 0x07	; 7
    206a:	9c 93       	st	X, r25
    206c:	8e 93       	st	-X, r24
    206e:	16 97       	sbiw	r26, 0x06	; 6
    2070:	ce 01       	movw	r24, r28
    2072:	df 91       	pop	r29
    2074:	cf 91       	pop	r28
    2076:	1f 91       	pop	r17
    2078:	0f 91       	pop	r16
    207a:	08 95       	ret

0000207c <__ultoa_invert>:
    207c:	fa 01       	movw	r30, r20
    207e:	aa 27       	eor	r26, r26
    2080:	28 30       	cpi	r18, 0x08	; 8
    2082:	51 f1       	breq	.+84     	; 0x20d8 <__ultoa_invert+0x5c>
    2084:	20 31       	cpi	r18, 0x10	; 16
    2086:	81 f1       	breq	.+96     	; 0x20e8 <__ultoa_invert+0x6c>
    2088:	e8 94       	clt
    208a:	6f 93       	push	r22
    208c:	6e 7f       	andi	r22, 0xFE	; 254
    208e:	6e 5f       	subi	r22, 0xFE	; 254
    2090:	7f 4f       	sbci	r23, 0xFF	; 255
    2092:	8f 4f       	sbci	r24, 0xFF	; 255
    2094:	9f 4f       	sbci	r25, 0xFF	; 255
    2096:	af 4f       	sbci	r26, 0xFF	; 255
    2098:	b1 e0       	ldi	r27, 0x01	; 1
    209a:	3e d0       	rcall	.+124    	; 0x2118 <__ultoa_invert+0x9c>
    209c:	b4 e0       	ldi	r27, 0x04	; 4
    209e:	3c d0       	rcall	.+120    	; 0x2118 <__ultoa_invert+0x9c>
    20a0:	67 0f       	add	r22, r23
    20a2:	78 1f       	adc	r23, r24
    20a4:	89 1f       	adc	r24, r25
    20a6:	9a 1f       	adc	r25, r26
    20a8:	a1 1d       	adc	r26, r1
    20aa:	68 0f       	add	r22, r24
    20ac:	79 1f       	adc	r23, r25
    20ae:	8a 1f       	adc	r24, r26
    20b0:	91 1d       	adc	r25, r1
    20b2:	a1 1d       	adc	r26, r1
    20b4:	6a 0f       	add	r22, r26
    20b6:	71 1d       	adc	r23, r1
    20b8:	81 1d       	adc	r24, r1
    20ba:	91 1d       	adc	r25, r1
    20bc:	a1 1d       	adc	r26, r1
    20be:	20 d0       	rcall	.+64     	; 0x2100 <__ultoa_invert+0x84>
    20c0:	09 f4       	brne	.+2      	; 0x20c4 <__ultoa_invert+0x48>
    20c2:	68 94       	set
    20c4:	3f 91       	pop	r19
    20c6:	2a e0       	ldi	r18, 0x0A	; 10
    20c8:	26 9f       	mul	r18, r22
    20ca:	11 24       	eor	r1, r1
    20cc:	30 19       	sub	r19, r0
    20ce:	30 5d       	subi	r19, 0xD0	; 208
    20d0:	31 93       	st	Z+, r19
    20d2:	de f6       	brtc	.-74     	; 0x208a <__ultoa_invert+0xe>
    20d4:	cf 01       	movw	r24, r30
    20d6:	08 95       	ret
    20d8:	46 2f       	mov	r20, r22
    20da:	47 70       	andi	r20, 0x07	; 7
    20dc:	40 5d       	subi	r20, 0xD0	; 208
    20de:	41 93       	st	Z+, r20
    20e0:	b3 e0       	ldi	r27, 0x03	; 3
    20e2:	0f d0       	rcall	.+30     	; 0x2102 <__ultoa_invert+0x86>
    20e4:	c9 f7       	brne	.-14     	; 0x20d8 <__ultoa_invert+0x5c>
    20e6:	f6 cf       	rjmp	.-20     	; 0x20d4 <__ultoa_invert+0x58>
    20e8:	46 2f       	mov	r20, r22
    20ea:	4f 70       	andi	r20, 0x0F	; 15
    20ec:	40 5d       	subi	r20, 0xD0	; 208
    20ee:	4a 33       	cpi	r20, 0x3A	; 58
    20f0:	18 f0       	brcs	.+6      	; 0x20f8 <__ultoa_invert+0x7c>
    20f2:	49 5d       	subi	r20, 0xD9	; 217
    20f4:	31 fd       	sbrc	r19, 1
    20f6:	40 52       	subi	r20, 0x20	; 32
    20f8:	41 93       	st	Z+, r20
    20fa:	02 d0       	rcall	.+4      	; 0x2100 <__ultoa_invert+0x84>
    20fc:	a9 f7       	brne	.-22     	; 0x20e8 <__ultoa_invert+0x6c>
    20fe:	ea cf       	rjmp	.-44     	; 0x20d4 <__ultoa_invert+0x58>
    2100:	b4 e0       	ldi	r27, 0x04	; 4
    2102:	a6 95       	lsr	r26
    2104:	97 95       	ror	r25
    2106:	87 95       	ror	r24
    2108:	77 95       	ror	r23
    210a:	67 95       	ror	r22
    210c:	ba 95       	dec	r27
    210e:	c9 f7       	brne	.-14     	; 0x2102 <__ultoa_invert+0x86>
    2110:	00 97       	sbiw	r24, 0x00	; 0
    2112:	61 05       	cpc	r22, r1
    2114:	71 05       	cpc	r23, r1
    2116:	08 95       	ret
    2118:	9b 01       	movw	r18, r22
    211a:	ac 01       	movw	r20, r24
    211c:	0a 2e       	mov	r0, r26
    211e:	06 94       	lsr	r0
    2120:	57 95       	ror	r21
    2122:	47 95       	ror	r20
    2124:	37 95       	ror	r19
    2126:	27 95       	ror	r18
    2128:	ba 95       	dec	r27
    212a:	c9 f7       	brne	.-14     	; 0x211e <__ultoa_invert+0xa2>
    212c:	62 0f       	add	r22, r18
    212e:	73 1f       	adc	r23, r19
    2130:	84 1f       	adc	r24, r20
    2132:	95 1f       	adc	r25, r21
    2134:	a0 1d       	adc	r26, r0
    2136:	08 95       	ret

00002138 <__mulsi3>:
    2138:	db 01       	movw	r26, r22
    213a:	8f 93       	push	r24
    213c:	9f 93       	push	r25
    213e:	0e 94 82 0c 	call	0x1904	; 0x1904 <__muluhisi3>
    2142:	bf 91       	pop	r27
    2144:	af 91       	pop	r26
    2146:	a2 9f       	mul	r26, r18
    2148:	80 0d       	add	r24, r0
    214a:	91 1d       	adc	r25, r1
    214c:	a3 9f       	mul	r26, r19
    214e:	90 0d       	add	r25, r0
    2150:	b2 9f       	mul	r27, r18
    2152:	90 0d       	add	r25, r0
    2154:	11 24       	eor	r1, r1
    2156:	08 95       	ret

00002158 <__prologue_saves__>:
    2158:	2f 92       	push	r2
    215a:	3f 92       	push	r3
    215c:	4f 92       	push	r4
    215e:	5f 92       	push	r5
    2160:	6f 92       	push	r6
    2162:	7f 92       	push	r7
    2164:	8f 92       	push	r8
    2166:	9f 92       	push	r9
    2168:	af 92       	push	r10
    216a:	bf 92       	push	r11
    216c:	cf 92       	push	r12
    216e:	df 92       	push	r13
    2170:	ef 92       	push	r14
    2172:	ff 92       	push	r15
    2174:	0f 93       	push	r16
    2176:	1f 93       	push	r17
    2178:	cf 93       	push	r28
    217a:	df 93       	push	r29
    217c:	cd b7       	in	r28, 0x3d	; 61
    217e:	de b7       	in	r29, 0x3e	; 62
    2180:	ca 1b       	sub	r28, r26
    2182:	db 0b       	sbc	r29, r27
    2184:	0f b6       	in	r0, 0x3f	; 63
    2186:	f8 94       	cli
    2188:	de bf       	out	0x3e, r29	; 62
    218a:	0f be       	out	0x3f, r0	; 63
    218c:	cd bf       	out	0x3d, r28	; 61
    218e:	09 94       	ijmp

00002190 <__epilogue_restores__>:
    2190:	2a 88       	ldd	r2, Y+18	; 0x12
    2192:	39 88       	ldd	r3, Y+17	; 0x11
    2194:	48 88       	ldd	r4, Y+16	; 0x10
    2196:	5f 84       	ldd	r5, Y+15	; 0x0f
    2198:	6e 84       	ldd	r6, Y+14	; 0x0e
    219a:	7d 84       	ldd	r7, Y+13	; 0x0d
    219c:	8c 84       	ldd	r8, Y+12	; 0x0c
    219e:	9b 84       	ldd	r9, Y+11	; 0x0b
    21a0:	aa 84       	ldd	r10, Y+10	; 0x0a
    21a2:	b9 84       	ldd	r11, Y+9	; 0x09
    21a4:	c8 84       	ldd	r12, Y+8	; 0x08
    21a6:	df 80       	ldd	r13, Y+7	; 0x07
    21a8:	ee 80       	ldd	r14, Y+6	; 0x06
    21aa:	fd 80       	ldd	r15, Y+5	; 0x05
    21ac:	0c 81       	ldd	r16, Y+4	; 0x04
    21ae:	1b 81       	ldd	r17, Y+3	; 0x03
    21b0:	aa 81       	ldd	r26, Y+2	; 0x02
    21b2:	b9 81       	ldd	r27, Y+1	; 0x01
    21b4:	ce 0f       	add	r28, r30
    21b6:	d1 1d       	adc	r29, r1
    21b8:	0f b6       	in	r0, 0x3f	; 63
    21ba:	f8 94       	cli
    21bc:	de bf       	out	0x3e, r29	; 62
    21be:	0f be       	out	0x3f, r0	; 63
    21c0:	cd bf       	out	0x3d, r28	; 61
    21c2:	ed 01       	movw	r28, r26
    21c4:	08 95       	ret

000021c6 <_exit>:
    21c6:	f8 94       	cli

000021c8 <__stop_program>:
    21c8:	ff cf       	rjmp	.-2      	; 0x21c8 <__stop_program>
