
ArduinoUnoFreertos.elf:     file format elf32-avr

Sections:
Idx Name          Size      VMA       LMA       File off  Algn
  0 .data         00000070  00800100  00001c38  00001ccc  2**0
                  CONTENTS, ALLOC, LOAD, DATA
  1 .text         00001c38  00000000  00000000  00000094  2**1
                  CONTENTS, ALLOC, LOAD, READONLY, CODE
  2 .bss          0000068b  00800170  00800170  00001d3c  2**0
                  ALLOC
  3 .comment      00000030  00000000  00000000  00001d3c  2**0
                  CONTENTS, READONLY
  4 .note.gnu.avr.deviceinfo 00000040  00000000  00000000  00001d6c  2**2
                  CONTENTS, READONLY
  5 .debug_aranges 000003c8  00000000  00000000  00001dac  2**0
                  CONTENTS, READONLY, DEBUGGING
  6 .debug_info   000052d9  00000000  00000000  00002174  2**0
                  CONTENTS, READONLY, DEBUGGING
  7 .debug_abbrev 00001498  00000000  00000000  0000744d  2**0
                  CONTENTS, READONLY, DEBUGGING
  8 .debug_line   00002ab5  00000000  00000000  000088e5  2**0
                  CONTENTS, READONLY, DEBUGGING
  9 .debug_frame  00000bcc  00000000  00000000  0000b39c  2**2
                  CONTENTS, READONLY, DEBUGGING
 10 .debug_str    00001a44  00000000  00000000  0000bf68  2**0
                  CONTENTS, READONLY, DEBUGGING
 11 .debug_loc    00004a5c  00000000  00000000  0000d9ac  2**0
                  CONTENTS, READONLY, DEBUGGING
 12 .debug_ranges 00000420  00000000  00000000  00012408  2**0
                  CONTENTS, READONLY, DEBUGGING

Disassembly of section .text:

00000000 <__vectors>:
       0:	0c 94 3e 00 	jmp	0x7c	; 0x7c <__ctors_end>
       4:	0c 94 5b 00 	jmp	0xb6	; 0xb6 <__bad_interrupt>
       8:	0c 94 5b 00 	jmp	0xb6	; 0xb6 <__bad_interrupt>
       c:	0c 94 5b 00 	jmp	0xb6	; 0xb6 <__bad_interrupt>
      10:	0c 94 5b 00 	jmp	0xb6	; 0xb6 <__bad_interrupt>
      14:	0c 94 5b 00 	jmp	0xb6	; 0xb6 <__bad_interrupt>
      18:	0c 94 5b 00 	jmp	0xb6	; 0xb6 <__bad_interrupt>
      1c:	0c 94 5b 00 	jmp	0xb6	; 0xb6 <__bad_interrupt>
      20:	0c 94 5b 00 	jmp	0xb6	; 0xb6 <__bad_interrupt>
      24:	0c 94 5b 00 	jmp	0xb6	; 0xb6 <__bad_interrupt>
      28:	0c 94 5b 00 	jmp	0xb6	; 0xb6 <__bad_interrupt>
      2c:	0c 94 f2 02 	jmp	0x5e4	; 0x5e4 <__vector_11>
      30:	0c 94 5b 00 	jmp	0xb6	; 0xb6 <__bad_interrupt>
      34:	0c 94 5b 00 	jmp	0xb6	; 0xb6 <__bad_interrupt>
      38:	0c 94 5b 00 	jmp	0xb6	; 0xb6 <__bad_interrupt>
      3c:	0c 94 5b 00 	jmp	0xb6	; 0xb6 <__bad_interrupt>
      40:	0c 94 8c 02 	jmp	0x518	; 0x518 <__vector_16>
      44:	0c 94 5b 00 	jmp	0xb6	; 0xb6 <__bad_interrupt>
      48:	0c 94 5b 00 	jmp	0xb6	; 0xb6 <__bad_interrupt>
      4c:	0c 94 5b 00 	jmp	0xb6	; 0xb6 <__bad_interrupt>
      50:	0c 94 5b 00 	jmp	0xb6	; 0xb6 <__bad_interrupt>
      54:	0c 94 5b 00 	jmp	0xb6	; 0xb6 <__bad_interrupt>
      58:	0c 94 5b 00 	jmp	0xb6	; 0xb6 <__bad_interrupt>
      5c:	0c 94 5b 00 	jmp	0xb6	; 0xb6 <__bad_interrupt>
      60:	0c 94 5b 00 	jmp	0xb6	; 0xb6 <__bad_interrupt>
      64:	0c 94 5b 00 	jmp	0xb6	; 0xb6 <__bad_interrupt>
      68:	8c 0d       	add	r24, r12
      6a:	8c 0d       	add	r24, r12
      6c:	8c 0d       	add	r24, r12
      6e:	c7 0d       	add	r28, r7
      70:	b5 0d       	add	r27, r5
      72:	c4 0d       	add	r28, r4
      74:	8c 0d       	add	r24, r12
      76:	8c 0d       	add	r24, r12
      78:	c7 0d       	add	r28, r7
      7a:	b5 0d       	add	r27, r5

0000007c <__ctors_end>:
      7c:	11 24       	eor	r1, r1
      7e:	1f be       	out	0x3f, r1	; 63
      80:	cf ef       	ldi	r28, 0xFF	; 255
      82:	d8 e0       	ldi	r29, 0x08	; 8
      84:	de bf       	out	0x3e, r29	; 62
      86:	cd bf       	out	0x3d, r28	; 61

00000088 <__do_copy_data>:
      88:	11 e0       	ldi	r17, 0x01	; 1
      8a:	a0 e0       	ldi	r26, 0x00	; 0
      8c:	b1 e0       	ldi	r27, 0x01	; 1
      8e:	e8 e3       	ldi	r30, 0x38	; 56
      90:	fc e1       	ldi	r31, 0x1C	; 28
      92:	02 c0       	rjmp	.+4      	; 0x98 <__do_copy_data+0x10>
      94:	05 90       	lpm	r0, Z+
      96:	0d 92       	st	X+, r0
      98:	a0 37       	cpi	r26, 0x70	; 112
      9a:	b1 07       	cpc	r27, r17
      9c:	d9 f7       	brne	.-10     	; 0x94 <__do_copy_data+0xc>

0000009e <__do_clear_bss>:
      9e:	27 e0       	ldi	r18, 0x07	; 7
      a0:	a0 e7       	ldi	r26, 0x70	; 112
      a2:	b1 e0       	ldi	r27, 0x01	; 1
      a4:	01 c0       	rjmp	.+2      	; 0xa8 <.do_clear_bss_start>

000000a6 <.do_clear_bss_loop>:
      a6:	1d 92       	st	X+, r1

000000a8 <.do_clear_bss_start>:
      a8:	ab 3f       	cpi	r26, 0xFB	; 251
      aa:	b2 07       	cpc	r27, r18
      ac:	e1 f7       	brne	.-8      	; 0xa6 <.do_clear_bss_loop>
      ae:	0e 94 bc 00 	call	0x178	; 0x178 <main>
      b2:	0c 94 1a 0e 	jmp	0x1c34	; 0x1c34 <_exit>

000000b6 <__bad_interrupt>:
      b6:	0c 94 00 00 	jmp	0	; 0x0 <__vectors>

000000ba <MyTimer>:
TimerHandle_t Timer_Function1;

void MyTimer( TimerHandle_t Timer_Function1 )
{
	/*toggle the led on portD pin 5*/
	PORTD ^= (1<<5);
      ba:	9b b1       	in	r25, 0x0b	; 11
      bc:	80 e2       	ldi	r24, 0x20	; 32
      be:	89 27       	eor	r24, r25
      c0:	8b b9       	out	0x0b, r24	; 11
      c2:	08 95       	ret

000000c4 <Task1>:
}
void Task1(void* para)
{
      c4:	0f 93       	push	r16
      c6:	1f 93       	push	r17
      c8:	cf 93       	push	r28
		1. receive a char from the user,then display it on terminal window. 
		
		2. implement the mentioned conditions.
		
		*/
		USART_sendstr("Type character d , i , s , r \r\n"); // cout << string
      ca:	84 e0       	ldi	r24, 0x04	; 4
      cc:	91 e0       	ldi	r25, 0x01	; 1
      ce:	0e 94 f4 0d 	call	0x1be8	; 0x1be8 <USART_sendstr>
		char c = USART_receive(); // input // cin >> c
      d2:	0e 94 03 0e 	call	0x1c06	; 0x1c06 <USART_receive>
      d6:	c8 2f       	mov	r28, r24
		USART_sendstr("you Typed : \n");
      d8:	84 e2       	ldi	r24, 0x24	; 36
      da:	91 e0       	ldi	r25, 0x01	; 1
      dc:	0e 94 f4 0d 	call	0x1be8	; 0x1be8 <USART_sendstr>
		USART_send(c); //
      e0:	8c 2f       	mov	r24, r28
      e2:	0e 94 ec 0d 	call	0x1bd8	; 0x1bd8 <USART_send>
		// Double
		if (c == 'd'){
      e6:	c4 36       	cpi	r28, 0x64	; 100
      e8:	71 f4       	brne	.+28     	; 0x106 <Task1+0x42>
			xTimerChangePeriod(Timer_Function1,period*2,100);
      ea:	04 e6       	ldi	r16, 0x64	; 100
      ec:	10 e0       	ldi	r17, 0x00	; 0
      ee:	20 e0       	ldi	r18, 0x00	; 0
      f0:	30 e0       	ldi	r19, 0x00	; 0
      f2:	48 ec       	ldi	r20, 0xC8	; 200
      f4:	50 e0       	ldi	r21, 0x00	; 0
      f6:	64 e0       	ldi	r22, 0x04	; 4
      f8:	80 91 d1 07 	lds	r24, 0x07D1	; 0x8007d1 <Timer_Function1>
      fc:	90 91 d2 07 	lds	r25, 0x07D2	; 0x8007d2 <Timer_Function1+0x1>
     100:	0e 94 43 0c 	call	0x1886	; 0x1886 <xTimerGenericCommand>
     104:	e2 cf       	rjmp	.-60     	; 0xca <Task1+0x6>
		}
		else if (c == 'i'){
     106:	c9 36       	cpi	r28, 0x69	; 105
     108:	71 f4       	brne	.+28     	; 0x126 <Task1+0x62>
			xTimerChangePeriod(Timer_Function1,period/2,100);
     10a:	04 e6       	ldi	r16, 0x64	; 100
     10c:	10 e0       	ldi	r17, 0x00	; 0
     10e:	20 e0       	ldi	r18, 0x00	; 0
     110:	30 e0       	ldi	r19, 0x00	; 0
     112:	42 e3       	ldi	r20, 0x32	; 50
     114:	50 e0       	ldi	r21, 0x00	; 0
     116:	64 e0       	ldi	r22, 0x04	; 4
     118:	80 91 d1 07 	lds	r24, 0x07D1	; 0x8007d1 <Timer_Function1>
     11c:	90 91 d2 07 	lds	r25, 0x07D2	; 0x8007d2 <Timer_Function1+0x1>
     120:	0e 94 43 0c 	call	0x1886	; 0x1886 <xTimerGenericCommand>
     124:	d2 cf       	rjmp	.-92     	; 0xca <Task1+0x6>
		}
		else if (c == 'r')
     126:	c2 37       	cpi	r28, 0x72	; 114
     128:	79 f4       	brne	.+30     	; 0x148 <Task1+0x84>
		{
			xTimerReset(Timer_Function1,100);
     12a:	0e 94 a9 08 	call	0x1152	; 0x1152 <xTaskGetTickCount>
     12e:	04 e6       	ldi	r16, 0x64	; 100
     130:	10 e0       	ldi	r17, 0x00	; 0
     132:	20 e0       	ldi	r18, 0x00	; 0
     134:	30 e0       	ldi	r19, 0x00	; 0
     136:	ac 01       	movw	r20, r24
     138:	62 e0       	ldi	r22, 0x02	; 2
     13a:	80 91 d1 07 	lds	r24, 0x07D1	; 0x8007d1 <Timer_Function1>
     13e:	90 91 d2 07 	lds	r25, 0x07D2	; 0x8007d2 <Timer_Function1+0x1>
     142:	0e 94 43 0c 	call	0x1886	; 0x1886 <xTimerGenericCommand>
     146:	c1 cf       	rjmp	.-126    	; 0xca <Task1+0x6>
		}
		else if (c == 's')
     148:	c3 37       	cpi	r28, 0x73	; 115
     14a:	71 f4       	brne	.+28     	; 0x168 <Task1+0xa4>
		{
			xTimerStop(Timer_Function1,100);
     14c:	04 e6       	ldi	r16, 0x64	; 100
     14e:	10 e0       	ldi	r17, 0x00	; 0
     150:	20 e0       	ldi	r18, 0x00	; 0
     152:	30 e0       	ldi	r19, 0x00	; 0
     154:	40 e0       	ldi	r20, 0x00	; 0
     156:	50 e0       	ldi	r21, 0x00	; 0
     158:	63 e0       	ldi	r22, 0x03	; 3
     15a:	80 91 d1 07 	lds	r24, 0x07D1	; 0x8007d1 <Timer_Function1>
     15e:	90 91 d2 07 	lds	r25, 0x07D2	; 0x8007d2 <Timer_Function1+0x1>
     162:	0e 94 43 0c 	call	0x1886	; 0x1886 <xTimerGenericCommand>
     166:	b1 cf       	rjmp	.-158    	; 0xca <Task1+0x6>
		}
		else{
			USART_sendstr("Wrong Character , Exiting... \n");
     168:	82 e3       	ldi	r24, 0x32	; 50
     16a:	91 e0       	ldi	r25, 0x01	; 1
     16c:	0e 94 f4 0d 	call	0x1be8	; 0x1be8 <USART_sendstr>
			break;
		}

	}
}
     170:	cf 91       	pop	r28
     172:	1f 91       	pop	r17
     174:	0f 91       	pop	r16
     176:	08 95       	ret

00000178 <main>:
int main(void) {
     178:	af 92       	push	r10
     17a:	bf 92       	push	r11
     17c:	cf 92       	push	r12
     17e:	df 92       	push	r13
     180:	ef 92       	push	r14
     182:	ff 92       	push	r15
     184:	0f 93       	push	r16
     186:	1f 93       	push	r17
	USART_init();
     188:	0e 94 e0 0d 	call	0x1bc0	; 0x1bc0 <USART_init>
	DDRD = 0xFF;
     18c:	8f ef       	ldi	r24, 0xFF	; 255
     18e:	8a b9       	out	0x0a, r24	; 10
	3. create a task which controls the frequency of the timer.
	
	4. start the scheduler.
	
	*/
	Timer_Function1 = xTimerCreate("Timer1",100,pdTRUE,NULL,MyTimer);
     190:	0d e5       	ldi	r16, 0x5D	; 93
     192:	10 e0       	ldi	r17, 0x00	; 0
     194:	20 e0       	ldi	r18, 0x00	; 0
     196:	30 e0       	ldi	r19, 0x00	; 0
     198:	41 e0       	ldi	r20, 0x01	; 1
     19a:	64 e6       	ldi	r22, 0x64	; 100
     19c:	70 e0       	ldi	r23, 0x00	; 0
     19e:	81 e5       	ldi	r24, 0x51	; 81
     1a0:	91 e0       	ldi	r25, 0x01	; 1
     1a2:	0e 94 0b 0c 	call	0x1816	; 0x1816 <xTimerCreate>
     1a6:	90 93 d2 07 	sts	0x07D2, r25	; 0x8007d2 <Timer_Function1+0x1>
     1aa:	80 93 d1 07 	sts	0x07D1, r24	; 0x8007d1 <Timer_Function1>
	xTimerStart(Timer_Function1,100);
     1ae:	0e 94 a9 08 	call	0x1152	; 0x1152 <xTaskGetTickCount>
     1b2:	04 e6       	ldi	r16, 0x64	; 100
     1b4:	10 e0       	ldi	r17, 0x00	; 0
     1b6:	20 e0       	ldi	r18, 0x00	; 0
     1b8:	30 e0       	ldi	r19, 0x00	; 0
     1ba:	ac 01       	movw	r20, r24
     1bc:	61 e0       	ldi	r22, 0x01	; 1
     1be:	80 91 d1 07 	lds	r24, 0x07D1	; 0x8007d1 <Timer_Function1>
     1c2:	90 91 d2 07 	lds	r25, 0x07D2	; 0x8007d2 <Timer_Function1+0x1>
     1c6:	0e 94 43 0c 	call	0x1886	; 0x1886 <xTimerGenericCommand>
	
	xTaskCreate(Task1,"Task1",256,NULL,1,NULL); // 
     1ca:	a1 2c       	mov	r10, r1
     1cc:	b1 2c       	mov	r11, r1
     1ce:	c1 2c       	mov	r12, r1
     1d0:	d1 2c       	mov	r13, r1
     1d2:	e1 2c       	mov	r14, r1
     1d4:	f1 2c       	mov	r15, r1
     1d6:	01 e0       	ldi	r16, 0x01	; 1
     1d8:	20 e0       	ldi	r18, 0x00	; 0
     1da:	30 e0       	ldi	r19, 0x00	; 0
     1dc:	40 e0       	ldi	r20, 0x00	; 0
     1de:	51 e0       	ldi	r21, 0x01	; 1
     1e0:	68 e5       	ldi	r22, 0x58	; 88
     1e2:	71 e0       	ldi	r23, 0x01	; 1
     1e4:	82 e6       	ldi	r24, 0x62	; 98
     1e6:	90 e0       	ldi	r25, 0x00	; 0
     1e8:	0e 94 63 07 	call	0xec6	; 0xec6 <xTaskGenericCreate>
	
	vTaskStartScheduler();
     1ec:	0e 94 74 08 	call	0x10e8	; 0x10e8 <vTaskStartScheduler>
	
	return 0;
}
     1f0:	80 e0       	ldi	r24, 0x00	; 0
     1f2:	90 e0       	ldi	r25, 0x00	; 0
     1f4:	1f 91       	pop	r17
     1f6:	0f 91       	pop	r16
     1f8:	ff 90       	pop	r15
     1fa:	ef 90       	pop	r14
     1fc:	df 90       	pop	r13
     1fe:	cf 90       	pop	r12
     200:	bf 90       	pop	r11
     202:	af 90       	pop	r10
     204:	08 95       	ret

00000206 <vListInitialise>:
/*-----------------------------------------------------------
 * PUBLIC LIST API documented in list.h
 *----------------------------------------------------------*/

void vListInitialise( List_t * const pxList )
{
     206:	fc 01       	movw	r30, r24
	/* The list structure contains a list item which is used to mark the
	end of the list.  To initialise the list the list end is inserted
	as the only list entry. */
	pxList->pxIndex = ( ListItem_t * ) &( pxList->xListEnd );			/*lint !e826 !e740 The mini list structure is used as the list end to save RAM.  This is checked and valid. */
     208:	03 96       	adiw	r24, 0x03	; 3
     20a:	92 83       	std	Z+2, r25	; 0x02
     20c:	81 83       	std	Z+1, r24	; 0x01

	/* The list end value is the highest possible value in the list to
	ensure it remains at the end of the list. */
	pxList->xListEnd.xItemValue = portMAX_DELAY;
     20e:	2f ef       	ldi	r18, 0xFF	; 255
     210:	3f ef       	ldi	r19, 0xFF	; 255
     212:	34 83       	std	Z+4, r19	; 0x04
     214:	23 83       	std	Z+3, r18	; 0x03

	/* The list end next and previous pointers point to itself so we know
	when the list is empty. */
	pxList->xListEnd.pxNext = ( ListItem_t * ) &( pxList->xListEnd );	/*lint !e826 !e740 The mini list structure is used as the list end to save RAM.  This is checked and valid. */
     216:	96 83       	std	Z+6, r25	; 0x06
     218:	85 83       	std	Z+5, r24	; 0x05
	pxList->xListEnd.pxPrevious = ( ListItem_t * ) &( pxList->xListEnd );/*lint !e826 !e740 The mini list structure is used as the list end to save RAM.  This is checked and valid. */
     21a:	90 87       	std	Z+8, r25	; 0x08
     21c:	87 83       	std	Z+7, r24	; 0x07

	pxList->uxNumberOfItems = ( UBaseType_t ) 0U;
     21e:	10 82       	st	Z, r1
     220:	08 95       	ret

00000222 <vListInitialiseItem>:
/*-----------------------------------------------------------*/

void vListInitialiseItem( ListItem_t * const pxItem )
{
	/* Make sure the list item is not recorded as being on a list. */
	pxItem->pvContainer = NULL;
     222:	fc 01       	movw	r30, r24
     224:	11 86       	std	Z+9, r1	; 0x09
     226:	10 86       	std	Z+8, r1	; 0x08
     228:	08 95       	ret

0000022a <vListInsertEnd>:
	listSET_SECOND_LIST_ITEM_INTEGRITY_CHECK_VALUE( pxItem );
}
/*-----------------------------------------------------------*/

void vListInsertEnd( List_t * const pxList, ListItem_t * const pxNewListItem )
{
     22a:	cf 93       	push	r28
     22c:	df 93       	push	r29
     22e:	9c 01       	movw	r18, r24
     230:	fb 01       	movw	r30, r22
ListItem_t * const pxIndex = pxList->pxIndex;
     232:	dc 01       	movw	r26, r24
     234:	11 96       	adiw	r26, 0x01	; 1
     236:	cd 91       	ld	r28, X+
     238:	dc 91       	ld	r29, X
     23a:	12 97       	sbiw	r26, 0x02	; 2
	listTEST_LIST_ITEM_INTEGRITY( pxNewListItem );

	/* Insert a new list item into pxList, but rather than sort the list,
	makes the new list item the last item to be removed by a call to
	listGET_OWNER_OF_NEXT_ENTRY(). */
	pxNewListItem->pxNext = pxIndex;
     23c:	d3 83       	std	Z+3, r29	; 0x03
     23e:	c2 83       	std	Z+2, r28	; 0x02
	pxNewListItem->pxPrevious = pxIndex->pxPrevious;
     240:	8c 81       	ldd	r24, Y+4	; 0x04
     242:	9d 81       	ldd	r25, Y+5	; 0x05
     244:	95 83       	std	Z+5, r25	; 0x05
     246:	84 83       	std	Z+4, r24	; 0x04

	/* Only used during decision coverage testing. */
	mtCOVERAGE_TEST_DELAY();

	pxIndex->pxPrevious->pxNext = pxNewListItem;
     248:	8c 81       	ldd	r24, Y+4	; 0x04
     24a:	9d 81       	ldd	r25, Y+5	; 0x05
     24c:	dc 01       	movw	r26, r24
     24e:	13 96       	adiw	r26, 0x03	; 3
     250:	7c 93       	st	X, r23
     252:	6e 93       	st	-X, r22
     254:	12 97       	sbiw	r26, 0x02	; 2
	pxIndex->pxPrevious = pxNewListItem;
     256:	7d 83       	std	Y+5, r23	; 0x05
     258:	6c 83       	std	Y+4, r22	; 0x04

	/* Remember which list the item is in. */
	pxNewListItem->pvContainer = ( void * ) pxList;
     25a:	31 87       	std	Z+9, r19	; 0x09
     25c:	20 87       	std	Z+8, r18	; 0x08

	( pxList->uxNumberOfItems )++;
     25e:	f9 01       	movw	r30, r18
     260:	80 81       	ld	r24, Z
     262:	8f 5f       	subi	r24, 0xFF	; 255
     264:	80 83       	st	Z, r24
}
     266:	df 91       	pop	r29
     268:	cf 91       	pop	r28
     26a:	08 95       	ret

0000026c <vListInsert>:
/*-----------------------------------------------------------*/

void vListInsert( List_t * const pxList, ListItem_t * const pxNewListItem )
{
     26c:	cf 93       	push	r28
     26e:	df 93       	push	r29
     270:	eb 01       	movw	r28, r22
ListItem_t *pxIterator;
const TickType_t xValueOfInsertion = pxNewListItem->xItemValue;
     272:	48 81       	ld	r20, Y
     274:	59 81       	ldd	r21, Y+1	; 0x01
	new list item should be placed after it.  This ensures that TCB's which are
	stored in ready lists (all of which have the same xItemValue value) get a
	share of the CPU.  However, if the xItemValue is the same as the back marker
	the iteration loop below will not end.  Therefore the value is checked
	first, and the algorithm slightly modified if necessary. */
	if( xValueOfInsertion == portMAX_DELAY )
     276:	4f 3f       	cpi	r20, 0xFF	; 255
     278:	2f ef       	ldi	r18, 0xFF	; 255
     27a:	52 07       	cpc	r21, r18
     27c:	21 f4       	brne	.+8      	; 0x286 <vListInsert+0x1a>
	{
		pxIterator = pxList->xListEnd.pxPrevious;
     27e:	fc 01       	movw	r30, r24
     280:	a7 81       	ldd	r26, Z+7	; 0x07
     282:	b0 85       	ldd	r27, Z+8	; 0x08
     284:	0d c0       	rjmp	.+26     	; 0x2a0 <vListInsert+0x34>
			4) Using a queue or semaphore before it has been initialised or
			   before the scheduler has been started (are interrupts firing
			   before vTaskStartScheduler() has been called?).
		**********************************************************************/

		for( pxIterator = ( ListItem_t * ) &( pxList->xListEnd ); pxIterator->pxNext->xItemValue <= xValueOfInsertion; pxIterator = pxIterator->pxNext ) /*lint !e826 !e740 The mini list structure is used as the list end to save RAM.  This is checked and valid. */
     286:	dc 01       	movw	r26, r24
     288:	13 96       	adiw	r26, 0x03	; 3
     28a:	01 c0       	rjmp	.+2      	; 0x28e <vListInsert+0x22>
     28c:	df 01       	movw	r26, r30
     28e:	12 96       	adiw	r26, 0x02	; 2
     290:	ed 91       	ld	r30, X+
     292:	fc 91       	ld	r31, X
     294:	13 97       	sbiw	r26, 0x03	; 3
     296:	20 81       	ld	r18, Z
     298:	31 81       	ldd	r19, Z+1	; 0x01
     29a:	42 17       	cp	r20, r18
     29c:	53 07       	cpc	r21, r19
     29e:	b0 f7       	brcc	.-20     	; 0x28c <vListInsert+0x20>
			/* There is nothing to do here, just iterating to the wanted
			insertion position. */
		}
	}

	pxNewListItem->pxNext = pxIterator->pxNext;
     2a0:	12 96       	adiw	r26, 0x02	; 2
     2a2:	ed 91       	ld	r30, X+
     2a4:	fc 91       	ld	r31, X
     2a6:	13 97       	sbiw	r26, 0x03	; 3
     2a8:	fb 83       	std	Y+3, r31	; 0x03
     2aa:	ea 83       	std	Y+2, r30	; 0x02
	pxNewListItem->pxNext->pxPrevious = pxNewListItem;
     2ac:	d5 83       	std	Z+5, r29	; 0x05
     2ae:	c4 83       	std	Z+4, r28	; 0x04
	pxNewListItem->pxPrevious = pxIterator;
     2b0:	bd 83       	std	Y+5, r27	; 0x05
     2b2:	ac 83       	std	Y+4, r26	; 0x04
	pxIterator->pxNext = pxNewListItem;
     2b4:	13 96       	adiw	r26, 0x03	; 3
     2b6:	dc 93       	st	X, r29
     2b8:	ce 93       	st	-X, r28
     2ba:	12 97       	sbiw	r26, 0x02	; 2

	/* Remember which list the item is in.  This allows fast removal of the
	item later. */
	pxNewListItem->pvContainer = ( void * ) pxList;
     2bc:	99 87       	std	Y+9, r25	; 0x09
     2be:	88 87       	std	Y+8, r24	; 0x08

	( pxList->uxNumberOfItems )++;
     2c0:	fc 01       	movw	r30, r24
     2c2:	20 81       	ld	r18, Z
     2c4:	2f 5f       	subi	r18, 0xFF	; 255
     2c6:	20 83       	st	Z, r18
}
     2c8:	df 91       	pop	r29
     2ca:	cf 91       	pop	r28
     2cc:	08 95       	ret

000002ce <uxListRemove>:
/*-----------------------------------------------------------*/

UBaseType_t uxListRemove( ListItem_t * const pxItemToRemove )
{
     2ce:	cf 93       	push	r28
     2d0:	df 93       	push	r29
     2d2:	fc 01       	movw	r30, r24
/* The list item knows which list it is in.  Obtain the list from the list
item. */
List_t * const pxList = ( List_t * ) pxItemToRemove->pvContainer;
     2d4:	a0 85       	ldd	r26, Z+8	; 0x08
     2d6:	b1 85       	ldd	r27, Z+9	; 0x09

	pxItemToRemove->pxNext->pxPrevious = pxItemToRemove->pxPrevious;
     2d8:	c2 81       	ldd	r28, Z+2	; 0x02
     2da:	d3 81       	ldd	r29, Z+3	; 0x03
     2dc:	84 81       	ldd	r24, Z+4	; 0x04
     2de:	95 81       	ldd	r25, Z+5	; 0x05
     2e0:	9d 83       	std	Y+5, r25	; 0x05
     2e2:	8c 83       	std	Y+4, r24	; 0x04
	pxItemToRemove->pxPrevious->pxNext = pxItemToRemove->pxNext;
     2e4:	c4 81       	ldd	r28, Z+4	; 0x04
     2e6:	d5 81       	ldd	r29, Z+5	; 0x05
     2e8:	82 81       	ldd	r24, Z+2	; 0x02
     2ea:	93 81       	ldd	r25, Z+3	; 0x03
     2ec:	9b 83       	std	Y+3, r25	; 0x03
     2ee:	8a 83       	std	Y+2, r24	; 0x02

	/* Only used during decision coverage testing. */
	mtCOVERAGE_TEST_DELAY();

	/* Make sure the index is left pointing to a valid item. */
	if( pxList->pxIndex == pxItemToRemove )
     2f0:	11 96       	adiw	r26, 0x01	; 1
     2f2:	8d 91       	ld	r24, X+
     2f4:	9c 91       	ld	r25, X
     2f6:	12 97       	sbiw	r26, 0x02	; 2
     2f8:	e8 17       	cp	r30, r24
     2fa:	f9 07       	cpc	r31, r25
     2fc:	31 f4       	brne	.+12     	; 0x30a <uxListRemove+0x3c>
	{
		pxList->pxIndex = pxItemToRemove->pxPrevious;
     2fe:	84 81       	ldd	r24, Z+4	; 0x04
     300:	95 81       	ldd	r25, Z+5	; 0x05
     302:	12 96       	adiw	r26, 0x02	; 2
     304:	9c 93       	st	X, r25
     306:	8e 93       	st	-X, r24
     308:	11 97       	sbiw	r26, 0x01	; 1
	else
	{
		mtCOVERAGE_TEST_MARKER();
	}

	pxItemToRemove->pvContainer = NULL;
     30a:	11 86       	std	Z+9, r1	; 0x09
     30c:	10 86       	std	Z+8, r1	; 0x08
	( pxList->uxNumberOfItems )--;
     30e:	8c 91       	ld	r24, X
     310:	81 50       	subi	r24, 0x01	; 1
     312:	8c 93       	st	X, r24

	return pxList->uxNumberOfItems;
}
     314:	df 91       	pop	r29
     316:	cf 91       	pop	r28
     318:	08 95       	ret

0000031a <pxPortInitialiseStack>:
	return pdTRUE;
}
/*-----------------------------------------------------------*/

void vPortEndScheduler( void )
{
     31a:	31 e1       	ldi	r19, 0x11	; 17
     31c:	fc 01       	movw	r30, r24
     31e:	30 83       	st	Z, r19
     320:	31 97       	sbiw	r30, 0x01	; 1
     322:	22 e2       	ldi	r18, 0x22	; 34
     324:	20 83       	st	Z, r18
     326:	31 97       	sbiw	r30, 0x01	; 1
     328:	a3 e3       	ldi	r26, 0x33	; 51
     32a:	a0 83       	st	Z, r26
     32c:	31 97       	sbiw	r30, 0x01	; 1
     32e:	60 83       	st	Z, r22
     330:	31 97       	sbiw	r30, 0x01	; 1
     332:	70 83       	st	Z, r23
     334:	31 97       	sbiw	r30, 0x01	; 1
     336:	10 82       	st	Z, r1
     338:	31 97       	sbiw	r30, 0x01	; 1
     33a:	60 e8       	ldi	r22, 0x80	; 128
     33c:	60 83       	st	Z, r22
     33e:	31 97       	sbiw	r30, 0x01	; 1
     340:	10 82       	st	Z, r1
     342:	31 97       	sbiw	r30, 0x01	; 1
     344:	62 e0       	ldi	r22, 0x02	; 2
     346:	60 83       	st	Z, r22
     348:	31 97       	sbiw	r30, 0x01	; 1
     34a:	63 e0       	ldi	r22, 0x03	; 3
     34c:	60 83       	st	Z, r22
     34e:	31 97       	sbiw	r30, 0x01	; 1
     350:	64 e0       	ldi	r22, 0x04	; 4
     352:	60 83       	st	Z, r22
     354:	31 97       	sbiw	r30, 0x01	; 1
     356:	65 e0       	ldi	r22, 0x05	; 5
     358:	60 83       	st	Z, r22
     35a:	31 97       	sbiw	r30, 0x01	; 1
     35c:	66 e0       	ldi	r22, 0x06	; 6
     35e:	60 83       	st	Z, r22
     360:	31 97       	sbiw	r30, 0x01	; 1
     362:	67 e0       	ldi	r22, 0x07	; 7
     364:	60 83       	st	Z, r22
     366:	31 97       	sbiw	r30, 0x01	; 1
     368:	68 e0       	ldi	r22, 0x08	; 8
     36a:	60 83       	st	Z, r22
     36c:	31 97       	sbiw	r30, 0x01	; 1
     36e:	69 e0       	ldi	r22, 0x09	; 9
     370:	60 83       	st	Z, r22
     372:	31 97       	sbiw	r30, 0x01	; 1
     374:	60 e1       	ldi	r22, 0x10	; 16
     376:	60 83       	st	Z, r22
     378:	31 97       	sbiw	r30, 0x01	; 1
     37a:	30 83       	st	Z, r19
     37c:	31 97       	sbiw	r30, 0x01	; 1
     37e:	32 e1       	ldi	r19, 0x12	; 18
     380:	30 83       	st	Z, r19
     382:	31 97       	sbiw	r30, 0x01	; 1
     384:	33 e1       	ldi	r19, 0x13	; 19
     386:	30 83       	st	Z, r19
     388:	31 97       	sbiw	r30, 0x01	; 1
     38a:	34 e1       	ldi	r19, 0x14	; 20
     38c:	30 83       	st	Z, r19
     38e:	31 97       	sbiw	r30, 0x01	; 1
     390:	35 e1       	ldi	r19, 0x15	; 21
     392:	30 83       	st	Z, r19
     394:	31 97       	sbiw	r30, 0x01	; 1
     396:	36 e1       	ldi	r19, 0x16	; 22
     398:	30 83       	st	Z, r19
     39a:	31 97       	sbiw	r30, 0x01	; 1
     39c:	37 e1       	ldi	r19, 0x17	; 23
     39e:	30 83       	st	Z, r19
     3a0:	31 97       	sbiw	r30, 0x01	; 1
     3a2:	38 e1       	ldi	r19, 0x18	; 24
     3a4:	30 83       	st	Z, r19
     3a6:	31 97       	sbiw	r30, 0x01	; 1
     3a8:	39 e1       	ldi	r19, 0x19	; 25
     3aa:	30 83       	st	Z, r19
     3ac:	31 97       	sbiw	r30, 0x01	; 1
     3ae:	30 e2       	ldi	r19, 0x20	; 32
     3b0:	30 83       	st	Z, r19
     3b2:	31 97       	sbiw	r30, 0x01	; 1
     3b4:	31 e2       	ldi	r19, 0x21	; 33
     3b6:	30 83       	st	Z, r19
     3b8:	31 97       	sbiw	r30, 0x01	; 1
     3ba:	20 83       	st	Z, r18
     3bc:	31 97       	sbiw	r30, 0x01	; 1
     3be:	23 e2       	ldi	r18, 0x23	; 35
     3c0:	20 83       	st	Z, r18
     3c2:	31 97       	sbiw	r30, 0x01	; 1
     3c4:	40 83       	st	Z, r20
     3c6:	31 97       	sbiw	r30, 0x01	; 1
     3c8:	50 83       	st	Z, r21
     3ca:	31 97       	sbiw	r30, 0x01	; 1
     3cc:	26 e2       	ldi	r18, 0x26	; 38
     3ce:	20 83       	st	Z, r18
     3d0:	31 97       	sbiw	r30, 0x01	; 1
     3d2:	27 e2       	ldi	r18, 0x27	; 39
     3d4:	20 83       	st	Z, r18
     3d6:	31 97       	sbiw	r30, 0x01	; 1
     3d8:	28 e2       	ldi	r18, 0x28	; 40
     3da:	20 83       	st	Z, r18
     3dc:	31 97       	sbiw	r30, 0x01	; 1
     3de:	29 e2       	ldi	r18, 0x29	; 41
     3e0:	20 83       	st	Z, r18
     3e2:	31 97       	sbiw	r30, 0x01	; 1
     3e4:	20 e3       	ldi	r18, 0x30	; 48
     3e6:	20 83       	st	Z, r18
     3e8:	31 97       	sbiw	r30, 0x01	; 1
     3ea:	21 e3       	ldi	r18, 0x31	; 49
     3ec:	20 83       	st	Z, r18
     3ee:	86 97       	sbiw	r24, 0x26	; 38
     3f0:	08 95       	ret

000003f2 <xPortStartScheduler>:
     3f2:	10 92 89 00 	sts	0x0089, r1	; 0x800089 <__DATA_REGION_ORIGIN__+0x29>
     3f6:	8c e7       	ldi	r24, 0x7C	; 124
     3f8:	80 93 88 00 	sts	0x0088, r24	; 0x800088 <__DATA_REGION_ORIGIN__+0x28>
     3fc:	8b e0       	ldi	r24, 0x0B	; 11
     3fe:	80 93 81 00 	sts	0x0081, r24	; 0x800081 <__DATA_REGION_ORIGIN__+0x21>
     402:	ef e6       	ldi	r30, 0x6F	; 111
     404:	f0 e0       	ldi	r31, 0x00	; 0
     406:	80 81       	ld	r24, Z
     408:	82 60       	ori	r24, 0x02	; 2
     40a:	80 83       	st	Z, r24
     40c:	a0 91 b5 07 	lds	r26, 0x07B5	; 0x8007b5 <pxCurrentTCB>
     410:	b0 91 b6 07 	lds	r27, 0x07B6	; 0x8007b6 <pxCurrentTCB+0x1>
     414:	cd 91       	ld	r28, X+
     416:	cd bf       	out	0x3d, r28	; 61
     418:	dd 91       	ld	r29, X+
     41a:	de bf       	out	0x3e, r29	; 62
     41c:	ff 91       	pop	r31
     41e:	ef 91       	pop	r30
     420:	df 91       	pop	r29
     422:	cf 91       	pop	r28
     424:	bf 91       	pop	r27
     426:	af 91       	pop	r26
     428:	9f 91       	pop	r25
     42a:	8f 91       	pop	r24
     42c:	7f 91       	pop	r23
     42e:	6f 91       	pop	r22
     430:	5f 91       	pop	r21
     432:	4f 91       	pop	r20
     434:	3f 91       	pop	r19
     436:	2f 91       	pop	r18
     438:	1f 91       	pop	r17
     43a:	0f 91       	pop	r16
     43c:	ff 90       	pop	r15
     43e:	ef 90       	pop	r14
     440:	df 90       	pop	r13
     442:	cf 90       	pop	r12
     444:	bf 90       	pop	r11
     446:	af 90       	pop	r10
     448:	9f 90       	pop	r9
     44a:	8f 90       	pop	r8
     44c:	7f 90       	pop	r7
     44e:	6f 90       	pop	r6
     450:	5f 90       	pop	r5
     452:	4f 90       	pop	r4
     454:	3f 90       	pop	r3
     456:	2f 90       	pop	r2
     458:	1f 90       	pop	r1
     45a:	0f 90       	pop	r0
     45c:	0f be       	out	0x3f, r0	; 63
     45e:	0f 90       	pop	r0
     460:	08 95       	ret
     462:	81 e0       	ldi	r24, 0x01	; 1
     464:	08 95       	ret

00000466 <vPortYield>:
 * can use a naked attribute.
 */
void vPortYield( void ) __attribute__ ( ( naked ) );
void vPortYield( void )
{
	portSAVE_CONTEXT();
     466:	0f 92       	push	r0
     468:	0f b6       	in	r0, 0x3f	; 63
     46a:	f8 94       	cli
     46c:	0f 92       	push	r0
     46e:	1f 92       	push	r1
     470:	11 24       	eor	r1, r1
     472:	2f 92       	push	r2
     474:	3f 92       	push	r3
     476:	4f 92       	push	r4
     478:	5f 92       	push	r5
     47a:	6f 92       	push	r6
     47c:	7f 92       	push	r7
     47e:	8f 92       	push	r8
     480:	9f 92       	push	r9
     482:	af 92       	push	r10
     484:	bf 92       	push	r11
     486:	cf 92       	push	r12
     488:	df 92       	push	r13
     48a:	ef 92       	push	r14
     48c:	ff 92       	push	r15
     48e:	0f 93       	push	r16
     490:	1f 93       	push	r17
     492:	2f 93       	push	r18
     494:	3f 93       	push	r19
     496:	4f 93       	push	r20
     498:	5f 93       	push	r21
     49a:	6f 93       	push	r22
     49c:	7f 93       	push	r23
     49e:	8f 93       	push	r24
     4a0:	9f 93       	push	r25
     4a2:	af 93       	push	r26
     4a4:	bf 93       	push	r27
     4a6:	cf 93       	push	r28
     4a8:	df 93       	push	r29
     4aa:	ef 93       	push	r30
     4ac:	ff 93       	push	r31
     4ae:	a0 91 b5 07 	lds	r26, 0x07B5	; 0x8007b5 <pxCurrentTCB>
     4b2:	b0 91 b6 07 	lds	r27, 0x07B6	; 0x8007b6 <pxCurrentTCB+0x1>
     4b6:	0d b6       	in	r0, 0x3d	; 61
     4b8:	0d 92       	st	X+, r0
     4ba:	0e b6       	in	r0, 0x3e	; 62
     4bc:	0d 92       	st	X+, r0
	vTaskSwitchContext();
     4be:	0e 94 2f 0a 	call	0x145e	; 0x145e <vTaskSwitchContext>
	portRESTORE_CONTEXT();
     4c2:	a0 91 b5 07 	lds	r26, 0x07B5	; 0x8007b5 <pxCurrentTCB>
     4c6:	b0 91 b6 07 	lds	r27, 0x07B6	; 0x8007b6 <pxCurrentTCB+0x1>
     4ca:	cd 91       	ld	r28, X+
     4cc:	cd bf       	out	0x3d, r28	; 61
     4ce:	dd 91       	ld	r29, X+
     4d0:	de bf       	out	0x3e, r29	; 62
     4d2:	ff 91       	pop	r31
     4d4:	ef 91       	pop	r30
     4d6:	df 91       	pop	r29
     4d8:	cf 91       	pop	r28
     4da:	bf 91       	pop	r27
     4dc:	af 91       	pop	r26
     4de:	9f 91       	pop	r25
     4e0:	8f 91       	pop	r24
     4e2:	7f 91       	pop	r23
     4e4:	6f 91       	pop	r22
     4e6:	5f 91       	pop	r21
     4e8:	4f 91       	pop	r20
     4ea:	3f 91       	pop	r19
     4ec:	2f 91       	pop	r18
     4ee:	1f 91       	pop	r17
     4f0:	0f 91       	pop	r16
     4f2:	ff 90       	pop	r15
     4f4:	ef 90       	pop	r14
     4f6:	df 90       	pop	r13
     4f8:	cf 90       	pop	r12
     4fa:	bf 90       	pop	r11
     4fc:	af 90       	pop	r10
     4fe:	9f 90       	pop	r9
     500:	8f 90       	pop	r8
     502:	7f 90       	pop	r7
     504:	6f 90       	pop	r6
     506:	5f 90       	pop	r5
     508:	4f 90       	pop	r4
     50a:	3f 90       	pop	r3
     50c:	2f 90       	pop	r2
     50e:	1f 90       	pop	r1
     510:	0f 90       	pop	r0
     512:	0f be       	out	0x3f, r0	; 63
     514:	0f 90       	pop	r0

	asm volatile ( "ret" );
     516:	08 95       	ret

00000518 <__vector_16>:
}


ISR(TIMER0_OVF_vect)				//ISR for timer0 overflow
{
     518:	1f 92       	push	r1
     51a:	0f 92       	push	r0
     51c:	0f b6       	in	r0, 0x3f	; 63
     51e:	0f 92       	push	r0
     520:	11 24       	eor	r1, r1
  ulIsrHandler[0];	
}
     522:	0f 90       	pop	r0
     524:	0f be       	out	0x3f, r0	; 63
     526:	0f 90       	pop	r0
     528:	1f 90       	pop	r1
     52a:	18 95       	reti

0000052c <vPortYieldFromTick>:
 * call comes from the tick ISR.
 */
void vPortYieldFromTick( void ) __attribute__ ( ( naked ) );
void vPortYieldFromTick( void )
{
	portSAVE_CONTEXT();
     52c:	0f 92       	push	r0
     52e:	0f b6       	in	r0, 0x3f	; 63
     530:	f8 94       	cli
     532:	0f 92       	push	r0
     534:	1f 92       	push	r1
     536:	11 24       	eor	r1, r1
     538:	2f 92       	push	r2
     53a:	3f 92       	push	r3
     53c:	4f 92       	push	r4
     53e:	5f 92       	push	r5
     540:	6f 92       	push	r6
     542:	7f 92       	push	r7
     544:	8f 92       	push	r8
     546:	9f 92       	push	r9
     548:	af 92       	push	r10
     54a:	bf 92       	push	r11
     54c:	cf 92       	push	r12
     54e:	df 92       	push	r13
     550:	ef 92       	push	r14
     552:	ff 92       	push	r15
     554:	0f 93       	push	r16
     556:	1f 93       	push	r17
     558:	2f 93       	push	r18
     55a:	3f 93       	push	r19
     55c:	4f 93       	push	r20
     55e:	5f 93       	push	r21
     560:	6f 93       	push	r22
     562:	7f 93       	push	r23
     564:	8f 93       	push	r24
     566:	9f 93       	push	r25
     568:	af 93       	push	r26
     56a:	bf 93       	push	r27
     56c:	cf 93       	push	r28
     56e:	df 93       	push	r29
     570:	ef 93       	push	r30
     572:	ff 93       	push	r31
     574:	a0 91 b5 07 	lds	r26, 0x07B5	; 0x8007b5 <pxCurrentTCB>
     578:	b0 91 b6 07 	lds	r27, 0x07B6	; 0x8007b6 <pxCurrentTCB+0x1>
     57c:	0d b6       	in	r0, 0x3d	; 61
     57e:	0d 92       	st	X+, r0
     580:	0e b6       	in	r0, 0x3e	; 62
     582:	0d 92       	st	X+, r0
	if( xTaskIncrementTick() != pdFALSE )
     584:	0e 94 b3 08 	call	0x1166	; 0x1166 <xTaskIncrementTick>
     588:	81 11       	cpse	r24, r1
	{
		vTaskSwitchContext();
     58a:	0e 94 2f 0a 	call	0x145e	; 0x145e <vTaskSwitchContext>
	}
	portRESTORE_CONTEXT();
     58e:	a0 91 b5 07 	lds	r26, 0x07B5	; 0x8007b5 <pxCurrentTCB>
     592:	b0 91 b6 07 	lds	r27, 0x07B6	; 0x8007b6 <pxCurrentTCB+0x1>
     596:	cd 91       	ld	r28, X+
     598:	cd bf       	out	0x3d, r28	; 61
     59a:	dd 91       	ld	r29, X+
     59c:	de bf       	out	0x3e, r29	; 62
     59e:	ff 91       	pop	r31
     5a0:	ef 91       	pop	r30
     5a2:	df 91       	pop	r29
     5a4:	cf 91       	pop	r28
     5a6:	bf 91       	pop	r27
     5a8:	af 91       	pop	r26
     5aa:	9f 91       	pop	r25
     5ac:	8f 91       	pop	r24
     5ae:	7f 91       	pop	r23
     5b0:	6f 91       	pop	r22
     5b2:	5f 91       	pop	r21
     5b4:	4f 91       	pop	r20
     5b6:	3f 91       	pop	r19
     5b8:	2f 91       	pop	r18
     5ba:	1f 91       	pop	r17
     5bc:	0f 91       	pop	r16
     5be:	ff 90       	pop	r15
     5c0:	ef 90       	pop	r14
     5c2:	df 90       	pop	r13
     5c4:	cf 90       	pop	r12
     5c6:	bf 90       	pop	r11
     5c8:	af 90       	pop	r10
     5ca:	9f 90       	pop	r9
     5cc:	8f 90       	pop	r8
     5ce:	7f 90       	pop	r7
     5d0:	6f 90       	pop	r6
     5d2:	5f 90       	pop	r5
     5d4:	4f 90       	pop	r4
     5d6:	3f 90       	pop	r3
     5d8:	2f 90       	pop	r2
     5da:	1f 90       	pop	r1
     5dc:	0f 90       	pop	r0
     5de:	0f be       	out	0x3f, r0	; 63
     5e0:	0f 90       	pop	r0

	asm volatile ( "ret" );
     5e2:	08 95       	ret

000005e4 <__vector_11>:
	 * count is incremented after the context is saved.
	 */
	void TIMER1_COMPA_vect(void) __attribute__ ((signal, naked));
	void TIMER1_COMPA_vect(void)
	{
		vPortYieldFromTick();
     5e4:	0e 94 96 02 	call	0x52c	; 0x52c <vPortYieldFromTick>
		asm volatile ( "reti" );
     5e8:	18 95       	reti

000005ea <pvPortMalloc>:
	pxIterator->pxNextFreeBlock = pxBlockToInsert;									\
}
/*-----------------------------------------------------------*/

void *pvPortMalloc( size_t xWantedSize )
{
     5ea:	0f 93       	push	r16
     5ec:	1f 93       	push	r17
     5ee:	cf 93       	push	r28
     5f0:	df 93       	push	r29
     5f2:	ec 01       	movw	r28, r24
BlockLink_t *pxBlock, *pxPreviousBlock, *pxNewBlockLink;
static BaseType_t xHeapHasBeenInitialised = pdFALSE;
void *pvReturn = NULL;

	vTaskSuspendAll();
     5f4:	0e 94 a3 08 	call	0x1146	; 0x1146 <vTaskSuspendAll>
	{
		/* If this is the first call to malloc then the heap will require
		initialisation to setup the list of free blocks. */
		if( xHeapHasBeenInitialised == pdFALSE )
     5f8:	80 91 70 01 	lds	r24, 0x0170	; 0x800170 <__data_end>
     5fc:	81 11       	cpse	r24, r1
     5fe:	1d c0       	rjmp	.+58     	; 0x63a <pvPortMalloc+0x50>
	/* Ensure the heap starts on a correctly aligned boundary. */
	pucAlignedHeap = ( uint8_t * ) ( ( ( portPOINTER_SIZE_TYPE ) &ucHeap[ portBYTE_ALIGNMENT ] ) & ( ~( ( portPOINTER_SIZE_TYPE ) portBYTE_ALIGNMENT_MASK ) ) );

	/* xStart is used to hold a pointer to the first item in the list of free
	blocks.  The void cast is used to prevent compiler warnings. */
	xStart.pxNextFreeBlock = ( void * ) pucAlignedHeap;
     600:	e5 e7       	ldi	r30, 0x75	; 117
     602:	f1 e0       	ldi	r31, 0x01	; 1
     604:	8a e7       	ldi	r24, 0x7A	; 122
     606:	91 e0       	ldi	r25, 0x01	; 1
     608:	91 83       	std	Z+1, r25	; 0x01
     60a:	80 83       	st	Z, r24
	xStart.xBlockSize = ( size_t ) 0;
     60c:	13 82       	std	Z+3, r1	; 0x03
     60e:	12 82       	std	Z+2, r1	; 0x02

	/* xEnd is used to mark the end of the list of free blocks. */
	xEnd.xBlockSize = configADJUSTED_HEAP_SIZE;
     610:	e1 e7       	ldi	r30, 0x71	; 113
     612:	f1 e0       	ldi	r31, 0x01	; 1
     614:	8b ed       	ldi	r24, 0xDB	; 219
     616:	95 e0       	ldi	r25, 0x05	; 5
     618:	93 83       	std	Z+3, r25	; 0x03
     61a:	82 83       	std	Z+2, r24	; 0x02
	xEnd.pxNextFreeBlock = NULL;
     61c:	11 82       	std	Z+1, r1	; 0x01
     61e:	10 82       	st	Z, r1

	/* To start with there is a single free block that is sized to take up the
	entire heap space. */
	pxFirstFreeBlock = ( void * ) pucAlignedHeap;
	pxFirstFreeBlock->xBlockSize = configADJUSTED_HEAP_SIZE;
     620:	a9 e7       	ldi	r26, 0x79	; 121
     622:	b1 e0       	ldi	r27, 0x01	; 1
     624:	14 96       	adiw	r26, 0x04	; 4
     626:	9c 93       	st	X, r25
     628:	8e 93       	st	-X, r24
     62a:	13 97       	sbiw	r26, 0x03	; 3
	pxFirstFreeBlock->pxNextFreeBlock = &xEnd;
     62c:	12 96       	adiw	r26, 0x02	; 2
     62e:	fc 93       	st	X, r31
     630:	ee 93       	st	-X, r30
     632:	11 97       	sbiw	r26, 0x01	; 1
		/* If this is the first call to malloc then the heap will require
		initialisation to setup the list of free blocks. */
		if( xHeapHasBeenInitialised == pdFALSE )
		{
			prvHeapInit();
			xHeapHasBeenInitialised = pdTRUE;
     634:	81 e0       	ldi	r24, 0x01	; 1
     636:	80 93 70 01 	sts	0x0170, r24	; 0x800170 <__data_end>
		}

		/* The wanted size is increased so it can contain a BlockLink_t
		structure in addition to the requested amount of bytes. */
		if( xWantedSize > 0 )
     63a:	20 97       	sbiw	r28, 0x00	; 0
     63c:	09 f4       	brne	.+2      	; 0x640 <pvPortMalloc+0x56>
     63e:	5f c0       	rjmp	.+190    	; 0x6fe <pvPortMalloc+0x114>
		{
			xWantedSize += heapSTRUCT_SIZE;
     640:	9e 01       	movw	r18, r28
     642:	2c 5f       	subi	r18, 0xFC	; 252
     644:	3f 4f       	sbci	r19, 0xFF	; 255
				/* Byte alignment required. */
				xWantedSize += ( portBYTE_ALIGNMENT - ( xWantedSize & portBYTE_ALIGNMENT_MASK ) );
			}
		}

		if( ( xWantedSize > 0 ) && ( xWantedSize < configADJUSTED_HEAP_SIZE ) )
     646:	23 96       	adiw	r28, 0x03	; 3
     648:	ca 3d       	cpi	r28, 0xDA	; 218
     64a:	d5 40       	sbci	r29, 0x05	; 5
     64c:	08 f0       	brcs	.+2      	; 0x650 <pvPortMalloc+0x66>
     64e:	5a c0       	rjmp	.+180    	; 0x704 <pvPortMalloc+0x11a>
		{
			/* Blocks are stored in byte order - traverse the list from the start
			(smallest) block until one of adequate size is found. */
			pxPreviousBlock = &xStart;
			pxBlock = xStart.pxNextFreeBlock;
     650:	e0 91 75 01 	lds	r30, 0x0175	; 0x800175 <xStart>
     654:	f0 91 76 01 	lds	r31, 0x0176	; 0x800176 <xStart+0x1>

		if( ( xWantedSize > 0 ) && ( xWantedSize < configADJUSTED_HEAP_SIZE ) )
		{
			/* Blocks are stored in byte order - traverse the list from the start
			(smallest) block until one of adequate size is found. */
			pxPreviousBlock = &xStart;
     658:	a5 e7       	ldi	r26, 0x75	; 117
     65a:	b1 e0       	ldi	r27, 0x01	; 1
			pxBlock = xStart.pxNextFreeBlock;
			while( ( pxBlock->xBlockSize < xWantedSize ) && ( pxBlock->pxNextFreeBlock != NULL ) )
     65c:	02 c0       	rjmp	.+4      	; 0x662 <pvPortMalloc+0x78>
     65e:	df 01       	movw	r26, r30
			{
				pxPreviousBlock = pxBlock;
				pxBlock = pxBlock->pxNextFreeBlock;
     660:	fc 01       	movw	r30, r24
		{
			/* Blocks are stored in byte order - traverse the list from the start
			(smallest) block until one of adequate size is found. */
			pxPreviousBlock = &xStart;
			pxBlock = xStart.pxNextFreeBlock;
			while( ( pxBlock->xBlockSize < xWantedSize ) && ( pxBlock->pxNextFreeBlock != NULL ) )
     662:	82 81       	ldd	r24, Z+2	; 0x02
     664:	93 81       	ldd	r25, Z+3	; 0x03
     666:	82 17       	cp	r24, r18
     668:	93 07       	cpc	r25, r19
     66a:	20 f4       	brcc	.+8      	; 0x674 <pvPortMalloc+0x8a>
     66c:	80 81       	ld	r24, Z
     66e:	91 81       	ldd	r25, Z+1	; 0x01
     670:	00 97       	sbiw	r24, 0x00	; 0
     672:	a9 f7       	brne	.-22     	; 0x65e <pvPortMalloc+0x74>
				pxPreviousBlock = pxBlock;
				pxBlock = pxBlock->pxNextFreeBlock;
			}

			/* If we found the end marker then a block of adequate size was not found. */
			if( pxBlock != &xEnd )
     674:	c1 e0       	ldi	r28, 0x01	; 1
     676:	e1 37       	cpi	r30, 0x71	; 113
     678:	fc 07       	cpc	r31, r28
     67a:	09 f4       	brne	.+2      	; 0x67e <pvPortMalloc+0x94>
     67c:	46 c0       	rjmp	.+140    	; 0x70a <pvPortMalloc+0x120>
			{
				/* Return the memory space - jumping over the BlockLink_t structure
				at its start. */
				pvReturn = ( void * ) ( ( ( uint8_t * ) pxPreviousBlock->pxNextFreeBlock ) + heapSTRUCT_SIZE );
     67e:	cd 91       	ld	r28, X+
     680:	dc 91       	ld	r29, X
     682:	11 97       	sbiw	r26, 0x01	; 1
     684:	8e 01       	movw	r16, r28
     686:	0c 5f       	subi	r16, 0xFC	; 252
     688:	1f 4f       	sbci	r17, 0xFF	; 255

				/* This block is being returned for use so must be taken out of the
				list of free blocks. */
				pxPreviousBlock->pxNextFreeBlock = pxBlock->pxNextFreeBlock;
     68a:	80 81       	ld	r24, Z
     68c:	91 81       	ldd	r25, Z+1	; 0x01
     68e:	8d 93       	st	X+, r24
     690:	9c 93       	st	X, r25

				/* If the block is larger than required it can be split into two. */
				if( ( pxBlock->xBlockSize - xWantedSize ) > heapMINIMUM_BLOCK_SIZE )
     692:	82 81       	ldd	r24, Z+2	; 0x02
     694:	93 81       	ldd	r25, Z+3	; 0x03
     696:	82 1b       	sub	r24, r18
     698:	93 0b       	sbc	r25, r19
     69a:	89 30       	cpi	r24, 0x09	; 9
     69c:	91 05       	cpc	r25, r1
     69e:	10 f1       	brcs	.+68     	; 0x6e4 <pvPortMalloc+0xfa>
				{
					/* This block is to be split into two.  Create a new block
					following the number of bytes requested. The void cast is
					used to prevent byte alignment warnings from the compiler. */
					pxNewBlockLink = ( void * ) ( ( ( uint8_t * ) pxBlock ) + xWantedSize );
     6a0:	bf 01       	movw	r22, r30
     6a2:	62 0f       	add	r22, r18
     6a4:	73 1f       	adc	r23, r19

					/* Calculate the sizes of two blocks split from the single
					block. */
					pxNewBlockLink->xBlockSize = pxBlock->xBlockSize - xWantedSize;
     6a6:	db 01       	movw	r26, r22
     6a8:	13 96       	adiw	r26, 0x03	; 3
     6aa:	9c 93       	st	X, r25
     6ac:	8e 93       	st	-X, r24
     6ae:	12 97       	sbiw	r26, 0x02	; 2
					pxBlock->xBlockSize = xWantedSize;
     6b0:	33 83       	std	Z+3, r19	; 0x03
     6b2:	22 83       	std	Z+2, r18	; 0x02

					/* Insert the new block into the list of free blocks. */
					prvInsertBlockIntoFreeList( ( pxNewBlockLink ) );
     6b4:	12 96       	adiw	r26, 0x02	; 2
     6b6:	4d 91       	ld	r20, X+
     6b8:	5c 91       	ld	r21, X
     6ba:	13 97       	sbiw	r26, 0x03	; 3
     6bc:	85 e7       	ldi	r24, 0x75	; 117
     6be:	91 e0       	ldi	r25, 0x01	; 1
     6c0:	01 c0       	rjmp	.+2      	; 0x6c4 <pvPortMalloc+0xda>
     6c2:	cd 01       	movw	r24, r26
     6c4:	ec 01       	movw	r28, r24
     6c6:	a8 81       	ld	r26, Y
     6c8:	b9 81       	ldd	r27, Y+1	; 0x01
     6ca:	12 96       	adiw	r26, 0x02	; 2
     6cc:	2d 91       	ld	r18, X+
     6ce:	3c 91       	ld	r19, X
     6d0:	13 97       	sbiw	r26, 0x03	; 3
     6d2:	24 17       	cp	r18, r20
     6d4:	35 07       	cpc	r19, r21
     6d6:	a8 f3       	brcs	.-22     	; 0x6c2 <pvPortMalloc+0xd8>
     6d8:	eb 01       	movw	r28, r22
     6da:	b9 83       	std	Y+1, r27	; 0x01
     6dc:	a8 83       	st	Y, r26
     6de:	dc 01       	movw	r26, r24
     6e0:	6d 93       	st	X+, r22
     6e2:	7c 93       	st	X, r23
				}

				xFreeBytesRemaining -= pxBlock->xBlockSize;
     6e4:	80 91 00 01 	lds	r24, 0x0100	; 0x800100 <__data_start>
     6e8:	90 91 01 01 	lds	r25, 0x0101	; 0x800101 <__data_start+0x1>
     6ec:	22 81       	ldd	r18, Z+2	; 0x02
     6ee:	33 81       	ldd	r19, Z+3	; 0x03
     6f0:	82 1b       	sub	r24, r18
     6f2:	93 0b       	sbc	r25, r19
     6f4:	90 93 01 01 	sts	0x0101, r25	; 0x800101 <__data_start+0x1>
     6f8:	80 93 00 01 	sts	0x0100, r24	; 0x800100 <__data_start>
     6fc:	08 c0       	rjmp	.+16     	; 0x70e <pvPortMalloc+0x124>

void *pvPortMalloc( size_t xWantedSize )
{
BlockLink_t *pxBlock, *pxPreviousBlock, *pxNewBlockLink;
static BaseType_t xHeapHasBeenInitialised = pdFALSE;
void *pvReturn = NULL;
     6fe:	00 e0       	ldi	r16, 0x00	; 0
     700:	10 e0       	ldi	r17, 0x00	; 0
     702:	05 c0       	rjmp	.+10     	; 0x70e <pvPortMalloc+0x124>
     704:	00 e0       	ldi	r16, 0x00	; 0
     706:	10 e0       	ldi	r17, 0x00	; 0
     708:	02 c0       	rjmp	.+4      	; 0x70e <pvPortMalloc+0x124>
     70a:	00 e0       	ldi	r16, 0x00	; 0
     70c:	10 e0       	ldi	r17, 0x00	; 0
			}
		}

		traceMALLOC( pvReturn, xWantedSize );
	}
	( void ) xTaskResumeAll();
     70e:	0e 94 70 09 	call	0x12e0	; 0x12e0 <xTaskResumeAll>
		}
	}
	#endif

	return pvReturn;
}
     712:	c8 01       	movw	r24, r16
     714:	df 91       	pop	r29
     716:	cf 91       	pop	r28
     718:	1f 91       	pop	r17
     71a:	0f 91       	pop	r16
     71c:	08 95       	ret

0000071e <vPortFree>:
/*-----------------------------------------------------------*/

void vPortFree( void *pv )
{
     71e:	0f 93       	push	r16
     720:	1f 93       	push	r17
     722:	cf 93       	push	r28
     724:	df 93       	push	r29
uint8_t *puc = ( uint8_t * ) pv;
BlockLink_t *pxLink;

	if( pv != NULL )
     726:	00 97       	sbiw	r24, 0x00	; 0
     728:	41 f1       	breq	.+80     	; 0x77a <vPortFree+0x5c>
     72a:	ec 01       	movw	r28, r24
	{
		/* The memory being freed will have an BlockLink_t structure immediately
		before it. */
		puc -= heapSTRUCT_SIZE;
     72c:	8c 01       	movw	r16, r24
     72e:	04 50       	subi	r16, 0x04	; 4
     730:	11 09       	sbc	r17, r1

		/* This unexpected casting is to keep some compilers from issuing
		byte alignment warnings. */
		pxLink = ( void * ) puc;

		vTaskSuspendAll();
     732:	0e 94 a3 08 	call	0x1146	; 0x1146 <vTaskSuspendAll>
		{
			/* Add this block to the list of free blocks. */
			prvInsertBlockIntoFreeList( ( ( BlockLink_t * ) pxLink ) );
     736:	f8 01       	movw	r30, r16
     738:	42 81       	ldd	r20, Z+2	; 0x02
     73a:	53 81       	ldd	r21, Z+3	; 0x03
     73c:	a5 e7       	ldi	r26, 0x75	; 117
     73e:	b1 e0       	ldi	r27, 0x01	; 1
     740:	01 c0       	rjmp	.+2      	; 0x744 <vPortFree+0x26>
     742:	df 01       	movw	r26, r30
     744:	ed 91       	ld	r30, X+
     746:	fc 91       	ld	r31, X
     748:	11 97       	sbiw	r26, 0x01	; 1
     74a:	22 81       	ldd	r18, Z+2	; 0x02
     74c:	33 81       	ldd	r19, Z+3	; 0x03
     74e:	24 17       	cp	r18, r20
     750:	35 07       	cpc	r19, r21
     752:	b8 f3       	brcs	.-18     	; 0x742 <vPortFree+0x24>
     754:	24 97       	sbiw	r28, 0x04	; 4
     756:	f9 83       	std	Y+1, r31	; 0x01
     758:	e8 83       	st	Y, r30
     75a:	0d 93       	st	X+, r16
     75c:	1c 93       	st	X, r17
			xFreeBytesRemaining += pxLink->xBlockSize;
     75e:	20 91 00 01 	lds	r18, 0x0100	; 0x800100 <__data_start>
     762:	30 91 01 01 	lds	r19, 0x0101	; 0x800101 <__data_start+0x1>
     766:	8a 81       	ldd	r24, Y+2	; 0x02
     768:	9b 81       	ldd	r25, Y+3	; 0x03
     76a:	82 0f       	add	r24, r18
     76c:	93 1f       	adc	r25, r19
     76e:	90 93 01 01 	sts	0x0101, r25	; 0x800101 <__data_start+0x1>
     772:	80 93 00 01 	sts	0x0100, r24	; 0x800100 <__data_start>
			traceFREE( pv, pxLink->xBlockSize );
		}
		( void ) xTaskResumeAll();
     776:	0e 94 70 09 	call	0x12e0	; 0x12e0 <xTaskResumeAll>
	}
}
     77a:	df 91       	pop	r29
     77c:	cf 91       	pop	r28
     77e:	1f 91       	pop	r17
     780:	0f 91       	pop	r16
     782:	08 95       	ret

00000784 <prvCopyDataToQueue>:
	{
		vQueueUnregisterQueue( pxQueue );
	}
	#endif
	vPortFree( pxQueue );
}
     784:	1f 93       	push	r17
     786:	cf 93       	push	r28
     788:	df 93       	push	r29
     78a:	ec 01       	movw	r28, r24
     78c:	14 2f       	mov	r17, r20
     78e:	4c 8d       	ldd	r20, Y+28	; 0x1c
     790:	44 23       	and	r20, r20
     792:	d9 f1       	breq	.+118    	; 0x80a <prvCopyDataToQueue+0x86>
     794:	11 11       	cpse	r17, r1
     796:	16 c0       	rjmp	.+44     	; 0x7c4 <prvCopyDataToQueue+0x40>
     798:	50 e0       	ldi	r21, 0x00	; 0
     79a:	8c 81       	ldd	r24, Y+4	; 0x04
     79c:	9d 81       	ldd	r25, Y+5	; 0x05
     79e:	0e 94 11 0e 	call	0x1c22	; 0x1c22 <memcpy>
     7a2:	2c 8d       	ldd	r18, Y+28	; 0x1c
     7a4:	8c 81       	ldd	r24, Y+4	; 0x04
     7a6:	9d 81       	ldd	r25, Y+5	; 0x05
     7a8:	82 0f       	add	r24, r18
     7aa:	91 1d       	adc	r25, r1
     7ac:	9d 83       	std	Y+5, r25	; 0x05
     7ae:	8c 83       	std	Y+4, r24	; 0x04
     7b0:	2a 81       	ldd	r18, Y+2	; 0x02
     7b2:	3b 81       	ldd	r19, Y+3	; 0x03
     7b4:	82 17       	cp	r24, r18
     7b6:	93 07       	cpc	r25, r19
     7b8:	40 f1       	brcs	.+80     	; 0x80a <prvCopyDataToQueue+0x86>
     7ba:	88 81       	ld	r24, Y
     7bc:	99 81       	ldd	r25, Y+1	; 0x01
     7be:	9d 83       	std	Y+5, r25	; 0x05
     7c0:	8c 83       	std	Y+4, r24	; 0x04
     7c2:	23 c0       	rjmp	.+70     	; 0x80a <prvCopyDataToQueue+0x86>
     7c4:	50 e0       	ldi	r21, 0x00	; 0
     7c6:	8e 81       	ldd	r24, Y+6	; 0x06
     7c8:	9f 81       	ldd	r25, Y+7	; 0x07
     7ca:	0e 94 11 0e 	call	0x1c22	; 0x1c22 <memcpy>
     7ce:	8c 8d       	ldd	r24, Y+28	; 0x1c
     7d0:	90 e0       	ldi	r25, 0x00	; 0
     7d2:	91 95       	neg	r25
     7d4:	81 95       	neg	r24
     7d6:	91 09       	sbc	r25, r1
     7d8:	2e 81       	ldd	r18, Y+6	; 0x06
     7da:	3f 81       	ldd	r19, Y+7	; 0x07
     7dc:	28 0f       	add	r18, r24
     7de:	39 1f       	adc	r19, r25
     7e0:	3f 83       	std	Y+7, r19	; 0x07
     7e2:	2e 83       	std	Y+6, r18	; 0x06
     7e4:	48 81       	ld	r20, Y
     7e6:	59 81       	ldd	r21, Y+1	; 0x01
     7e8:	24 17       	cp	r18, r20
     7ea:	35 07       	cpc	r19, r21
     7ec:	30 f4       	brcc	.+12     	; 0x7fa <prvCopyDataToQueue+0x76>
     7ee:	2a 81       	ldd	r18, Y+2	; 0x02
     7f0:	3b 81       	ldd	r19, Y+3	; 0x03
     7f2:	82 0f       	add	r24, r18
     7f4:	93 1f       	adc	r25, r19
     7f6:	9f 83       	std	Y+7, r25	; 0x07
     7f8:	8e 83       	std	Y+6, r24	; 0x06
     7fa:	12 30       	cpi	r17, 0x02	; 2
     7fc:	31 f4       	brne	.+12     	; 0x80a <prvCopyDataToQueue+0x86>
     7fe:	8a 8d       	ldd	r24, Y+26	; 0x1a
     800:	88 23       	and	r24, r24
     802:	19 f0       	breq	.+6      	; 0x80a <prvCopyDataToQueue+0x86>
     804:	8a 8d       	ldd	r24, Y+26	; 0x1a
     806:	81 50       	subi	r24, 0x01	; 1
     808:	8a 8f       	std	Y+26, r24	; 0x1a
     80a:	8a 8d       	ldd	r24, Y+26	; 0x1a
     80c:	8f 5f       	subi	r24, 0xFF	; 255
     80e:	8a 8f       	std	Y+26, r24	; 0x1a
     810:	80 e0       	ldi	r24, 0x00	; 0
     812:	df 91       	pop	r29
     814:	cf 91       	pop	r28
     816:	1f 91       	pop	r17
     818:	08 95       	ret

0000081a <prvNotifyQueueSetContainer>:
     81a:	ff 92       	push	r15
     81c:	0f 93       	push	r16
     81e:	1f 93       	push	r17
     820:	cf 93       	push	r28
     822:	df 93       	push	r29
     824:	00 d0       	rcall	.+0      	; 0x826 <prvNotifyQueueSetContainer+0xc>
     826:	cd b7       	in	r28, 0x3d	; 61
     828:	de b7       	in	r29, 0x3e	; 62
     82a:	9a 83       	std	Y+2, r25	; 0x02
     82c:	89 83       	std	Y+1, r24	; 0x01
     82e:	fc 01       	movw	r30, r24
     830:	07 8d       	ldd	r16, Z+31	; 0x1f
     832:	10 a1       	ldd	r17, Z+32	; 0x20
     834:	f8 01       	movw	r30, r16
     836:	92 8d       	ldd	r25, Z+26	; 0x1a
     838:	83 8d       	ldd	r24, Z+27	; 0x1b
     83a:	98 17       	cp	r25, r24
     83c:	e8 f4       	brcc	.+58     	; 0x878 <prvNotifyQueueSetContainer+0x5e>
     83e:	46 2f       	mov	r20, r22
     840:	be 01       	movw	r22, r28
     842:	6f 5f       	subi	r22, 0xFF	; 255
     844:	7f 4f       	sbci	r23, 0xFF	; 255
     846:	c8 01       	movw	r24, r16
     848:	0e 94 c2 03 	call	0x784	; 0x784 <prvCopyDataToQueue>
     84c:	f8 2e       	mov	r15, r24
     84e:	f8 01       	movw	r30, r16
     850:	86 8d       	ldd	r24, Z+30	; 0x1e
     852:	8f 3f       	cpi	r24, 0xFF	; 255
     854:	61 f4       	brne	.+24     	; 0x86e <prvNotifyQueueSetContainer+0x54>
     856:	81 89       	ldd	r24, Z+17	; 0x11
     858:	88 23       	and	r24, r24
     85a:	79 f0       	breq	.+30     	; 0x87a <prvNotifyQueueSetContainer+0x60>
     85c:	c8 01       	movw	r24, r16
     85e:	41 96       	adiw	r24, 0x11	; 17
     860:	0e 94 e5 0a 	call	0x15ca	; 0x15ca <xTaskRemoveFromEventList>
     864:	88 23       	and	r24, r24
     866:	49 f0       	breq	.+18     	; 0x87a <prvNotifyQueueSetContainer+0x60>
     868:	ff 24       	eor	r15, r15
     86a:	f3 94       	inc	r15
     86c:	06 c0       	rjmp	.+12     	; 0x87a <prvNotifyQueueSetContainer+0x60>
     86e:	f8 01       	movw	r30, r16
     870:	86 8d       	ldd	r24, Z+30	; 0x1e
     872:	8f 5f       	subi	r24, 0xFF	; 255
     874:	86 8f       	std	Z+30, r24	; 0x1e
     876:	01 c0       	rjmp	.+2      	; 0x87a <prvNotifyQueueSetContainer+0x60>
     878:	f1 2c       	mov	r15, r1
     87a:	8f 2d       	mov	r24, r15
     87c:	0f 90       	pop	r0
     87e:	0f 90       	pop	r0
     880:	df 91       	pop	r29
     882:	cf 91       	pop	r28
     884:	1f 91       	pop	r17
     886:	0f 91       	pop	r16
     888:	ff 90       	pop	r15
     88a:	08 95       	ret

0000088c <prvCopyDataFromQueue>:
     88c:	fc 01       	movw	r30, r24
     88e:	44 8d       	ldd	r20, Z+28	; 0x1c
     890:	44 23       	and	r20, r20
     892:	a9 f0       	breq	.+42     	; 0x8be <prvCopyDataFromQueue+0x32>
     894:	50 e0       	ldi	r21, 0x00	; 0
     896:	26 81       	ldd	r18, Z+6	; 0x06
     898:	37 81       	ldd	r19, Z+7	; 0x07
     89a:	24 0f       	add	r18, r20
     89c:	35 1f       	adc	r19, r21
     89e:	37 83       	std	Z+7, r19	; 0x07
     8a0:	26 83       	std	Z+6, r18	; 0x06
     8a2:	82 81       	ldd	r24, Z+2	; 0x02
     8a4:	93 81       	ldd	r25, Z+3	; 0x03
     8a6:	28 17       	cp	r18, r24
     8a8:	39 07       	cpc	r19, r25
     8aa:	20 f0       	brcs	.+8      	; 0x8b4 <prvCopyDataFromQueue+0x28>
     8ac:	80 81       	ld	r24, Z
     8ae:	91 81       	ldd	r25, Z+1	; 0x01
     8b0:	97 83       	std	Z+7, r25	; 0x07
     8b2:	86 83       	std	Z+6, r24	; 0x06
     8b4:	cb 01       	movw	r24, r22
     8b6:	66 81       	ldd	r22, Z+6	; 0x06
     8b8:	77 81       	ldd	r23, Z+7	; 0x07
     8ba:	0e 94 11 0e 	call	0x1c22	; 0x1c22 <memcpy>
     8be:	08 95       	ret

000008c0 <prvUnlockQueue>:
     8c0:	0f 93       	push	r16
     8c2:	1f 93       	push	r17
     8c4:	cf 93       	push	r28
     8c6:	df 93       	push	r29
     8c8:	ec 01       	movw	r28, r24
     8ca:	0f b6       	in	r0, 0x3f	; 63
     8cc:	f8 94       	cli
     8ce:	0f 92       	push	r0
     8d0:	8e 8d       	ldd	r24, Y+30	; 0x1e
     8d2:	18 16       	cp	r1, r24
     8d4:	fc f4       	brge	.+62     	; 0x914 <__stack+0x15>
     8d6:	8e 01       	movw	r16, r28
     8d8:	0f 5e       	subi	r16, 0xEF	; 239
     8da:	1f 4f       	sbci	r17, 0xFF	; 255
     8dc:	8f 8d       	ldd	r24, Y+31	; 0x1f
     8de:	98 a1       	ldd	r25, Y+32	; 0x20
     8e0:	89 2b       	or	r24, r25
     8e2:	49 f0       	breq	.+18     	; 0x8f6 <prvUnlockQueue+0x36>
     8e4:	60 e0       	ldi	r22, 0x00	; 0
     8e6:	ce 01       	movw	r24, r28
     8e8:	0e 94 0d 04 	call	0x81a	; 0x81a <prvNotifyQueueSetContainer>
     8ec:	81 30       	cpi	r24, 0x01	; 1
     8ee:	61 f4       	brne	.+24     	; 0x908 <__stack+0x9>
     8f0:	0e 94 71 0b 	call	0x16e2	; 0x16e2 <vTaskMissedYield>
     8f4:	09 c0       	rjmp	.+18     	; 0x908 <__stack+0x9>
     8f6:	89 89       	ldd	r24, Y+17	; 0x11
     8f8:	88 23       	and	r24, r24
     8fa:	61 f0       	breq	.+24     	; 0x914 <__stack+0x15>
     8fc:	c8 01       	movw	r24, r16
     8fe:	0e 94 e5 0a 	call	0x15ca	; 0x15ca <xTaskRemoveFromEventList>
     902:	81 11       	cpse	r24, r1
     904:	0e 94 71 0b 	call	0x16e2	; 0x16e2 <vTaskMissedYield>
     908:	8e 8d       	ldd	r24, Y+30	; 0x1e
     90a:	81 50       	subi	r24, 0x01	; 1
     90c:	8e 8f       	std	Y+30, r24	; 0x1e
     90e:	8e 8d       	ldd	r24, Y+30	; 0x1e
     910:	18 16       	cp	r1, r24
     912:	24 f3       	brlt	.-56     	; 0x8dc <prvUnlockQueue+0x1c>
     914:	8f ef       	ldi	r24, 0xFF	; 255
     916:	8e 8f       	std	Y+30, r24	; 0x1e
     918:	0f 90       	pop	r0
     91a:	0f be       	out	0x3f, r0	; 63
     91c:	0f b6       	in	r0, 0x3f	; 63
     91e:	f8 94       	cli
     920:	0f 92       	push	r0
     922:	8d 8d       	ldd	r24, Y+29	; 0x1d
     924:	18 16       	cp	r1, r24
     926:	bc f4       	brge	.+46     	; 0x956 <__stack+0x57>
     928:	88 85       	ldd	r24, Y+8	; 0x08
     92a:	81 11       	cpse	r24, r1
     92c:	05 c0       	rjmp	.+10     	; 0x938 <__stack+0x39>
     92e:	13 c0       	rjmp	.+38     	; 0x956 <__stack+0x57>
     930:	88 85       	ldd	r24, Y+8	; 0x08
     932:	81 11       	cpse	r24, r1
     934:	04 c0       	rjmp	.+8      	; 0x93e <__stack+0x3f>
     936:	0f c0       	rjmp	.+30     	; 0x956 <__stack+0x57>
     938:	8e 01       	movw	r16, r28
     93a:	08 5f       	subi	r16, 0xF8	; 248
     93c:	1f 4f       	sbci	r17, 0xFF	; 255
     93e:	c8 01       	movw	r24, r16
     940:	0e 94 e5 0a 	call	0x15ca	; 0x15ca <xTaskRemoveFromEventList>
     944:	81 11       	cpse	r24, r1
     946:	0e 94 71 0b 	call	0x16e2	; 0x16e2 <vTaskMissedYield>
     94a:	8d 8d       	ldd	r24, Y+29	; 0x1d
     94c:	81 50       	subi	r24, 0x01	; 1
     94e:	8d 8f       	std	Y+29, r24	; 0x1d
     950:	8d 8d       	ldd	r24, Y+29	; 0x1d
     952:	18 16       	cp	r1, r24
     954:	6c f3       	brlt	.-38     	; 0x930 <__stack+0x31>
     956:	8f ef       	ldi	r24, 0xFF	; 255
     958:	8d 8f       	std	Y+29, r24	; 0x1d
     95a:	0f 90       	pop	r0
     95c:	0f be       	out	0x3f, r0	; 63
     95e:	df 91       	pop	r29
     960:	cf 91       	pop	r28
     962:	1f 91       	pop	r17
     964:	0f 91       	pop	r16
     966:	08 95       	ret

00000968 <xQueueGenericReset>:
     968:	cf 93       	push	r28
     96a:	df 93       	push	r29
     96c:	ec 01       	movw	r28, r24
     96e:	0f b6       	in	r0, 0x3f	; 63
     970:	f8 94       	cli
     972:	0f 92       	push	r0
     974:	48 81       	ld	r20, Y
     976:	59 81       	ldd	r21, Y+1	; 0x01
     978:	2c 8d       	ldd	r18, Y+28	; 0x1c
     97a:	30 e0       	ldi	r19, 0x00	; 0
     97c:	7b 8d       	ldd	r23, Y+27	; 0x1b
     97e:	72 9f       	mul	r23, r18
     980:	c0 01       	movw	r24, r0
     982:	73 9f       	mul	r23, r19
     984:	90 0d       	add	r25, r0
     986:	11 24       	eor	r1, r1
     988:	fa 01       	movw	r30, r20
     98a:	e8 0f       	add	r30, r24
     98c:	f9 1f       	adc	r31, r25
     98e:	fb 83       	std	Y+3, r31	; 0x03
     990:	ea 83       	std	Y+2, r30	; 0x02
     992:	1a 8e       	std	Y+26, r1	; 0x1a
     994:	5d 83       	std	Y+5, r21	; 0x05
     996:	4c 83       	std	Y+4, r20	; 0x04
     998:	82 1b       	sub	r24, r18
     99a:	93 0b       	sbc	r25, r19
     99c:	84 0f       	add	r24, r20
     99e:	95 1f       	adc	r25, r21
     9a0:	9f 83       	std	Y+7, r25	; 0x07
     9a2:	8e 83       	std	Y+6, r24	; 0x06
     9a4:	8f ef       	ldi	r24, 0xFF	; 255
     9a6:	8d 8f       	std	Y+29, r24	; 0x1d
     9a8:	8e 8f       	std	Y+30, r24	; 0x1e
     9aa:	61 11       	cpse	r22, r1
     9ac:	0c c0       	rjmp	.+24     	; 0x9c6 <xQueueGenericReset+0x5e>
     9ae:	88 85       	ldd	r24, Y+8	; 0x08
     9b0:	88 23       	and	r24, r24
     9b2:	89 f0       	breq	.+34     	; 0x9d6 <xQueueGenericReset+0x6e>
     9b4:	ce 01       	movw	r24, r28
     9b6:	08 96       	adiw	r24, 0x08	; 8
     9b8:	0e 94 e5 0a 	call	0x15ca	; 0x15ca <xTaskRemoveFromEventList>
     9bc:	81 30       	cpi	r24, 0x01	; 1
     9be:	59 f4       	brne	.+22     	; 0x9d6 <xQueueGenericReset+0x6e>
     9c0:	0e 94 33 02 	call	0x466	; 0x466 <vPortYield>
     9c4:	08 c0       	rjmp	.+16     	; 0x9d6 <xQueueGenericReset+0x6e>
     9c6:	ce 01       	movw	r24, r28
     9c8:	08 96       	adiw	r24, 0x08	; 8
     9ca:	0e 94 03 01 	call	0x206	; 0x206 <vListInitialise>
     9ce:	ce 01       	movw	r24, r28
     9d0:	41 96       	adiw	r24, 0x11	; 17
     9d2:	0e 94 03 01 	call	0x206	; 0x206 <vListInitialise>
     9d6:	0f 90       	pop	r0
     9d8:	0f be       	out	0x3f, r0	; 63
     9da:	81 e0       	ldi	r24, 0x01	; 1
     9dc:	df 91       	pop	r29
     9de:	cf 91       	pop	r28
     9e0:	08 95       	ret

000009e2 <xQueueGenericCreate>:
     9e2:	0f 93       	push	r16
     9e4:	1f 93       	push	r17
     9e6:	cf 93       	push	r28
     9e8:	df 93       	push	r29
     9ea:	08 2f       	mov	r16, r24
     9ec:	16 2f       	mov	r17, r22
     9ee:	66 23       	and	r22, r22
     9f0:	c9 f0       	breq	.+50     	; 0xa24 <xQueueGenericCreate+0x42>
     9f2:	86 9f       	mul	r24, r22
     9f4:	c0 01       	movw	r24, r0
     9f6:	11 24       	eor	r1, r1
     9f8:	82 96       	adiw	r24, 0x22	; 34
     9fa:	0e 94 f5 02 	call	0x5ea	; 0x5ea <pvPortMalloc>
     9fe:	ec 01       	movw	r28, r24
     a00:	00 97       	sbiw	r24, 0x00	; 0
     a02:	21 f4       	brne	.+8      	; 0xa0c <xQueueGenericCreate+0x2a>
     a04:	16 c0       	rjmp	.+44     	; 0xa32 <xQueueGenericCreate+0x50>
     a06:	d9 83       	std	Y+1, r29	; 0x01
     a08:	c8 83       	st	Y, r28
     a0a:	03 c0       	rjmp	.+6      	; 0xa12 <xQueueGenericCreate+0x30>
     a0c:	81 96       	adiw	r24, 0x21	; 33
     a0e:	99 83       	std	Y+1, r25	; 0x01
     a10:	88 83       	st	Y, r24
     a12:	0b 8f       	std	Y+27, r16	; 0x1b
     a14:	1c 8f       	std	Y+28, r17	; 0x1c
     a16:	61 e0       	ldi	r22, 0x01	; 1
     a18:	ce 01       	movw	r24, r28
     a1a:	0e 94 b4 04 	call	0x968	; 0x968 <xQueueGenericReset>
     a1e:	18 a2       	std	Y+32, r1	; 0x20
     a20:	1f 8e       	std	Y+31, r1	; 0x1f
     a22:	07 c0       	rjmp	.+14     	; 0xa32 <xQueueGenericCreate+0x50>
     a24:	81 e2       	ldi	r24, 0x21	; 33
     a26:	90 e0       	ldi	r25, 0x00	; 0
     a28:	0e 94 f5 02 	call	0x5ea	; 0x5ea <pvPortMalloc>
     a2c:	ec 01       	movw	r28, r24
     a2e:	89 2b       	or	r24, r25
     a30:	51 f7       	brne	.-44     	; 0xa06 <xQueueGenericCreate+0x24>
     a32:	ce 01       	movw	r24, r28
     a34:	df 91       	pop	r29
     a36:	cf 91       	pop	r28
     a38:	1f 91       	pop	r17
     a3a:	0f 91       	pop	r16
     a3c:	08 95       	ret

00000a3e <xQueueGenericSend>:
     a3e:	9f 92       	push	r9
     a40:	af 92       	push	r10
     a42:	bf 92       	push	r11
     a44:	cf 92       	push	r12
     a46:	df 92       	push	r13
     a48:	ef 92       	push	r14
     a4a:	ff 92       	push	r15
     a4c:	0f 93       	push	r16
     a4e:	1f 93       	push	r17
     a50:	cf 93       	push	r28
     a52:	df 93       	push	r29
     a54:	00 d0       	rcall	.+0      	; 0xa56 <xQueueGenericSend+0x18>
     a56:	00 d0       	rcall	.+0      	; 0xa58 <xQueueGenericSend+0x1a>
     a58:	1f 92       	push	r1
     a5a:	cd b7       	in	r28, 0x3d	; 61
     a5c:	de b7       	in	r29, 0x3e	; 62
     a5e:	8c 01       	movw	r16, r24
     a60:	6b 01       	movw	r12, r22
     a62:	5d 83       	std	Y+5, r21	; 0x05
     a64:	4c 83       	std	Y+4, r20	; 0x04
     a66:	a2 2e       	mov	r10, r18
     a68:	b1 2c       	mov	r11, r1
     a6a:	99 24       	eor	r9, r9
     a6c:	93 94       	inc	r9
     a6e:	7c 01       	movw	r14, r24
     a70:	88 e0       	ldi	r24, 0x08	; 8
     a72:	e8 0e       	add	r14, r24
     a74:	f1 1c       	adc	r15, r1
     a76:	0f b6       	in	r0, 0x3f	; 63
     a78:	f8 94       	cli
     a7a:	0f 92       	push	r0
     a7c:	f8 01       	movw	r30, r16
     a7e:	92 8d       	ldd	r25, Z+26	; 0x1a
     a80:	83 8d       	ldd	r24, Z+27	; 0x1b
     a82:	98 17       	cp	r25, r24
     a84:	18 f0       	brcs	.+6      	; 0xa8c <xQueueGenericSend+0x4e>
     a86:	f2 e0       	ldi	r31, 0x02	; 2
     a88:	af 12       	cpse	r10, r31
     a8a:	27 c0       	rjmp	.+78     	; 0xada <xQueueGenericSend+0x9c>
     a8c:	4a 2d       	mov	r20, r10
     a8e:	b6 01       	movw	r22, r12
     a90:	c8 01       	movw	r24, r16
     a92:	0e 94 c2 03 	call	0x784	; 0x784 <prvCopyDataToQueue>
     a96:	f8 01       	movw	r30, r16
     a98:	27 8d       	ldd	r18, Z+31	; 0x1f
     a9a:	30 a1       	ldd	r19, Z+32	; 0x20
     a9c:	23 2b       	or	r18, r19
     a9e:	49 f0       	breq	.+18     	; 0xab2 <xQueueGenericSend+0x74>
     aa0:	6a 2d       	mov	r22, r10
     aa2:	c8 01       	movw	r24, r16
     aa4:	0e 94 0d 04 	call	0x81a	; 0x81a <prvNotifyQueueSetContainer>
     aa8:	81 30       	cpi	r24, 0x01	; 1
     aaa:	99 f4       	brne	.+38     	; 0xad2 <xQueueGenericSend+0x94>
     aac:	0e 94 33 02 	call	0x466	; 0x466 <vPortYield>
     ab0:	10 c0       	rjmp	.+32     	; 0xad2 <xQueueGenericSend+0x94>
     ab2:	f8 01       	movw	r30, r16
     ab4:	91 89       	ldd	r25, Z+17	; 0x11
     ab6:	99 23       	and	r25, r25
     ab8:	49 f0       	breq	.+18     	; 0xacc <xQueueGenericSend+0x8e>
     aba:	c8 01       	movw	r24, r16
     abc:	41 96       	adiw	r24, 0x11	; 17
     abe:	0e 94 e5 0a 	call	0x15ca	; 0x15ca <xTaskRemoveFromEventList>
     ac2:	81 30       	cpi	r24, 0x01	; 1
     ac4:	31 f4       	brne	.+12     	; 0xad2 <xQueueGenericSend+0x94>
     ac6:	0e 94 33 02 	call	0x466	; 0x466 <vPortYield>
     aca:	03 c0       	rjmp	.+6      	; 0xad2 <xQueueGenericSend+0x94>
     acc:	81 11       	cpse	r24, r1
     ace:	0e 94 33 02 	call	0x466	; 0x466 <vPortYield>
     ad2:	0f 90       	pop	r0
     ad4:	0f be       	out	0x3f, r0	; 63
     ad6:	81 e0       	ldi	r24, 0x01	; 1
     ad8:	50 c0       	rjmp	.+160    	; 0xb7a <xQueueGenericSend+0x13c>
     ada:	8c 81       	ldd	r24, Y+4	; 0x04
     adc:	9d 81       	ldd	r25, Y+5	; 0x05
     ade:	89 2b       	or	r24, r25
     ae0:	21 f4       	brne	.+8      	; 0xaea <xQueueGenericSend+0xac>
     ae2:	0f 90       	pop	r0
     ae4:	0f be       	out	0x3f, r0	; 63
     ae6:	80 e0       	ldi	r24, 0x00	; 0
     ae8:	48 c0       	rjmp	.+144    	; 0xb7a <xQueueGenericSend+0x13c>
     aea:	b1 10       	cpse	r11, r1
     aec:	05 c0       	rjmp	.+10     	; 0xaf8 <xQueueGenericSend+0xba>
     aee:	ce 01       	movw	r24, r28
     af0:	01 96       	adiw	r24, 0x01	; 1
     af2:	0e 94 2d 0b 	call	0x165a	; 0x165a <vTaskSetTimeOutState>
     af6:	b9 2c       	mov	r11, r9
     af8:	0f 90       	pop	r0
     afa:	0f be       	out	0x3f, r0	; 63
     afc:	0e 94 a3 08 	call	0x1146	; 0x1146 <vTaskSuspendAll>
     b00:	0f b6       	in	r0, 0x3f	; 63
     b02:	f8 94       	cli
     b04:	0f 92       	push	r0
     b06:	f8 01       	movw	r30, r16
     b08:	85 8d       	ldd	r24, Z+29	; 0x1d
     b0a:	8f 3f       	cpi	r24, 0xFF	; 255
     b0c:	09 f4       	brne	.+2      	; 0xb10 <xQueueGenericSend+0xd2>
     b0e:	15 8e       	std	Z+29, r1	; 0x1d
     b10:	f8 01       	movw	r30, r16
     b12:	86 8d       	ldd	r24, Z+30	; 0x1e
     b14:	8f 3f       	cpi	r24, 0xFF	; 255
     b16:	09 f4       	brne	.+2      	; 0xb1a <xQueueGenericSend+0xdc>
     b18:	16 8e       	std	Z+30, r1	; 0x1e
     b1a:	0f 90       	pop	r0
     b1c:	0f be       	out	0x3f, r0	; 63
     b1e:	be 01       	movw	r22, r28
     b20:	6c 5f       	subi	r22, 0xFC	; 252
     b22:	7f 4f       	sbci	r23, 0xFF	; 255
     b24:	ce 01       	movw	r24, r28
     b26:	01 96       	adiw	r24, 0x01	; 1
     b28:	0e 94 38 0b 	call	0x1670	; 0x1670 <xTaskCheckForTimeOut>
     b2c:	81 11       	cpse	r24, r1
     b2e:	1f c0       	rjmp	.+62     	; 0xb6e <xQueueGenericSend+0x130>
     b30:	0f b6       	in	r0, 0x3f	; 63
     b32:	f8 94       	cli
     b34:	0f 92       	push	r0
     b36:	f8 01       	movw	r30, r16
     b38:	92 8d       	ldd	r25, Z+26	; 0x1a
     b3a:	0f 90       	pop	r0
     b3c:	0f be       	out	0x3f, r0	; 63
     b3e:	83 8d       	ldd	r24, Z+27	; 0x1b
     b40:	98 13       	cpse	r25, r24
     b42:	0f c0       	rjmp	.+30     	; 0xb62 <xQueueGenericSend+0x124>
     b44:	6c 81       	ldd	r22, Y+4	; 0x04
     b46:	7d 81       	ldd	r23, Y+5	; 0x05
     b48:	c7 01       	movw	r24, r14
     b4a:	0e 94 9c 0a 	call	0x1538	; 0x1538 <vTaskPlaceOnEventList>
     b4e:	c8 01       	movw	r24, r16
     b50:	0e 94 60 04 	call	0x8c0	; 0x8c0 <prvUnlockQueue>
     b54:	0e 94 70 09 	call	0x12e0	; 0x12e0 <xTaskResumeAll>
     b58:	81 11       	cpse	r24, r1
     b5a:	8d cf       	rjmp	.-230    	; 0xa76 <xQueueGenericSend+0x38>
     b5c:	0e 94 33 02 	call	0x466	; 0x466 <vPortYield>
     b60:	8a cf       	rjmp	.-236    	; 0xa76 <xQueueGenericSend+0x38>
     b62:	c8 01       	movw	r24, r16
     b64:	0e 94 60 04 	call	0x8c0	; 0x8c0 <prvUnlockQueue>
     b68:	0e 94 70 09 	call	0x12e0	; 0x12e0 <xTaskResumeAll>
     b6c:	84 cf       	rjmp	.-248    	; 0xa76 <xQueueGenericSend+0x38>
     b6e:	c8 01       	movw	r24, r16
     b70:	0e 94 60 04 	call	0x8c0	; 0x8c0 <prvUnlockQueue>
     b74:	0e 94 70 09 	call	0x12e0	; 0x12e0 <xTaskResumeAll>
     b78:	80 e0       	ldi	r24, 0x00	; 0
     b7a:	0f 90       	pop	r0
     b7c:	0f 90       	pop	r0
     b7e:	0f 90       	pop	r0
     b80:	0f 90       	pop	r0
     b82:	0f 90       	pop	r0
     b84:	df 91       	pop	r29
     b86:	cf 91       	pop	r28
     b88:	1f 91       	pop	r17
     b8a:	0f 91       	pop	r16
     b8c:	ff 90       	pop	r15
     b8e:	ef 90       	pop	r14
     b90:	df 90       	pop	r13
     b92:	cf 90       	pop	r12
     b94:	bf 90       	pop	r11
     b96:	af 90       	pop	r10
     b98:	9f 90       	pop	r9
     b9a:	08 95       	ret

00000b9c <xQueueGenericSendFromISR>:
     b9c:	ef 92       	push	r14
     b9e:	ff 92       	push	r15
     ba0:	1f 93       	push	r17
     ba2:	cf 93       	push	r28
     ba4:	df 93       	push	r29
     ba6:	fa 01       	movw	r30, r20
     ba8:	dc 01       	movw	r26, r24
     baa:	5a 96       	adiw	r26, 0x1a	; 26
     bac:	5c 91       	ld	r21, X
     bae:	5a 97       	sbiw	r26, 0x1a	; 26
     bb0:	5b 96       	adiw	r26, 0x1b	; 27
     bb2:	3c 91       	ld	r19, X
     bb4:	53 17       	cp	r21, r19
     bb6:	10 f0       	brcs	.+4      	; 0xbbc <xQueueGenericSendFromISR+0x20>
     bb8:	22 30       	cpi	r18, 0x02	; 2
     bba:	71 f5       	brne	.+92     	; 0xc18 <xQueueGenericSendFromISR+0x7c>
     bbc:	12 2f       	mov	r17, r18
     bbe:	7f 01       	movw	r14, r30
     bc0:	ec 01       	movw	r28, r24
     bc2:	42 2f       	mov	r20, r18
     bc4:	0e 94 c2 03 	call	0x784	; 0x784 <prvCopyDataToQueue>
     bc8:	8e 8d       	ldd	r24, Y+30	; 0x1e
     bca:	8f 3f       	cpi	r24, 0xFF	; 255
     bcc:	01 f5       	brne	.+64     	; 0xc0e <xQueueGenericSendFromISR+0x72>
     bce:	8f 8d       	ldd	r24, Y+31	; 0x1f
     bd0:	98 a1       	ldd	r25, Y+32	; 0x20
     bd2:	89 2b       	or	r24, r25
     bd4:	61 f0       	breq	.+24     	; 0xbee <xQueueGenericSendFromISR+0x52>
     bd6:	61 2f       	mov	r22, r17
     bd8:	ce 01       	movw	r24, r28
     bda:	0e 94 0d 04 	call	0x81a	; 0x81a <prvNotifyQueueSetContainer>
     bde:	81 30       	cpi	r24, 0x01	; 1
     be0:	e9 f4       	brne	.+58     	; 0xc1c <xQueueGenericSendFromISR+0x80>
     be2:	e1 14       	cp	r14, r1
     be4:	f1 04       	cpc	r15, r1
     be6:	e1 f0       	breq	.+56     	; 0xc20 <xQueueGenericSendFromISR+0x84>
     be8:	f7 01       	movw	r30, r14
     bea:	80 83       	st	Z, r24
     bec:	20 c0       	rjmp	.+64     	; 0xc2e <xQueueGenericSendFromISR+0x92>
     bee:	89 89       	ldd	r24, Y+17	; 0x11
     bf0:	88 23       	and	r24, r24
     bf2:	c1 f0       	breq	.+48     	; 0xc24 <xQueueGenericSendFromISR+0x88>
     bf4:	ce 01       	movw	r24, r28
     bf6:	41 96       	adiw	r24, 0x11	; 17
     bf8:	0e 94 e5 0a 	call	0x15ca	; 0x15ca <xTaskRemoveFromEventList>
     bfc:	88 23       	and	r24, r24
     bfe:	a1 f0       	breq	.+40     	; 0xc28 <xQueueGenericSendFromISR+0x8c>
     c00:	e1 14       	cp	r14, r1
     c02:	f1 04       	cpc	r15, r1
     c04:	99 f0       	breq	.+38     	; 0xc2c <xQueueGenericSendFromISR+0x90>
     c06:	81 e0       	ldi	r24, 0x01	; 1
     c08:	d7 01       	movw	r26, r14
     c0a:	8c 93       	st	X, r24
     c0c:	10 c0       	rjmp	.+32     	; 0xc2e <xQueueGenericSendFromISR+0x92>
     c0e:	8e 8d       	ldd	r24, Y+30	; 0x1e
     c10:	8f 5f       	subi	r24, 0xFF	; 255
     c12:	8e 8f       	std	Y+30, r24	; 0x1e
     c14:	81 e0       	ldi	r24, 0x01	; 1
     c16:	0b c0       	rjmp	.+22     	; 0xc2e <xQueueGenericSendFromISR+0x92>
     c18:	80 e0       	ldi	r24, 0x00	; 0
     c1a:	09 c0       	rjmp	.+18     	; 0xc2e <xQueueGenericSendFromISR+0x92>
     c1c:	81 e0       	ldi	r24, 0x01	; 1
     c1e:	07 c0       	rjmp	.+14     	; 0xc2e <xQueueGenericSendFromISR+0x92>
     c20:	81 e0       	ldi	r24, 0x01	; 1
     c22:	05 c0       	rjmp	.+10     	; 0xc2e <xQueueGenericSendFromISR+0x92>
     c24:	81 e0       	ldi	r24, 0x01	; 1
     c26:	03 c0       	rjmp	.+6      	; 0xc2e <xQueueGenericSendFromISR+0x92>
     c28:	81 e0       	ldi	r24, 0x01	; 1
     c2a:	01 c0       	rjmp	.+2      	; 0xc2e <xQueueGenericSendFromISR+0x92>
     c2c:	81 e0       	ldi	r24, 0x01	; 1
     c2e:	df 91       	pop	r29
     c30:	cf 91       	pop	r28
     c32:	1f 91       	pop	r17
     c34:	ff 90       	pop	r15
     c36:	ef 90       	pop	r14
     c38:	08 95       	ret

00000c3a <xQueueGenericReceive>:
     c3a:	9f 92       	push	r9
     c3c:	af 92       	push	r10
     c3e:	bf 92       	push	r11
     c40:	cf 92       	push	r12
     c42:	df 92       	push	r13
     c44:	ef 92       	push	r14
     c46:	ff 92       	push	r15
     c48:	0f 93       	push	r16
     c4a:	1f 93       	push	r17
     c4c:	cf 93       	push	r28
     c4e:	df 93       	push	r29
     c50:	00 d0       	rcall	.+0      	; 0xc52 <xQueueGenericReceive+0x18>
     c52:	00 d0       	rcall	.+0      	; 0xc54 <xQueueGenericReceive+0x1a>
     c54:	1f 92       	push	r1
     c56:	cd b7       	in	r28, 0x3d	; 61
     c58:	de b7       	in	r29, 0x3e	; 62
     c5a:	8c 01       	movw	r16, r24
     c5c:	6b 01       	movw	r12, r22
     c5e:	5d 83       	std	Y+5, r21	; 0x05
     c60:	4c 83       	std	Y+4, r20	; 0x04
     c62:	92 2e       	mov	r9, r18
     c64:	b1 2c       	mov	r11, r1
     c66:	aa 24       	eor	r10, r10
     c68:	a3 94       	inc	r10
     c6a:	7c 01       	movw	r14, r24
     c6c:	81 e1       	ldi	r24, 0x11	; 17
     c6e:	e8 0e       	add	r14, r24
     c70:	f1 1c       	adc	r15, r1
     c72:	0f b6       	in	r0, 0x3f	; 63
     c74:	f8 94       	cli
     c76:	0f 92       	push	r0
     c78:	f8 01       	movw	r30, r16
     c7a:	82 8d       	ldd	r24, Z+26	; 0x1a
     c7c:	88 23       	and	r24, r24
     c7e:	49 f1       	breq	.+82     	; 0xcd2 <xQueueGenericReceive+0x98>
     c80:	e6 80       	ldd	r14, Z+6	; 0x06
     c82:	f7 80       	ldd	r15, Z+7	; 0x07
     c84:	b6 01       	movw	r22, r12
     c86:	c8 01       	movw	r24, r16
     c88:	0e 94 46 04 	call	0x88c	; 0x88c <prvCopyDataFromQueue>
     c8c:	91 10       	cpse	r9, r1
     c8e:	10 c0       	rjmp	.+32     	; 0xcb0 <xQueueGenericReceive+0x76>
     c90:	f8 01       	movw	r30, r16
     c92:	82 8d       	ldd	r24, Z+26	; 0x1a
     c94:	81 50       	subi	r24, 0x01	; 1
     c96:	82 8f       	std	Z+26, r24	; 0x1a
     c98:	80 85       	ldd	r24, Z+8	; 0x08
     c9a:	88 23       	and	r24, r24
     c9c:	b1 f0       	breq	.+44     	; 0xcca <xQueueGenericReceive+0x90>
     c9e:	c8 01       	movw	r24, r16
     ca0:	08 96       	adiw	r24, 0x08	; 8
     ca2:	0e 94 e5 0a 	call	0x15ca	; 0x15ca <xTaskRemoveFromEventList>
     ca6:	81 30       	cpi	r24, 0x01	; 1
     ca8:	81 f4       	brne	.+32     	; 0xcca <xQueueGenericReceive+0x90>
     caa:	0e 94 33 02 	call	0x466	; 0x466 <vPortYield>
     cae:	0d c0       	rjmp	.+26     	; 0xcca <xQueueGenericReceive+0x90>
     cb0:	f8 01       	movw	r30, r16
     cb2:	f7 82       	std	Z+7, r15	; 0x07
     cb4:	e6 82       	std	Z+6, r14	; 0x06
     cb6:	81 89       	ldd	r24, Z+17	; 0x11
     cb8:	88 23       	and	r24, r24
     cba:	39 f0       	breq	.+14     	; 0xcca <xQueueGenericReceive+0x90>
     cbc:	c8 01       	movw	r24, r16
     cbe:	41 96       	adiw	r24, 0x11	; 17
     cc0:	0e 94 e5 0a 	call	0x15ca	; 0x15ca <xTaskRemoveFromEventList>
     cc4:	81 11       	cpse	r24, r1
     cc6:	0e 94 33 02 	call	0x466	; 0x466 <vPortYield>
     cca:	0f 90       	pop	r0
     ccc:	0f be       	out	0x3f, r0	; 63
     cce:	81 e0       	ldi	r24, 0x01	; 1
     cd0:	4f c0       	rjmp	.+158    	; 0xd70 <xQueueGenericReceive+0x136>
     cd2:	8c 81       	ldd	r24, Y+4	; 0x04
     cd4:	9d 81       	ldd	r25, Y+5	; 0x05
     cd6:	89 2b       	or	r24, r25
     cd8:	21 f4       	brne	.+8      	; 0xce2 <xQueueGenericReceive+0xa8>
     cda:	0f 90       	pop	r0
     cdc:	0f be       	out	0x3f, r0	; 63
     cde:	80 e0       	ldi	r24, 0x00	; 0
     ce0:	47 c0       	rjmp	.+142    	; 0xd70 <xQueueGenericReceive+0x136>
     ce2:	b1 10       	cpse	r11, r1
     ce4:	05 c0       	rjmp	.+10     	; 0xcf0 <xQueueGenericReceive+0xb6>
     ce6:	ce 01       	movw	r24, r28
     ce8:	01 96       	adiw	r24, 0x01	; 1
     cea:	0e 94 2d 0b 	call	0x165a	; 0x165a <vTaskSetTimeOutState>
     cee:	ba 2c       	mov	r11, r10
     cf0:	0f 90       	pop	r0
     cf2:	0f be       	out	0x3f, r0	; 63
     cf4:	0e 94 a3 08 	call	0x1146	; 0x1146 <vTaskSuspendAll>
     cf8:	0f b6       	in	r0, 0x3f	; 63
     cfa:	f8 94       	cli
     cfc:	0f 92       	push	r0
     cfe:	f8 01       	movw	r30, r16
     d00:	85 8d       	ldd	r24, Z+29	; 0x1d
     d02:	8f 3f       	cpi	r24, 0xFF	; 255
     d04:	09 f4       	brne	.+2      	; 0xd08 <xQueueGenericReceive+0xce>
     d06:	15 8e       	std	Z+29, r1	; 0x1d
     d08:	f8 01       	movw	r30, r16
     d0a:	86 8d       	ldd	r24, Z+30	; 0x1e
     d0c:	8f 3f       	cpi	r24, 0xFF	; 255
     d0e:	09 f4       	brne	.+2      	; 0xd12 <xQueueGenericReceive+0xd8>
     d10:	16 8e       	std	Z+30, r1	; 0x1e
     d12:	0f 90       	pop	r0
     d14:	0f be       	out	0x3f, r0	; 63
     d16:	be 01       	movw	r22, r28
     d18:	6c 5f       	subi	r22, 0xFC	; 252
     d1a:	7f 4f       	sbci	r23, 0xFF	; 255
     d1c:	ce 01       	movw	r24, r28
     d1e:	01 96       	adiw	r24, 0x01	; 1
     d20:	0e 94 38 0b 	call	0x1670	; 0x1670 <xTaskCheckForTimeOut>
     d24:	81 11       	cpse	r24, r1
     d26:	1e c0       	rjmp	.+60     	; 0xd64 <xQueueGenericReceive+0x12a>
     d28:	0f b6       	in	r0, 0x3f	; 63
     d2a:	f8 94       	cli
     d2c:	0f 92       	push	r0
     d2e:	f8 01       	movw	r30, r16
     d30:	82 8d       	ldd	r24, Z+26	; 0x1a
     d32:	0f 90       	pop	r0
     d34:	0f be       	out	0x3f, r0	; 63
     d36:	81 11       	cpse	r24, r1
     d38:	0f c0       	rjmp	.+30     	; 0xd58 <xQueueGenericReceive+0x11e>
     d3a:	6c 81       	ldd	r22, Y+4	; 0x04
     d3c:	7d 81       	ldd	r23, Y+5	; 0x05
     d3e:	c7 01       	movw	r24, r14
     d40:	0e 94 9c 0a 	call	0x1538	; 0x1538 <vTaskPlaceOnEventList>
     d44:	c8 01       	movw	r24, r16
     d46:	0e 94 60 04 	call	0x8c0	; 0x8c0 <prvUnlockQueue>
     d4a:	0e 94 70 09 	call	0x12e0	; 0x12e0 <xTaskResumeAll>
     d4e:	81 11       	cpse	r24, r1
     d50:	90 cf       	rjmp	.-224    	; 0xc72 <xQueueGenericReceive+0x38>
     d52:	0e 94 33 02 	call	0x466	; 0x466 <vPortYield>
     d56:	8d cf       	rjmp	.-230    	; 0xc72 <xQueueGenericReceive+0x38>
     d58:	c8 01       	movw	r24, r16
     d5a:	0e 94 60 04 	call	0x8c0	; 0x8c0 <prvUnlockQueue>
     d5e:	0e 94 70 09 	call	0x12e0	; 0x12e0 <xTaskResumeAll>
     d62:	87 cf       	rjmp	.-242    	; 0xc72 <xQueueGenericReceive+0x38>
     d64:	c8 01       	movw	r24, r16
     d66:	0e 94 60 04 	call	0x8c0	; 0x8c0 <prvUnlockQueue>
     d6a:	0e 94 70 09 	call	0x12e0	; 0x12e0 <xTaskResumeAll>
     d6e:	80 e0       	ldi	r24, 0x00	; 0
     d70:	0f 90       	pop	r0
     d72:	0f 90       	pop	r0
     d74:	0f 90       	pop	r0
     d76:	0f 90       	pop	r0
     d78:	0f 90       	pop	r0
     d7a:	df 91       	pop	r29
     d7c:	cf 91       	pop	r28
     d7e:	1f 91       	pop	r17
     d80:	0f 91       	pop	r16
     d82:	ff 90       	pop	r15
     d84:	ef 90       	pop	r14
     d86:	df 90       	pop	r13
     d88:	cf 90       	pop	r12
     d8a:	bf 90       	pop	r11
     d8c:	af 90       	pop	r10
     d8e:	9f 90       	pop	r9
     d90:	08 95       	ret

00000d92 <vQueueAddToRegistry>:
     d92:	20 91 d3 07 	lds	r18, 0x07D3	; 0x8007d3 <xQueueRegistry>
     d96:	30 91 d4 07 	lds	r19, 0x07D4	; 0x8007d4 <xQueueRegistry+0x1>
     d9a:	23 2b       	or	r18, r19
     d9c:	51 f0       	breq	.+20     	; 0xdb2 <vQueueAddToRegistry+0x20>
     d9e:	e7 ed       	ldi	r30, 0xD7	; 215
     da0:	f7 e0       	ldi	r31, 0x07	; 7
     da2:	21 e0       	ldi	r18, 0x01	; 1
     da4:	30 e0       	ldi	r19, 0x00	; 0
     da6:	d9 01       	movw	r26, r18
     da8:	40 81       	ld	r20, Z
     daa:	51 81       	ldd	r21, Z+1	; 0x01
     dac:	45 2b       	or	r20, r21
     dae:	89 f4       	brne	.+34     	; 0xdd2 <vQueueAddToRegistry+0x40>
     db0:	02 c0       	rjmp	.+4      	; 0xdb6 <vQueueAddToRegistry+0x24>
     db2:	a0 e0       	ldi	r26, 0x00	; 0
     db4:	b0 e0       	ldi	r27, 0x00	; 0
     db6:	aa 0f       	add	r26, r26
     db8:	bb 1f       	adc	r27, r27
     dba:	aa 0f       	add	r26, r26
     dbc:	bb 1f       	adc	r27, r27
     dbe:	ad 52       	subi	r26, 0x2D	; 45
     dc0:	b8 4f       	sbci	r27, 0xF8	; 248
     dc2:	11 96       	adiw	r26, 0x01	; 1
     dc4:	7c 93       	st	X, r23
     dc6:	6e 93       	st	-X, r22
     dc8:	13 96       	adiw	r26, 0x03	; 3
     dca:	9c 93       	st	X, r25
     dcc:	8e 93       	st	-X, r24
     dce:	12 97       	sbiw	r26, 0x02	; 2
     dd0:	08 95       	ret
     dd2:	2f 5f       	subi	r18, 0xFF	; 255
     dd4:	3f 4f       	sbci	r19, 0xFF	; 255
     dd6:	34 96       	adiw	r30, 0x04	; 4
     dd8:	2a 30       	cpi	r18, 0x0A	; 10
     dda:	31 05       	cpc	r19, r1
     ddc:	21 f7       	brne	.-56     	; 0xda6 <vQueueAddToRegistry+0x14>
     dde:	08 95       	ret

00000de0 <vQueueWaitForMessageRestricted>:
/*-----------------------------------------------------------*/

#if ( configUSE_TIMERS == 1 )

	void vQueueWaitForMessageRestricted( QueueHandle_t xQueue, TickType_t xTicksToWait )
	{
     de0:	cf 93       	push	r28
     de2:	df 93       	push	r29
     de4:	ec 01       	movw	r28, r24
		will not actually cause the task to block, just place it on a blocked
		list.  It will not block until the scheduler is unlocked - at which
		time a yield will be performed.  If an item is added to the queue while
		the queue is locked, and the calling task blocks on the queue, then the
		calling task will be immediately unblocked when the queue is unlocked. */
		prvLockQueue( pxQueue );
     de6:	0f b6       	in	r0, 0x3f	; 63
     de8:	f8 94       	cli
     dea:	0f 92       	push	r0
     dec:	8d 8d       	ldd	r24, Y+29	; 0x1d
     dee:	8f 3f       	cpi	r24, 0xFF	; 255
     df0:	09 f4       	brne	.+2      	; 0xdf4 <vQueueWaitForMessageRestricted+0x14>
     df2:	1d 8e       	std	Y+29, r1	; 0x1d
     df4:	8e 8d       	ldd	r24, Y+30	; 0x1e
     df6:	8f 3f       	cpi	r24, 0xFF	; 255
     df8:	09 f4       	brne	.+2      	; 0xdfc <vQueueWaitForMessageRestricted+0x1c>
     dfa:	1e 8e       	std	Y+30, r1	; 0x1e
     dfc:	0f 90       	pop	r0
     dfe:	0f be       	out	0x3f, r0	; 63
		if( pxQueue->uxMessagesWaiting == ( UBaseType_t ) 0U )
     e00:	8a 8d       	ldd	r24, Y+26	; 0x1a
     e02:	81 11       	cpse	r24, r1
     e04:	04 c0       	rjmp	.+8      	; 0xe0e <vQueueWaitForMessageRestricted+0x2e>
		{
			/* There is nothing in the queue, block for the specified period. */
			vTaskPlaceOnEventListRestricted( &( pxQueue->xTasksWaitingToReceive ), xTicksToWait );
     e06:	ce 01       	movw	r24, r28
     e08:	41 96       	adiw	r24, 0x11	; 17
     e0a:	0e 94 c8 0a 	call	0x1590	; 0x1590 <vTaskPlaceOnEventListRestricted>
		}
		else
		{
			mtCOVERAGE_TEST_MARKER();
		}
		prvUnlockQueue( pxQueue );
     e0e:	ce 01       	movw	r24, r28
     e10:	0e 94 60 04 	call	0x8c0	; 0x8c0 <prvUnlockQueue>
	}
     e14:	df 91       	pop	r29
     e16:	cf 91       	pop	r28
     e18:	08 95       	ret

00000e1a <prvResetNextTaskUnblockTime>:
	{
		xReturn = pdFALSE;
	}

	return xReturn;
}
     e1a:	e0 91 7d 07 	lds	r30, 0x077D	; 0x80077d <pxDelayedTaskList>
     e1e:	f0 91 7e 07 	lds	r31, 0x077E	; 0x80077e <pxDelayedTaskList+0x1>
     e22:	80 81       	ld	r24, Z
     e24:	81 11       	cpse	r24, r1
     e26:	07 c0       	rjmp	.+14     	; 0xe36 <prvResetNextTaskUnblockTime+0x1c>
     e28:	8f ef       	ldi	r24, 0xFF	; 255
     e2a:	9f ef       	ldi	r25, 0xFF	; 255
     e2c:	90 93 03 01 	sts	0x0103, r25	; 0x800103 <xNextTaskUnblockTime+0x1>
     e30:	80 93 02 01 	sts	0x0102, r24	; 0x800102 <xNextTaskUnblockTime>
     e34:	08 95       	ret
     e36:	e0 91 7d 07 	lds	r30, 0x077D	; 0x80077d <pxDelayedTaskList>
     e3a:	f0 91 7e 07 	lds	r31, 0x077E	; 0x80077e <pxDelayedTaskList+0x1>
     e3e:	05 80       	ldd	r0, Z+5	; 0x05
     e40:	f6 81       	ldd	r31, Z+6	; 0x06
     e42:	e0 2d       	mov	r30, r0
     e44:	06 80       	ldd	r0, Z+6	; 0x06
     e46:	f7 81       	ldd	r31, Z+7	; 0x07
     e48:	e0 2d       	mov	r30, r0
     e4a:	82 81       	ldd	r24, Z+2	; 0x02
     e4c:	93 81       	ldd	r25, Z+3	; 0x03
     e4e:	90 93 03 01 	sts	0x0103, r25	; 0x800103 <xNextTaskUnblockTime+0x1>
     e52:	80 93 02 01 	sts	0x0102, r24	; 0x800102 <xNextTaskUnblockTime>
     e56:	08 95       	ret

00000e58 <prvAddCurrentTaskToDelayedList>:
     e58:	cf 93       	push	r28
     e5a:	df 93       	push	r29
     e5c:	ec 01       	movw	r28, r24
     e5e:	e0 91 b5 07 	lds	r30, 0x07B5	; 0x8007b5 <pxCurrentTCB>
     e62:	f0 91 b6 07 	lds	r31, 0x07B6	; 0x8007b6 <pxCurrentTCB+0x1>
     e66:	93 83       	std	Z+3, r25	; 0x03
     e68:	82 83       	std	Z+2, r24	; 0x02
     e6a:	80 91 5c 07 	lds	r24, 0x075C	; 0x80075c <xTickCount>
     e6e:	90 91 5d 07 	lds	r25, 0x075D	; 0x80075d <xTickCount+0x1>
     e72:	c8 17       	cp	r28, r24
     e74:	d9 07       	cpc	r29, r25
     e76:	68 f4       	brcc	.+26     	; 0xe92 <prvAddCurrentTaskToDelayedList+0x3a>
     e78:	60 91 b5 07 	lds	r22, 0x07B5	; 0x8007b5 <pxCurrentTCB>
     e7c:	70 91 b6 07 	lds	r23, 0x07B6	; 0x8007b6 <pxCurrentTCB+0x1>
     e80:	80 91 7b 07 	lds	r24, 0x077B	; 0x80077b <pxOverflowDelayedTaskList>
     e84:	90 91 7c 07 	lds	r25, 0x077C	; 0x80077c <pxOverflowDelayedTaskList+0x1>
     e88:	6e 5f       	subi	r22, 0xFE	; 254
     e8a:	7f 4f       	sbci	r23, 0xFF	; 255
     e8c:	0e 94 36 01 	call	0x26c	; 0x26c <vListInsert>
     e90:	17 c0       	rjmp	.+46     	; 0xec0 <prvAddCurrentTaskToDelayedList+0x68>
     e92:	60 91 b5 07 	lds	r22, 0x07B5	; 0x8007b5 <pxCurrentTCB>
     e96:	70 91 b6 07 	lds	r23, 0x07B6	; 0x8007b6 <pxCurrentTCB+0x1>
     e9a:	80 91 7d 07 	lds	r24, 0x077D	; 0x80077d <pxDelayedTaskList>
     e9e:	90 91 7e 07 	lds	r25, 0x077E	; 0x80077e <pxDelayedTaskList+0x1>
     ea2:	6e 5f       	subi	r22, 0xFE	; 254
     ea4:	7f 4f       	sbci	r23, 0xFF	; 255
     ea6:	0e 94 36 01 	call	0x26c	; 0x26c <vListInsert>
     eaa:	80 91 02 01 	lds	r24, 0x0102	; 0x800102 <xNextTaskUnblockTime>
     eae:	90 91 03 01 	lds	r25, 0x0103	; 0x800103 <xNextTaskUnblockTime+0x1>
     eb2:	c8 17       	cp	r28, r24
     eb4:	d9 07       	cpc	r29, r25
     eb6:	20 f4       	brcc	.+8      	; 0xec0 <prvAddCurrentTaskToDelayedList+0x68>
     eb8:	d0 93 03 01 	sts	0x0103, r29	; 0x800103 <xNextTaskUnblockTime+0x1>
     ebc:	c0 93 02 01 	sts	0x0102, r28	; 0x800102 <xNextTaskUnblockTime>
     ec0:	df 91       	pop	r29
     ec2:	cf 91       	pop	r28
     ec4:	08 95       	ret

00000ec6 <xTaskGenericCreate>:
     ec6:	4f 92       	push	r4
     ec8:	5f 92       	push	r5
     eca:	6f 92       	push	r6
     ecc:	7f 92       	push	r7
     ece:	8f 92       	push	r8
     ed0:	9f 92       	push	r9
     ed2:	af 92       	push	r10
     ed4:	bf 92       	push	r11
     ed6:	cf 92       	push	r12
     ed8:	df 92       	push	r13
     eda:	ef 92       	push	r14
     edc:	ff 92       	push	r15
     ede:	0f 93       	push	r16
     ee0:	1f 93       	push	r17
     ee2:	cf 93       	push	r28
     ee4:	df 93       	push	r29
     ee6:	4c 01       	movw	r8, r24
     ee8:	eb 01       	movw	r28, r22
     eea:	5a 01       	movw	r10, r20
     eec:	29 01       	movw	r4, r18
     eee:	c1 14       	cp	r12, r1
     ef0:	d1 04       	cpc	r13, r1
     ef2:	39 f4       	brne	.+14     	; 0xf02 <xTaskGenericCreate+0x3c>
     ef4:	ca 01       	movw	r24, r20
     ef6:	0e 94 f5 02 	call	0x5ea	; 0x5ea <pvPortMalloc>
     efa:	6c 01       	movw	r12, r24
     efc:	89 2b       	or	r24, r25
     efe:	09 f4       	brne	.+2      	; 0xf02 <xTaskGenericCreate+0x3c>
     f00:	e1 c0       	rjmp	.+450    	; 0x10c4 <xTaskGenericCreate+0x1fe>
     f02:	86 e2       	ldi	r24, 0x26	; 38
     f04:	90 e0       	ldi	r25, 0x00	; 0
     f06:	0e 94 f5 02 	call	0x5ea	; 0x5ea <pvPortMalloc>
     f0a:	3c 01       	movw	r6, r24
     f0c:	00 97       	sbiw	r24, 0x00	; 0
     f0e:	79 f0       	breq	.+30     	; 0xf2e <xTaskGenericCreate+0x68>
     f10:	fc 01       	movw	r30, r24
     f12:	d0 8e       	std	Z+24, r13	; 0x18
     f14:	c7 8a       	std	Z+23, r12	; 0x17
     f16:	f1 e0       	ldi	r31, 0x01	; 1
     f18:	af 1a       	sub	r10, r31
     f1a:	b1 08       	sbc	r11, r1
     f1c:	ca 0c       	add	r12, r10
     f1e:	db 1c       	adc	r13, r11
     f20:	88 81       	ld	r24, Y
     f22:	f3 01       	movw	r30, r6
     f24:	81 8f       	std	Z+25, r24	; 0x19
     f26:	88 81       	ld	r24, Y
     f28:	81 11       	cpse	r24, r1
     f2a:	05 c0       	rjmp	.+10     	; 0xf36 <xTaskGenericCreate+0x70>
     f2c:	14 c0       	rjmp	.+40     	; 0xf56 <xTaskGenericCreate+0x90>
     f2e:	c6 01       	movw	r24, r12
     f30:	0e 94 8f 03 	call	0x71e	; 0x71e <vPortFree>
     f34:	c7 c0       	rjmp	.+398    	; 0x10c4 <xTaskGenericCreate+0x1fe>
     f36:	d3 01       	movw	r26, r6
     f38:	5a 96       	adiw	r26, 0x1a	; 26
     f3a:	fe 01       	movw	r30, r28
     f3c:	31 96       	adiw	r30, 0x01	; 1
     f3e:	9e 01       	movw	r18, r28
     f40:	28 5f       	subi	r18, 0xF8	; 248
     f42:	3f 4f       	sbci	r19, 0xFF	; 255
     f44:	ef 01       	movw	r28, r30
     f46:	81 91       	ld	r24, Z+
     f48:	8d 93       	st	X+, r24
     f4a:	88 81       	ld	r24, Y
     f4c:	88 23       	and	r24, r24
     f4e:	19 f0       	breq	.+6      	; 0xf56 <xTaskGenericCreate+0x90>
     f50:	e2 17       	cp	r30, r18
     f52:	f3 07       	cpc	r31, r19
     f54:	b9 f7       	brne	.-18     	; 0xf44 <xTaskGenericCreate+0x7e>
     f56:	f3 01       	movw	r30, r6
     f58:	10 a2       	std	Z+32, r1	; 0x20
     f5a:	10 2f       	mov	r17, r16
     f5c:	04 30       	cpi	r16, 0x04	; 4
     f5e:	08 f0       	brcs	.+2      	; 0xf62 <xTaskGenericCreate+0x9c>
     f60:	13 e0       	ldi	r17, 0x03	; 3
     f62:	f3 01       	movw	r30, r6
     f64:	16 8b       	std	Z+22, r17	; 0x16
     f66:	e3 01       	movw	r28, r6
     f68:	22 96       	adiw	r28, 0x02	; 2
     f6a:	ce 01       	movw	r24, r28
     f6c:	0e 94 11 01 	call	0x222	; 0x222 <vListInitialiseItem>
     f70:	c3 01       	movw	r24, r6
     f72:	0c 96       	adiw	r24, 0x0c	; 12
     f74:	0e 94 11 01 	call	0x222	; 0x222 <vListInitialiseItem>
     f78:	f3 01       	movw	r30, r6
     f7a:	71 86       	std	Z+9, r7	; 0x09
     f7c:	60 86       	std	Z+8, r6	; 0x08
     f7e:	84 e0       	ldi	r24, 0x04	; 4
     f80:	90 e0       	ldi	r25, 0x00	; 0
     f82:	81 1b       	sub	r24, r17
     f84:	91 09       	sbc	r25, r1
     f86:	95 87       	std	Z+13, r25	; 0x0d
     f88:	84 87       	std	Z+12, r24	; 0x0c
     f8a:	73 8a       	std	Z+19, r7	; 0x13
     f8c:	62 8a       	std	Z+18, r6	; 0x12
     f8e:	11 a2       	std	Z+33, r1	; 0x21
     f90:	12 a2       	std	Z+34, r1	; 0x22
     f92:	13 a2       	std	Z+35, r1	; 0x23
     f94:	14 a2       	std	Z+36, r1	; 0x24
     f96:	15 a2       	std	Z+37, r1	; 0x25
     f98:	a2 01       	movw	r20, r4
     f9a:	b4 01       	movw	r22, r8
     f9c:	c6 01       	movw	r24, r12
     f9e:	0e 94 8d 01 	call	0x31a	; 0x31a <pxPortInitialiseStack>
     fa2:	f3 01       	movw	r30, r6
     fa4:	91 83       	std	Z+1, r25	; 0x01
     fa6:	80 83       	st	Z, r24
     fa8:	e1 14       	cp	r14, r1
     faa:	f1 04       	cpc	r15, r1
     fac:	19 f0       	breq	.+6      	; 0xfb4 <xTaskGenericCreate+0xee>
     fae:	f7 01       	movw	r30, r14
     fb0:	71 82       	std	Z+1, r7	; 0x01
     fb2:	60 82       	st	Z, r6
     fb4:	0f b6       	in	r0, 0x3f	; 63
     fb6:	f8 94       	cli
     fb8:	0f 92       	push	r0
     fba:	80 91 5e 07 	lds	r24, 0x075E	; 0x80075e <uxCurrentNumberOfTasks>
     fbe:	8f 5f       	subi	r24, 0xFF	; 255
     fc0:	80 93 5e 07 	sts	0x075E, r24	; 0x80075e <uxCurrentNumberOfTasks>
     fc4:	80 91 b5 07 	lds	r24, 0x07B5	; 0x8007b5 <pxCurrentTCB>
     fc8:	90 91 b6 07 	lds	r25, 0x07B6	; 0x8007b6 <pxCurrentTCB+0x1>
     fcc:	89 2b       	or	r24, r25
     fce:	d1 f5       	brne	.+116    	; 0x1044 <xTaskGenericCreate+0x17e>
     fd0:	70 92 b6 07 	sts	0x07B6, r7	; 0x8007b6 <pxCurrentTCB+0x1>
     fd4:	60 92 b5 07 	sts	0x07B5, r6	; 0x8007b5 <pxCurrentTCB>
     fd8:	80 91 5e 07 	lds	r24, 0x075E	; 0x80075e <uxCurrentNumberOfTasks>
     fdc:	81 30       	cpi	r24, 0x01	; 1
     fde:	09 f0       	breq	.+2      	; 0xfe2 <xTaskGenericCreate+0x11c>
     fe0:	40 c0       	rjmp	.+128    	; 0x1062 <xTaskGenericCreate+0x19c>
     fe2:	81 e9       	ldi	r24, 0x91	; 145
     fe4:	97 e0       	ldi	r25, 0x07	; 7
     fe6:	0e 94 03 01 	call	0x206	; 0x206 <vListInitialise>
     fea:	8a e9       	ldi	r24, 0x9A	; 154
     fec:	97 e0       	ldi	r25, 0x07	; 7
     fee:	0e 94 03 01 	call	0x206	; 0x206 <vListInitialise>
     ff2:	83 ea       	ldi	r24, 0xA3	; 163
     ff4:	97 e0       	ldi	r25, 0x07	; 7
     ff6:	0e 94 03 01 	call	0x206	; 0x206 <vListInitialise>
     ffa:	8c ea       	ldi	r24, 0xAC	; 172
     ffc:	97 e0       	ldi	r25, 0x07	; 7
     ffe:	0e 94 03 01 	call	0x206	; 0x206 <vListInitialise>
    1002:	88 e8       	ldi	r24, 0x88	; 136
    1004:	97 e0       	ldi	r25, 0x07	; 7
    1006:	0e 94 03 01 	call	0x206	; 0x206 <vListInitialise>
    100a:	8f e7       	ldi	r24, 0x7F	; 127
    100c:	97 e0       	ldi	r25, 0x07	; 7
    100e:	0e 94 03 01 	call	0x206	; 0x206 <vListInitialise>
    1012:	82 e7       	ldi	r24, 0x72	; 114
    1014:	97 e0       	ldi	r25, 0x07	; 7
    1016:	0e 94 03 01 	call	0x206	; 0x206 <vListInitialise>
    101a:	89 e6       	ldi	r24, 0x69	; 105
    101c:	97 e0       	ldi	r25, 0x07	; 7
    101e:	0e 94 03 01 	call	0x206	; 0x206 <vListInitialise>
    1022:	8f e5       	ldi	r24, 0x5F	; 95
    1024:	97 e0       	ldi	r25, 0x07	; 7
    1026:	0e 94 03 01 	call	0x206	; 0x206 <vListInitialise>
    102a:	88 e8       	ldi	r24, 0x88	; 136
    102c:	97 e0       	ldi	r25, 0x07	; 7
    102e:	90 93 7e 07 	sts	0x077E, r25	; 0x80077e <pxDelayedTaskList+0x1>
    1032:	80 93 7d 07 	sts	0x077D, r24	; 0x80077d <pxDelayedTaskList>
    1036:	8f e7       	ldi	r24, 0x7F	; 127
    1038:	97 e0       	ldi	r25, 0x07	; 7
    103a:	90 93 7c 07 	sts	0x077C, r25	; 0x80077c <pxOverflowDelayedTaskList+0x1>
    103e:	80 93 7b 07 	sts	0x077B, r24	; 0x80077b <pxOverflowDelayedTaskList>
    1042:	0f c0       	rjmp	.+30     	; 0x1062 <xTaskGenericCreate+0x19c>
    1044:	80 91 5a 07 	lds	r24, 0x075A	; 0x80075a <xSchedulerRunning>
    1048:	81 11       	cpse	r24, r1
    104a:	0b c0       	rjmp	.+22     	; 0x1062 <xTaskGenericCreate+0x19c>
    104c:	e0 91 b5 07 	lds	r30, 0x07B5	; 0x8007b5 <pxCurrentTCB>
    1050:	f0 91 b6 07 	lds	r31, 0x07B6	; 0x8007b6 <pxCurrentTCB+0x1>
    1054:	86 89       	ldd	r24, Z+22	; 0x16
    1056:	08 17       	cp	r16, r24
    1058:	20 f0       	brcs	.+8      	; 0x1062 <xTaskGenericCreate+0x19c>
    105a:	70 92 b6 07 	sts	0x07B6, r7	; 0x8007b6 <pxCurrentTCB+0x1>
    105e:	60 92 b5 07 	sts	0x07B5, r6	; 0x8007b5 <pxCurrentTCB>
    1062:	80 91 56 07 	lds	r24, 0x0756	; 0x800756 <uxTaskNumber>
    1066:	8f 5f       	subi	r24, 0xFF	; 255
    1068:	80 93 56 07 	sts	0x0756, r24	; 0x800756 <uxTaskNumber>
    106c:	f3 01       	movw	r30, r6
    106e:	86 89       	ldd	r24, Z+22	; 0x16
    1070:	90 91 5b 07 	lds	r25, 0x075B	; 0x80075b <uxTopReadyPriority>
    1074:	98 17       	cp	r25, r24
    1076:	10 f4       	brcc	.+4      	; 0x107c <xTaskGenericCreate+0x1b6>
    1078:	80 93 5b 07 	sts	0x075B, r24	; 0x80075b <uxTopReadyPriority>
    107c:	90 e0       	ldi	r25, 0x00	; 0
    107e:	9c 01       	movw	r18, r24
    1080:	22 0f       	add	r18, r18
    1082:	33 1f       	adc	r19, r19
    1084:	22 0f       	add	r18, r18
    1086:	33 1f       	adc	r19, r19
    1088:	22 0f       	add	r18, r18
    108a:	33 1f       	adc	r19, r19
    108c:	82 0f       	add	r24, r18
    108e:	93 1f       	adc	r25, r19
    1090:	be 01       	movw	r22, r28
    1092:	8f 56       	subi	r24, 0x6F	; 111
    1094:	98 4f       	sbci	r25, 0xF8	; 248
    1096:	0e 94 15 01 	call	0x22a	; 0x22a <vListInsertEnd>
    109a:	0f 90       	pop	r0
    109c:	0f be       	out	0x3f, r0	; 63
    109e:	80 91 5a 07 	lds	r24, 0x075A	; 0x80075a <xSchedulerRunning>
    10a2:	88 23       	and	r24, r24
    10a4:	59 f0       	breq	.+22     	; 0x10bc <xTaskGenericCreate+0x1f6>
    10a6:	e0 91 b5 07 	lds	r30, 0x07B5	; 0x8007b5 <pxCurrentTCB>
    10aa:	f0 91 b6 07 	lds	r31, 0x07B6	; 0x8007b6 <pxCurrentTCB+0x1>
    10ae:	86 89       	ldd	r24, Z+22	; 0x16
    10b0:	80 17       	cp	r24, r16
    10b2:	30 f4       	brcc	.+12     	; 0x10c0 <xTaskGenericCreate+0x1fa>
    10b4:	0e 94 33 02 	call	0x466	; 0x466 <vPortYield>
    10b8:	81 e0       	ldi	r24, 0x01	; 1
    10ba:	05 c0       	rjmp	.+10     	; 0x10c6 <xTaskGenericCreate+0x200>
    10bc:	81 e0       	ldi	r24, 0x01	; 1
    10be:	03 c0       	rjmp	.+6      	; 0x10c6 <xTaskGenericCreate+0x200>
    10c0:	81 e0       	ldi	r24, 0x01	; 1
    10c2:	01 c0       	rjmp	.+2      	; 0x10c6 <xTaskGenericCreate+0x200>
    10c4:	8f ef       	ldi	r24, 0xFF	; 255
    10c6:	df 91       	pop	r29
    10c8:	cf 91       	pop	r28
    10ca:	1f 91       	pop	r17
    10cc:	0f 91       	pop	r16
    10ce:	ff 90       	pop	r15
    10d0:	ef 90       	pop	r14
    10d2:	df 90       	pop	r13
    10d4:	cf 90       	pop	r12
    10d6:	bf 90       	pop	r11
    10d8:	af 90       	pop	r10
    10da:	9f 90       	pop	r9
    10dc:	8f 90       	pop	r8
    10de:	7f 90       	pop	r7
    10e0:	6f 90       	pop	r6
    10e2:	5f 90       	pop	r5
    10e4:	4f 90       	pop	r4
    10e6:	08 95       	ret

000010e8 <vTaskStartScheduler>:
    10e8:	af 92       	push	r10
    10ea:	bf 92       	push	r11
    10ec:	cf 92       	push	r12
    10ee:	df 92       	push	r13
    10f0:	ef 92       	push	r14
    10f2:	ff 92       	push	r15
    10f4:	0f 93       	push	r16
    10f6:	a1 2c       	mov	r10, r1
    10f8:	b1 2c       	mov	r11, r1
    10fa:	c1 2c       	mov	r12, r1
    10fc:	d1 2c       	mov	r13, r1
    10fe:	e1 2c       	mov	r14, r1
    1100:	f1 2c       	mov	r15, r1
    1102:	00 e0       	ldi	r16, 0x00	; 0
    1104:	20 e0       	ldi	r18, 0x00	; 0
    1106:	30 e0       	ldi	r19, 0x00	; 0
    1108:	45 e5       	ldi	r20, 0x55	; 85
    110a:	50 e0       	ldi	r21, 0x00	; 0
    110c:	6e e5       	ldi	r22, 0x5E	; 94
    110e:	71 e0       	ldi	r23, 0x01	; 1
    1110:	82 ef       	ldi	r24, 0xF2	; 242
    1112:	99 e0       	ldi	r25, 0x09	; 9
    1114:	0e 94 63 07 	call	0xec6	; 0xec6 <xTaskGenericCreate>
    1118:	81 30       	cpi	r24, 0x01	; 1
    111a:	69 f4       	brne	.+26     	; 0x1136 <vTaskStartScheduler+0x4e>
    111c:	0e 94 e1 0b 	call	0x17c2	; 0x17c2 <xTimerCreateTimerTask>
    1120:	81 30       	cpi	r24, 0x01	; 1
    1122:	49 f4       	brne	.+18     	; 0x1136 <vTaskStartScheduler+0x4e>
    1124:	f8 94       	cli
    1126:	80 93 5a 07 	sts	0x075A, r24	; 0x80075a <xSchedulerRunning>
    112a:	10 92 5d 07 	sts	0x075D, r1	; 0x80075d <xTickCount+0x1>
    112e:	10 92 5c 07 	sts	0x075C, r1	; 0x80075c <xTickCount>
    1132:	0e 94 f9 01 	call	0x3f2	; 0x3f2 <xPortStartScheduler>
    1136:	0f 91       	pop	r16
    1138:	ff 90       	pop	r15
    113a:	ef 90       	pop	r14
    113c:	df 90       	pop	r13
    113e:	cf 90       	pop	r12
    1140:	bf 90       	pop	r11
    1142:	af 90       	pop	r10
    1144:	08 95       	ret

00001146 <vTaskSuspendAll>:
    1146:	80 91 55 07 	lds	r24, 0x0755	; 0x800755 <uxSchedulerSuspended>
    114a:	8f 5f       	subi	r24, 0xFF	; 255
    114c:	80 93 55 07 	sts	0x0755, r24	; 0x800755 <uxSchedulerSuspended>
    1150:	08 95       	ret

00001152 <xTaskGetTickCount>:
    1152:	0f b6       	in	r0, 0x3f	; 63
    1154:	f8 94       	cli
    1156:	0f 92       	push	r0
    1158:	80 91 5c 07 	lds	r24, 0x075C	; 0x80075c <xTickCount>
    115c:	90 91 5d 07 	lds	r25, 0x075D	; 0x80075d <xTickCount+0x1>
    1160:	0f 90       	pop	r0
    1162:	0f be       	out	0x3f, r0	; 63
    1164:	08 95       	ret

00001166 <xTaskIncrementTick>:
    1166:	cf 92       	push	r12
    1168:	df 92       	push	r13
    116a:	ef 92       	push	r14
    116c:	ff 92       	push	r15
    116e:	0f 93       	push	r16
    1170:	1f 93       	push	r17
    1172:	cf 93       	push	r28
    1174:	df 93       	push	r29
    1176:	80 91 55 07 	lds	r24, 0x0755	; 0x800755 <uxSchedulerSuspended>
    117a:	81 11       	cpse	r24, r1
    117c:	9b c0       	rjmp	.+310    	; 0x12b4 <xTaskIncrementTick+0x14e>
    117e:	80 91 5c 07 	lds	r24, 0x075C	; 0x80075c <xTickCount>
    1182:	90 91 5d 07 	lds	r25, 0x075D	; 0x80075d <xTickCount+0x1>
    1186:	01 96       	adiw	r24, 0x01	; 1
    1188:	90 93 5d 07 	sts	0x075D, r25	; 0x80075d <xTickCount+0x1>
    118c:	80 93 5c 07 	sts	0x075C, r24	; 0x80075c <xTickCount>
    1190:	e0 90 5c 07 	lds	r14, 0x075C	; 0x80075c <xTickCount>
    1194:	f0 90 5d 07 	lds	r15, 0x075D	; 0x80075d <xTickCount+0x1>
    1198:	e1 14       	cp	r14, r1
    119a:	f1 04       	cpc	r15, r1
    119c:	b9 f4       	brne	.+46     	; 0x11cc <xTaskIncrementTick+0x66>
    119e:	80 91 7d 07 	lds	r24, 0x077D	; 0x80077d <pxDelayedTaskList>
    11a2:	90 91 7e 07 	lds	r25, 0x077E	; 0x80077e <pxDelayedTaskList+0x1>
    11a6:	20 91 7b 07 	lds	r18, 0x077B	; 0x80077b <pxOverflowDelayedTaskList>
    11aa:	30 91 7c 07 	lds	r19, 0x077C	; 0x80077c <pxOverflowDelayedTaskList+0x1>
    11ae:	30 93 7e 07 	sts	0x077E, r19	; 0x80077e <pxDelayedTaskList+0x1>
    11b2:	20 93 7d 07 	sts	0x077D, r18	; 0x80077d <pxDelayedTaskList>
    11b6:	90 93 7c 07 	sts	0x077C, r25	; 0x80077c <pxOverflowDelayedTaskList+0x1>
    11ba:	80 93 7b 07 	sts	0x077B, r24	; 0x80077b <pxOverflowDelayedTaskList>
    11be:	80 91 57 07 	lds	r24, 0x0757	; 0x800757 <xNumOfOverflows>
    11c2:	8f 5f       	subi	r24, 0xFF	; 255
    11c4:	80 93 57 07 	sts	0x0757, r24	; 0x800757 <xNumOfOverflows>
    11c8:	0e 94 0d 07 	call	0xe1a	; 0xe1a <prvResetNextTaskUnblockTime>
    11cc:	80 91 02 01 	lds	r24, 0x0102	; 0x800102 <xNextTaskUnblockTime>
    11d0:	90 91 03 01 	lds	r25, 0x0103	; 0x800103 <xNextTaskUnblockTime+0x1>
    11d4:	e8 16       	cp	r14, r24
    11d6:	f9 06       	cpc	r15, r25
    11d8:	10 f4       	brcc	.+4      	; 0x11de <xTaskIncrementTick+0x78>
    11da:	d1 2c       	mov	r13, r1
    11dc:	53 c0       	rjmp	.+166    	; 0x1284 <xTaskIncrementTick+0x11e>
    11de:	d1 2c       	mov	r13, r1
    11e0:	cc 24       	eor	r12, r12
    11e2:	c3 94       	inc	r12
    11e4:	e0 91 7d 07 	lds	r30, 0x077D	; 0x80077d <pxDelayedTaskList>
    11e8:	f0 91 7e 07 	lds	r31, 0x077E	; 0x80077e <pxDelayedTaskList+0x1>
    11ec:	80 81       	ld	r24, Z
    11ee:	81 11       	cpse	r24, r1
    11f0:	07 c0       	rjmp	.+14     	; 0x1200 <xTaskIncrementTick+0x9a>
    11f2:	8f ef       	ldi	r24, 0xFF	; 255
    11f4:	9f ef       	ldi	r25, 0xFF	; 255
    11f6:	90 93 03 01 	sts	0x0103, r25	; 0x800103 <xNextTaskUnblockTime+0x1>
    11fa:	80 93 02 01 	sts	0x0102, r24	; 0x800102 <xNextTaskUnblockTime>
    11fe:	42 c0       	rjmp	.+132    	; 0x1284 <xTaskIncrementTick+0x11e>
    1200:	e0 91 7d 07 	lds	r30, 0x077D	; 0x80077d <pxDelayedTaskList>
    1204:	f0 91 7e 07 	lds	r31, 0x077E	; 0x80077e <pxDelayedTaskList+0x1>
    1208:	05 80       	ldd	r0, Z+5	; 0x05
    120a:	f6 81       	ldd	r31, Z+6	; 0x06
    120c:	e0 2d       	mov	r30, r0
    120e:	c6 81       	ldd	r28, Z+6	; 0x06
    1210:	d7 81       	ldd	r29, Z+7	; 0x07
    1212:	8a 81       	ldd	r24, Y+2	; 0x02
    1214:	9b 81       	ldd	r25, Y+3	; 0x03
    1216:	e8 16       	cp	r14, r24
    1218:	f9 06       	cpc	r15, r25
    121a:	28 f4       	brcc	.+10     	; 0x1226 <xTaskIncrementTick+0xc0>
    121c:	90 93 03 01 	sts	0x0103, r25	; 0x800103 <xNextTaskUnblockTime+0x1>
    1220:	80 93 02 01 	sts	0x0102, r24	; 0x800102 <xNextTaskUnblockTime>
    1224:	2f c0       	rjmp	.+94     	; 0x1284 <xTaskIncrementTick+0x11e>
    1226:	8e 01       	movw	r16, r28
    1228:	0e 5f       	subi	r16, 0xFE	; 254
    122a:	1f 4f       	sbci	r17, 0xFF	; 255
    122c:	c8 01       	movw	r24, r16
    122e:	0e 94 67 01 	call	0x2ce	; 0x2ce <uxListRemove>
    1232:	8c 89       	ldd	r24, Y+20	; 0x14
    1234:	9d 89       	ldd	r25, Y+21	; 0x15
    1236:	89 2b       	or	r24, r25
    1238:	21 f0       	breq	.+8      	; 0x1242 <xTaskIncrementTick+0xdc>
    123a:	ce 01       	movw	r24, r28
    123c:	0c 96       	adiw	r24, 0x0c	; 12
    123e:	0e 94 67 01 	call	0x2ce	; 0x2ce <uxListRemove>
    1242:	8e 89       	ldd	r24, Y+22	; 0x16
    1244:	90 91 5b 07 	lds	r25, 0x075B	; 0x80075b <uxTopReadyPriority>
    1248:	98 17       	cp	r25, r24
    124a:	10 f4       	brcc	.+4      	; 0x1250 <xTaskIncrementTick+0xea>
    124c:	80 93 5b 07 	sts	0x075B, r24	; 0x80075b <uxTopReadyPriority>
    1250:	90 e0       	ldi	r25, 0x00	; 0
    1252:	9c 01       	movw	r18, r24
    1254:	22 0f       	add	r18, r18
    1256:	33 1f       	adc	r19, r19
    1258:	22 0f       	add	r18, r18
    125a:	33 1f       	adc	r19, r19
    125c:	22 0f       	add	r18, r18
    125e:	33 1f       	adc	r19, r19
    1260:	82 0f       	add	r24, r18
    1262:	93 1f       	adc	r25, r19
    1264:	b8 01       	movw	r22, r16
    1266:	8f 56       	subi	r24, 0x6F	; 111
    1268:	98 4f       	sbci	r25, 0xF8	; 248
    126a:	0e 94 15 01 	call	0x22a	; 0x22a <vListInsertEnd>
    126e:	e0 91 b5 07 	lds	r30, 0x07B5	; 0x8007b5 <pxCurrentTCB>
    1272:	f0 91 b6 07 	lds	r31, 0x07B6	; 0x8007b6 <pxCurrentTCB+0x1>
    1276:	9e 89       	ldd	r25, Y+22	; 0x16
    1278:	86 89       	ldd	r24, Z+22	; 0x16
    127a:	98 17       	cp	r25, r24
    127c:	08 f4       	brcc	.+2      	; 0x1280 <xTaskIncrementTick+0x11a>
    127e:	b2 cf       	rjmp	.-156    	; 0x11e4 <xTaskIncrementTick+0x7e>
    1280:	dc 2c       	mov	r13, r12
    1282:	b0 cf       	rjmp	.-160    	; 0x11e4 <xTaskIncrementTick+0x7e>
    1284:	e0 91 b5 07 	lds	r30, 0x07B5	; 0x8007b5 <pxCurrentTCB>
    1288:	f0 91 b6 07 	lds	r31, 0x07B6	; 0x8007b6 <pxCurrentTCB+0x1>
    128c:	86 89       	ldd	r24, Z+22	; 0x16
    128e:	90 e0       	ldi	r25, 0x00	; 0
    1290:	fc 01       	movw	r30, r24
    1292:	ee 0f       	add	r30, r30
    1294:	ff 1f       	adc	r31, r31
    1296:	ee 0f       	add	r30, r30
    1298:	ff 1f       	adc	r31, r31
    129a:	ee 0f       	add	r30, r30
    129c:	ff 1f       	adc	r31, r31
    129e:	8e 0f       	add	r24, r30
    12a0:	9f 1f       	adc	r25, r31
    12a2:	fc 01       	movw	r30, r24
    12a4:	ef 56       	subi	r30, 0x6F	; 111
    12a6:	f8 4f       	sbci	r31, 0xF8	; 248
    12a8:	80 81       	ld	r24, Z
    12aa:	82 30       	cpi	r24, 0x02	; 2
    12ac:	48 f0       	brcs	.+18     	; 0x12c0 <xTaskIncrementTick+0x15a>
    12ae:	dd 24       	eor	r13, r13
    12b0:	d3 94       	inc	r13
    12b2:	06 c0       	rjmp	.+12     	; 0x12c0 <xTaskIncrementTick+0x15a>
    12b4:	80 91 59 07 	lds	r24, 0x0759	; 0x800759 <uxPendedTicks>
    12b8:	8f 5f       	subi	r24, 0xFF	; 255
    12ba:	80 93 59 07 	sts	0x0759, r24	; 0x800759 <uxPendedTicks>
    12be:	d1 2c       	mov	r13, r1
    12c0:	80 91 58 07 	lds	r24, 0x0758	; 0x800758 <xYieldPending>
    12c4:	88 23       	and	r24, r24
    12c6:	11 f0       	breq	.+4      	; 0x12cc <xTaskIncrementTick+0x166>
    12c8:	dd 24       	eor	r13, r13
    12ca:	d3 94       	inc	r13
    12cc:	8d 2d       	mov	r24, r13
    12ce:	df 91       	pop	r29
    12d0:	cf 91       	pop	r28
    12d2:	1f 91       	pop	r17
    12d4:	0f 91       	pop	r16
    12d6:	ff 90       	pop	r15
    12d8:	ef 90       	pop	r14
    12da:	df 90       	pop	r13
    12dc:	cf 90       	pop	r12
    12de:	08 95       	ret

000012e0 <xTaskResumeAll>:
    12e0:	df 92       	push	r13
    12e2:	ef 92       	push	r14
    12e4:	ff 92       	push	r15
    12e6:	0f 93       	push	r16
    12e8:	1f 93       	push	r17
    12ea:	cf 93       	push	r28
    12ec:	df 93       	push	r29
    12ee:	0f b6       	in	r0, 0x3f	; 63
    12f0:	f8 94       	cli
    12f2:	0f 92       	push	r0
    12f4:	80 91 55 07 	lds	r24, 0x0755	; 0x800755 <uxSchedulerSuspended>
    12f8:	81 50       	subi	r24, 0x01	; 1
    12fa:	80 93 55 07 	sts	0x0755, r24	; 0x800755 <uxSchedulerSuspended>
    12fe:	80 91 55 07 	lds	r24, 0x0755	; 0x800755 <uxSchedulerSuspended>
    1302:	81 11       	cpse	r24, r1
    1304:	62 c0       	rjmp	.+196    	; 0x13ca <xTaskResumeAll+0xea>
    1306:	80 91 5e 07 	lds	r24, 0x075E	; 0x80075e <uxCurrentNumberOfTasks>
    130a:	81 11       	cpse	r24, r1
    130c:	33 c0       	rjmp	.+102    	; 0x1374 <xTaskResumeAll+0x94>
    130e:	60 c0       	rjmp	.+192    	; 0x13d0 <xTaskResumeAll+0xf0>
    1310:	d7 01       	movw	r26, r14
    1312:	15 96       	adiw	r26, 0x05	; 5
    1314:	ed 91       	ld	r30, X+
    1316:	fc 91       	ld	r31, X
    1318:	16 97       	sbiw	r26, 0x06	; 6
    131a:	c6 81       	ldd	r28, Z+6	; 0x06
    131c:	d7 81       	ldd	r29, Z+7	; 0x07
    131e:	ce 01       	movw	r24, r28
    1320:	0c 96       	adiw	r24, 0x0c	; 12
    1322:	0e 94 67 01 	call	0x2ce	; 0x2ce <uxListRemove>
    1326:	8e 01       	movw	r16, r28
    1328:	0e 5f       	subi	r16, 0xFE	; 254
    132a:	1f 4f       	sbci	r17, 0xFF	; 255
    132c:	c8 01       	movw	r24, r16
    132e:	0e 94 67 01 	call	0x2ce	; 0x2ce <uxListRemove>
    1332:	8e 89       	ldd	r24, Y+22	; 0x16
    1334:	90 91 5b 07 	lds	r25, 0x075B	; 0x80075b <uxTopReadyPriority>
    1338:	98 17       	cp	r25, r24
    133a:	10 f4       	brcc	.+4      	; 0x1340 <xTaskResumeAll+0x60>
    133c:	80 93 5b 07 	sts	0x075B, r24	; 0x80075b <uxTopReadyPriority>
    1340:	90 e0       	ldi	r25, 0x00	; 0
    1342:	9c 01       	movw	r18, r24
    1344:	22 0f       	add	r18, r18
    1346:	33 1f       	adc	r19, r19
    1348:	22 0f       	add	r18, r18
    134a:	33 1f       	adc	r19, r19
    134c:	22 0f       	add	r18, r18
    134e:	33 1f       	adc	r19, r19
    1350:	82 0f       	add	r24, r18
    1352:	93 1f       	adc	r25, r19
    1354:	b8 01       	movw	r22, r16
    1356:	8f 56       	subi	r24, 0x6F	; 111
    1358:	98 4f       	sbci	r25, 0xF8	; 248
    135a:	0e 94 15 01 	call	0x22a	; 0x22a <vListInsertEnd>
    135e:	e0 91 b5 07 	lds	r30, 0x07B5	; 0x8007b5 <pxCurrentTCB>
    1362:	f0 91 b6 07 	lds	r31, 0x07B6	; 0x8007b6 <pxCurrentTCB+0x1>
    1366:	9e 89       	ldd	r25, Y+22	; 0x16
    1368:	86 89       	ldd	r24, Z+22	; 0x16
    136a:	98 17       	cp	r25, r24
    136c:	58 f0       	brcs	.+22     	; 0x1384 <xTaskResumeAll+0xa4>
    136e:	d0 92 58 07 	sts	0x0758, r13	; 0x800758 <xYieldPending>
    1372:	08 c0       	rjmp	.+16     	; 0x1384 <xTaskResumeAll+0xa4>
    1374:	0f 2e       	mov	r0, r31
    1376:	f2 e7       	ldi	r31, 0x72	; 114
    1378:	ef 2e       	mov	r14, r31
    137a:	f7 e0       	ldi	r31, 0x07	; 7
    137c:	ff 2e       	mov	r15, r31
    137e:	f0 2d       	mov	r31, r0
    1380:	dd 24       	eor	r13, r13
    1382:	d3 94       	inc	r13
    1384:	f7 01       	movw	r30, r14
    1386:	80 81       	ld	r24, Z
    1388:	81 11       	cpse	r24, r1
    138a:	c2 cf       	rjmp	.-124    	; 0x1310 <xTaskResumeAll+0x30>
    138c:	80 91 59 07 	lds	r24, 0x0759	; 0x800759 <uxPendedTicks>
    1390:	88 23       	and	r24, r24
    1392:	99 f0       	breq	.+38     	; 0x13ba <xTaskResumeAll+0xda>
    1394:	80 91 59 07 	lds	r24, 0x0759	; 0x800759 <uxPendedTicks>
    1398:	88 23       	and	r24, r24
    139a:	79 f0       	breq	.+30     	; 0x13ba <xTaskResumeAll+0xda>
    139c:	c1 e0       	ldi	r28, 0x01	; 1
    139e:	0e 94 b3 08 	call	0x1166	; 0x1166 <xTaskIncrementTick>
    13a2:	81 11       	cpse	r24, r1
    13a4:	c0 93 58 07 	sts	0x0758, r28	; 0x800758 <xYieldPending>
    13a8:	80 91 59 07 	lds	r24, 0x0759	; 0x800759 <uxPendedTicks>
    13ac:	81 50       	subi	r24, 0x01	; 1
    13ae:	80 93 59 07 	sts	0x0759, r24	; 0x800759 <uxPendedTicks>
    13b2:	80 91 59 07 	lds	r24, 0x0759	; 0x800759 <uxPendedTicks>
    13b6:	81 11       	cpse	r24, r1
    13b8:	f2 cf       	rjmp	.-28     	; 0x139e <xTaskResumeAll+0xbe>
    13ba:	80 91 58 07 	lds	r24, 0x0758	; 0x800758 <xYieldPending>
    13be:	81 30       	cpi	r24, 0x01	; 1
    13c0:	31 f4       	brne	.+12     	; 0x13ce <xTaskResumeAll+0xee>
    13c2:	0e 94 33 02 	call	0x466	; 0x466 <vPortYield>
    13c6:	81 e0       	ldi	r24, 0x01	; 1
    13c8:	03 c0       	rjmp	.+6      	; 0x13d0 <xTaskResumeAll+0xf0>
    13ca:	80 e0       	ldi	r24, 0x00	; 0
    13cc:	01 c0       	rjmp	.+2      	; 0x13d0 <xTaskResumeAll+0xf0>
    13ce:	80 e0       	ldi	r24, 0x00	; 0
    13d0:	0f 90       	pop	r0
    13d2:	0f be       	out	0x3f, r0	; 63
    13d4:	df 91       	pop	r29
    13d6:	cf 91       	pop	r28
    13d8:	1f 91       	pop	r17
    13da:	0f 91       	pop	r16
    13dc:	ff 90       	pop	r15
    13de:	ef 90       	pop	r14
    13e0:	df 90       	pop	r13
    13e2:	08 95       	ret

000013e4 <prvIdleTask>:
    13e4:	09 e6       	ldi	r16, 0x69	; 105
    13e6:	17 e0       	ldi	r17, 0x07	; 7
    13e8:	0f 2e       	mov	r0, r31
    13ea:	f1 e9       	ldi	r31, 0x91	; 145
    13ec:	ef 2e       	mov	r14, r31
    13ee:	f7 e0       	ldi	r31, 0x07	; 7
    13f0:	ff 2e       	mov	r15, r31
    13f2:	f0 2d       	mov	r31, r0
    13f4:	29 c0       	rjmp	.+82     	; 0x1448 <prvIdleTask+0x64>
    13f6:	0e 94 a3 08 	call	0x1146	; 0x1146 <vTaskSuspendAll>
    13fa:	d8 01       	movw	r26, r16
    13fc:	cc 91       	ld	r28, X
    13fe:	0e 94 70 09 	call	0x12e0	; 0x12e0 <xTaskResumeAll>
    1402:	cc 23       	and	r28, r28
    1404:	09 f1       	breq	.+66     	; 0x1448 <prvIdleTask+0x64>
    1406:	0f b6       	in	r0, 0x3f	; 63
    1408:	f8 94       	cli
    140a:	0f 92       	push	r0
    140c:	d8 01       	movw	r26, r16
    140e:	15 96       	adiw	r26, 0x05	; 5
    1410:	ed 91       	ld	r30, X+
    1412:	fc 91       	ld	r31, X
    1414:	16 97       	sbiw	r26, 0x06	; 6
    1416:	c6 81       	ldd	r28, Z+6	; 0x06
    1418:	d7 81       	ldd	r29, Z+7	; 0x07
    141a:	ce 01       	movw	r24, r28
    141c:	02 96       	adiw	r24, 0x02	; 2
    141e:	0e 94 67 01 	call	0x2ce	; 0x2ce <uxListRemove>
    1422:	80 91 5e 07 	lds	r24, 0x075E	; 0x80075e <uxCurrentNumberOfTasks>
    1426:	81 50       	subi	r24, 0x01	; 1
    1428:	80 93 5e 07 	sts	0x075E, r24	; 0x80075e <uxCurrentNumberOfTasks>
    142c:	80 91 68 07 	lds	r24, 0x0768	; 0x800768 <uxTasksDeleted>
    1430:	81 50       	subi	r24, 0x01	; 1
    1432:	80 93 68 07 	sts	0x0768, r24	; 0x800768 <uxTasksDeleted>
    1436:	0f 90       	pop	r0
    1438:	0f be       	out	0x3f, r0	; 63
    143a:	8f 89       	ldd	r24, Y+23	; 0x17
    143c:	98 8d       	ldd	r25, Y+24	; 0x18
    143e:	0e 94 8f 03 	call	0x71e	; 0x71e <vPortFree>
    1442:	ce 01       	movw	r24, r28
    1444:	0e 94 8f 03 	call	0x71e	; 0x71e <vPortFree>
    1448:	80 91 68 07 	lds	r24, 0x0768	; 0x800768 <uxTasksDeleted>
    144c:	81 11       	cpse	r24, r1
    144e:	d3 cf       	rjmp	.-90     	; 0x13f6 <prvIdleTask+0x12>
    1450:	f7 01       	movw	r30, r14
    1452:	80 81       	ld	r24, Z
    1454:	82 30       	cpi	r24, 0x02	; 2
    1456:	c0 f3       	brcs	.-16     	; 0x1448 <prvIdleTask+0x64>
    1458:	0e 94 33 02 	call	0x466	; 0x466 <vPortYield>
    145c:	f5 cf       	rjmp	.-22     	; 0x1448 <prvIdleTask+0x64>

0000145e <vTaskSwitchContext>:
    145e:	80 91 55 07 	lds	r24, 0x0755	; 0x800755 <uxSchedulerSuspended>
    1462:	88 23       	and	r24, r24
    1464:	21 f0       	breq	.+8      	; 0x146e <vTaskSwitchContext+0x10>
    1466:	81 e0       	ldi	r24, 0x01	; 1
    1468:	80 93 58 07 	sts	0x0758, r24	; 0x800758 <xYieldPending>
    146c:	08 95       	ret
    146e:	10 92 58 07 	sts	0x0758, r1	; 0x800758 <xYieldPending>
    1472:	80 91 5b 07 	lds	r24, 0x075B	; 0x80075b <uxTopReadyPriority>
    1476:	90 e0       	ldi	r25, 0x00	; 0
    1478:	fc 01       	movw	r30, r24
    147a:	ee 0f       	add	r30, r30
    147c:	ff 1f       	adc	r31, r31
    147e:	ee 0f       	add	r30, r30
    1480:	ff 1f       	adc	r31, r31
    1482:	ee 0f       	add	r30, r30
    1484:	ff 1f       	adc	r31, r31
    1486:	8e 0f       	add	r24, r30
    1488:	9f 1f       	adc	r25, r31
    148a:	fc 01       	movw	r30, r24
    148c:	ef 56       	subi	r30, 0x6F	; 111
    148e:	f8 4f       	sbci	r31, 0xF8	; 248
    1490:	80 81       	ld	r24, Z
    1492:	81 11       	cpse	r24, r1
    1494:	17 c0       	rjmp	.+46     	; 0x14c4 <vTaskSwitchContext+0x66>
    1496:	80 91 5b 07 	lds	r24, 0x075B	; 0x80075b <uxTopReadyPriority>
    149a:	81 50       	subi	r24, 0x01	; 1
    149c:	80 93 5b 07 	sts	0x075B, r24	; 0x80075b <uxTopReadyPriority>
    14a0:	80 91 5b 07 	lds	r24, 0x075B	; 0x80075b <uxTopReadyPriority>
    14a4:	90 e0       	ldi	r25, 0x00	; 0
    14a6:	fc 01       	movw	r30, r24
    14a8:	ee 0f       	add	r30, r30
    14aa:	ff 1f       	adc	r31, r31
    14ac:	ee 0f       	add	r30, r30
    14ae:	ff 1f       	adc	r31, r31
    14b0:	ee 0f       	add	r30, r30
    14b2:	ff 1f       	adc	r31, r31
    14b4:	8e 0f       	add	r24, r30
    14b6:	9f 1f       	adc	r25, r31
    14b8:	fc 01       	movw	r30, r24
    14ba:	ef 56       	subi	r30, 0x6F	; 111
    14bc:	f8 4f       	sbci	r31, 0xF8	; 248
    14be:	80 81       	ld	r24, Z
    14c0:	88 23       	and	r24, r24
    14c2:	49 f3       	breq	.-46     	; 0x1496 <vTaskSwitchContext+0x38>
    14c4:	80 91 5b 07 	lds	r24, 0x075B	; 0x80075b <uxTopReadyPriority>
    14c8:	90 e0       	ldi	r25, 0x00	; 0
    14ca:	9c 01       	movw	r18, r24
    14cc:	22 0f       	add	r18, r18
    14ce:	33 1f       	adc	r19, r19
    14d0:	22 0f       	add	r18, r18
    14d2:	33 1f       	adc	r19, r19
    14d4:	22 0f       	add	r18, r18
    14d6:	33 1f       	adc	r19, r19
    14d8:	28 0f       	add	r18, r24
    14da:	39 1f       	adc	r19, r25
    14dc:	d9 01       	movw	r26, r18
    14de:	af 56       	subi	r26, 0x6F	; 111
    14e0:	b8 4f       	sbci	r27, 0xF8	; 248
    14e2:	11 96       	adiw	r26, 0x01	; 1
    14e4:	ed 91       	ld	r30, X+
    14e6:	fc 91       	ld	r31, X
    14e8:	12 97       	sbiw	r26, 0x02	; 2
    14ea:	02 80       	ldd	r0, Z+2	; 0x02
    14ec:	f3 81       	ldd	r31, Z+3	; 0x03
    14ee:	e0 2d       	mov	r30, r0
    14f0:	12 96       	adiw	r26, 0x02	; 2
    14f2:	fc 93       	st	X, r31
    14f4:	ee 93       	st	-X, r30
    14f6:	11 97       	sbiw	r26, 0x01	; 1
    14f8:	2c 56       	subi	r18, 0x6C	; 108
    14fa:	38 4f       	sbci	r19, 0xF8	; 248
    14fc:	e2 17       	cp	r30, r18
    14fe:	f3 07       	cpc	r31, r19
    1500:	29 f4       	brne	.+10     	; 0x150c <vTaskSwitchContext+0xae>
    1502:	22 81       	ldd	r18, Z+2	; 0x02
    1504:	33 81       	ldd	r19, Z+3	; 0x03
    1506:	fd 01       	movw	r30, r26
    1508:	32 83       	std	Z+2, r19	; 0x02
    150a:	21 83       	std	Z+1, r18	; 0x01
    150c:	fc 01       	movw	r30, r24
    150e:	ee 0f       	add	r30, r30
    1510:	ff 1f       	adc	r31, r31
    1512:	ee 0f       	add	r30, r30
    1514:	ff 1f       	adc	r31, r31
    1516:	ee 0f       	add	r30, r30
    1518:	ff 1f       	adc	r31, r31
    151a:	8e 0f       	add	r24, r30
    151c:	9f 1f       	adc	r25, r31
    151e:	fc 01       	movw	r30, r24
    1520:	ef 56       	subi	r30, 0x6F	; 111
    1522:	f8 4f       	sbci	r31, 0xF8	; 248
    1524:	01 80       	ldd	r0, Z+1	; 0x01
    1526:	f2 81       	ldd	r31, Z+2	; 0x02
    1528:	e0 2d       	mov	r30, r0
    152a:	86 81       	ldd	r24, Z+6	; 0x06
    152c:	97 81       	ldd	r25, Z+7	; 0x07
    152e:	90 93 b6 07 	sts	0x07B6, r25	; 0x8007b6 <pxCurrentTCB+0x1>
    1532:	80 93 b5 07 	sts	0x07B5, r24	; 0x8007b5 <pxCurrentTCB>
    1536:	08 95       	ret

00001538 <vTaskPlaceOnEventList>:
    1538:	cf 93       	push	r28
    153a:	df 93       	push	r29
    153c:	eb 01       	movw	r28, r22
    153e:	60 91 b5 07 	lds	r22, 0x07B5	; 0x8007b5 <pxCurrentTCB>
    1542:	70 91 b6 07 	lds	r23, 0x07B6	; 0x8007b6 <pxCurrentTCB+0x1>
    1546:	64 5f       	subi	r22, 0xF4	; 244
    1548:	7f 4f       	sbci	r23, 0xFF	; 255
    154a:	0e 94 36 01 	call	0x26c	; 0x26c <vListInsert>
    154e:	80 91 b5 07 	lds	r24, 0x07B5	; 0x8007b5 <pxCurrentTCB>
    1552:	90 91 b6 07 	lds	r25, 0x07B6	; 0x8007b6 <pxCurrentTCB+0x1>
    1556:	02 96       	adiw	r24, 0x02	; 2
    1558:	0e 94 67 01 	call	0x2ce	; 0x2ce <uxListRemove>
    155c:	cf 3f       	cpi	r28, 0xFF	; 255
    155e:	8f ef       	ldi	r24, 0xFF	; 255
    1560:	d8 07       	cpc	r29, r24
    1562:	59 f4       	brne	.+22     	; 0x157a <vTaskPlaceOnEventList+0x42>
    1564:	60 91 b5 07 	lds	r22, 0x07B5	; 0x8007b5 <pxCurrentTCB>
    1568:	70 91 b6 07 	lds	r23, 0x07B6	; 0x8007b6 <pxCurrentTCB+0x1>
    156c:	6e 5f       	subi	r22, 0xFE	; 254
    156e:	7f 4f       	sbci	r23, 0xFF	; 255
    1570:	8f e5       	ldi	r24, 0x5F	; 95
    1572:	97 e0       	ldi	r25, 0x07	; 7
    1574:	0e 94 15 01 	call	0x22a	; 0x22a <vListInsertEnd>
    1578:	08 c0       	rjmp	.+16     	; 0x158a <vTaskPlaceOnEventList+0x52>
    157a:	80 91 5c 07 	lds	r24, 0x075C	; 0x80075c <xTickCount>
    157e:	90 91 5d 07 	lds	r25, 0x075D	; 0x80075d <xTickCount+0x1>
    1582:	8c 0f       	add	r24, r28
    1584:	9d 1f       	adc	r25, r29
    1586:	0e 94 2c 07 	call	0xe58	; 0xe58 <prvAddCurrentTaskToDelayedList>
    158a:	df 91       	pop	r29
    158c:	cf 91       	pop	r28
    158e:	08 95       	ret

00001590 <vTaskPlaceOnEventListRestricted>:
    1590:	cf 93       	push	r28
    1592:	df 93       	push	r29
    1594:	eb 01       	movw	r28, r22
    1596:	60 91 b5 07 	lds	r22, 0x07B5	; 0x8007b5 <pxCurrentTCB>
    159a:	70 91 b6 07 	lds	r23, 0x07B6	; 0x8007b6 <pxCurrentTCB+0x1>
    159e:	64 5f       	subi	r22, 0xF4	; 244
    15a0:	7f 4f       	sbci	r23, 0xFF	; 255
    15a2:	0e 94 15 01 	call	0x22a	; 0x22a <vListInsertEnd>
    15a6:	80 91 b5 07 	lds	r24, 0x07B5	; 0x8007b5 <pxCurrentTCB>
    15aa:	90 91 b6 07 	lds	r25, 0x07B6	; 0x8007b6 <pxCurrentTCB+0x1>
    15ae:	02 96       	adiw	r24, 0x02	; 2
    15b0:	0e 94 67 01 	call	0x2ce	; 0x2ce <uxListRemove>
    15b4:	80 91 5c 07 	lds	r24, 0x075C	; 0x80075c <xTickCount>
    15b8:	90 91 5d 07 	lds	r25, 0x075D	; 0x80075d <xTickCount+0x1>
    15bc:	8c 0f       	add	r24, r28
    15be:	9d 1f       	adc	r25, r29
    15c0:	0e 94 2c 07 	call	0xe58	; 0xe58 <prvAddCurrentTaskToDelayedList>
    15c4:	df 91       	pop	r29
    15c6:	cf 91       	pop	r28
    15c8:	08 95       	ret

000015ca <xTaskRemoveFromEventList>:
    15ca:	0f 93       	push	r16
    15cc:	1f 93       	push	r17
    15ce:	cf 93       	push	r28
    15d0:	df 93       	push	r29
    15d2:	dc 01       	movw	r26, r24
    15d4:	15 96       	adiw	r26, 0x05	; 5
    15d6:	ed 91       	ld	r30, X+
    15d8:	fc 91       	ld	r31, X
    15da:	16 97       	sbiw	r26, 0x06	; 6
    15dc:	c6 81       	ldd	r28, Z+6	; 0x06
    15de:	d7 81       	ldd	r29, Z+7	; 0x07
    15e0:	8e 01       	movw	r16, r28
    15e2:	04 5f       	subi	r16, 0xF4	; 244
    15e4:	1f 4f       	sbci	r17, 0xFF	; 255
    15e6:	c8 01       	movw	r24, r16
    15e8:	0e 94 67 01 	call	0x2ce	; 0x2ce <uxListRemove>
    15ec:	80 91 55 07 	lds	r24, 0x0755	; 0x800755 <uxSchedulerSuspended>
    15f0:	81 11       	cpse	r24, r1
    15f2:	1c c0       	rjmp	.+56     	; 0x162c <xTaskRemoveFromEventList+0x62>
    15f4:	0a 50       	subi	r16, 0x0A	; 10
    15f6:	11 09       	sbc	r17, r1
    15f8:	c8 01       	movw	r24, r16
    15fa:	0e 94 67 01 	call	0x2ce	; 0x2ce <uxListRemove>
    15fe:	8e 89       	ldd	r24, Y+22	; 0x16
    1600:	90 91 5b 07 	lds	r25, 0x075B	; 0x80075b <uxTopReadyPriority>
    1604:	98 17       	cp	r25, r24
    1606:	10 f4       	brcc	.+4      	; 0x160c <xTaskRemoveFromEventList+0x42>
    1608:	80 93 5b 07 	sts	0x075B, r24	; 0x80075b <uxTopReadyPriority>
    160c:	90 e0       	ldi	r25, 0x00	; 0
    160e:	9c 01       	movw	r18, r24
    1610:	22 0f       	add	r18, r18
    1612:	33 1f       	adc	r19, r19
    1614:	22 0f       	add	r18, r18
    1616:	33 1f       	adc	r19, r19
    1618:	22 0f       	add	r18, r18
    161a:	33 1f       	adc	r19, r19
    161c:	82 0f       	add	r24, r18
    161e:	93 1f       	adc	r25, r19
    1620:	b8 01       	movw	r22, r16
    1622:	8f 56       	subi	r24, 0x6F	; 111
    1624:	98 4f       	sbci	r25, 0xF8	; 248
    1626:	0e 94 15 01 	call	0x22a	; 0x22a <vListInsertEnd>
    162a:	05 c0       	rjmp	.+10     	; 0x1636 <xTaskRemoveFromEventList+0x6c>
    162c:	b8 01       	movw	r22, r16
    162e:	82 e7       	ldi	r24, 0x72	; 114
    1630:	97 e0       	ldi	r25, 0x07	; 7
    1632:	0e 94 15 01 	call	0x22a	; 0x22a <vListInsertEnd>
    1636:	e0 91 b5 07 	lds	r30, 0x07B5	; 0x8007b5 <pxCurrentTCB>
    163a:	f0 91 b6 07 	lds	r31, 0x07B6	; 0x8007b6 <pxCurrentTCB+0x1>
    163e:	9e 89       	ldd	r25, Y+22	; 0x16
    1640:	86 89       	ldd	r24, Z+22	; 0x16
    1642:	89 17       	cp	r24, r25
    1644:	20 f4       	brcc	.+8      	; 0x164e <xTaskRemoveFromEventList+0x84>
    1646:	81 e0       	ldi	r24, 0x01	; 1
    1648:	80 93 58 07 	sts	0x0758, r24	; 0x800758 <xYieldPending>
    164c:	01 c0       	rjmp	.+2      	; 0x1650 <xTaskRemoveFromEventList+0x86>
    164e:	80 e0       	ldi	r24, 0x00	; 0
    1650:	df 91       	pop	r29
    1652:	cf 91       	pop	r28
    1654:	1f 91       	pop	r17
    1656:	0f 91       	pop	r16
    1658:	08 95       	ret

0000165a <vTaskSetTimeOutState>:
/*-----------------------------------------------------------*/

void vTaskSetTimeOutState( TimeOut_t * const pxTimeOut )
{
	configASSERT( pxTimeOut );
	pxTimeOut->xOverflowCount = xNumOfOverflows;
    165a:	20 91 57 07 	lds	r18, 0x0757	; 0x800757 <xNumOfOverflows>
    165e:	fc 01       	movw	r30, r24
    1660:	20 83       	st	Z, r18
	pxTimeOut->xTimeOnEntering = xTickCount;
    1662:	20 91 5c 07 	lds	r18, 0x075C	; 0x80075c <xTickCount>
    1666:	30 91 5d 07 	lds	r19, 0x075D	; 0x80075d <xTickCount+0x1>
    166a:	32 83       	std	Z+2, r19	; 0x02
    166c:	21 83       	std	Z+1, r18	; 0x01
    166e:	08 95       	ret

00001670 <xTaskCheckForTimeOut>:
BaseType_t xReturn;

	configASSERT( pxTimeOut );
	configASSERT( pxTicksToWait );

	taskENTER_CRITICAL();
    1670:	0f b6       	in	r0, 0x3f	; 63
    1672:	f8 94       	cli
    1674:	0f 92       	push	r0
	{
		/* Minor optimisation.  The tick count cannot change in this block. */
		const TickType_t xConstTickCount = xTickCount;
    1676:	40 91 5c 07 	lds	r20, 0x075C	; 0x80075c <xTickCount>
    167a:	50 91 5d 07 	lds	r21, 0x075D	; 0x80075d <xTickCount+0x1>

		#if ( INCLUDE_vTaskSuspend == 1 )
			/* If INCLUDE_vTaskSuspend is set to 1 and the block time specified is
			the maximum block time then the task should block indefinitely, and
			therefore never time out. */
			if( *pxTicksToWait == portMAX_DELAY )
    167e:	db 01       	movw	r26, r22
    1680:	2d 91       	ld	r18, X+
    1682:	3c 91       	ld	r19, X
    1684:	2f 3f       	cpi	r18, 0xFF	; 255
    1686:	bf ef       	ldi	r27, 0xFF	; 255
    1688:	3b 07       	cpc	r19, r27
    168a:	19 f1       	breq	.+70     	; 0x16d2 <xTaskCheckForTimeOut+0x62>
				xReturn = pdFALSE;
			}
			else /* We are not blocking indefinitely, perform the checks below. */
		#endif

		if( ( xNumOfOverflows != pxTimeOut->xOverflowCount ) && ( xConstTickCount >= pxTimeOut->xTimeOnEntering ) ) /*lint !e525 Indentation preferred as is to make code within pre-processor directives clearer. */
    168c:	e0 91 57 07 	lds	r30, 0x0757	; 0x800757 <xNumOfOverflows>
    1690:	dc 01       	movw	r26, r24
    1692:	fc 91       	ld	r31, X
    1694:	fe 17       	cp	r31, r30
    1696:	39 f0       	breq	.+14     	; 0x16a6 <xTaskCheckForTimeOut+0x36>
    1698:	11 96       	adiw	r26, 0x01	; 1
    169a:	ed 91       	ld	r30, X+
    169c:	fc 91       	ld	r31, X
    169e:	12 97       	sbiw	r26, 0x02	; 2
    16a0:	4e 17       	cp	r20, r30
    16a2:	5f 07       	cpc	r21, r31
    16a4:	c0 f4       	brcc	.+48     	; 0x16d6 <xTaskCheckForTimeOut+0x66>
			was called, but has also overflowed since vTaskSetTimeOut() was called.
			It must have wrapped all the way around and gone past us again. This
			passed since vTaskSetTimeout() was called. */
			xReturn = pdTRUE;
		}
		else if( ( xConstTickCount - pxTimeOut->xTimeOnEntering ) < *pxTicksToWait )
    16a6:	dc 01       	movw	r26, r24
    16a8:	11 96       	adiw	r26, 0x01	; 1
    16aa:	ed 91       	ld	r30, X+
    16ac:	fc 91       	ld	r31, X
    16ae:	12 97       	sbiw	r26, 0x02	; 2
    16b0:	da 01       	movw	r26, r20
    16b2:	ae 1b       	sub	r26, r30
    16b4:	bf 0b       	sbc	r27, r31
    16b6:	a2 17       	cp	r26, r18
    16b8:	b3 07       	cpc	r27, r19
    16ba:	78 f4       	brcc	.+30     	; 0x16da <xTaskCheckForTimeOut+0x6a>
    16bc:	db 01       	movw	r26, r22
		{
			/* Not a genuine timeout. Adjust parameters for time remaining. */
			*pxTicksToWait -= ( xConstTickCount -  pxTimeOut->xTimeOnEntering );
    16be:	e4 1b       	sub	r30, r20
    16c0:	f5 0b       	sbc	r31, r21
    16c2:	2e 0f       	add	r18, r30
    16c4:	3f 1f       	adc	r19, r31
    16c6:	2d 93       	st	X+, r18
    16c8:	3c 93       	st	X, r19
			vTaskSetTimeOutState( pxTimeOut );
    16ca:	0e 94 2d 0b 	call	0x165a	; 0x165a <vTaskSetTimeOutState>
			xReturn = pdFALSE;
    16ce:	80 e0       	ldi	r24, 0x00	; 0
    16d0:	05 c0       	rjmp	.+10     	; 0x16dc <xTaskCheckForTimeOut+0x6c>
			/* If INCLUDE_vTaskSuspend is set to 1 and the block time specified is
			the maximum block time then the task should block indefinitely, and
			therefore never time out. */
			if( *pxTicksToWait == portMAX_DELAY )
			{
				xReturn = pdFALSE;
    16d2:	80 e0       	ldi	r24, 0x00	; 0
    16d4:	03 c0       	rjmp	.+6      	; 0x16dc <xTaskCheckForTimeOut+0x6c>
		{
			/* The tick count is greater than the time at which vTaskSetTimeout()
			was called, but has also overflowed since vTaskSetTimeOut() was called.
			It must have wrapped all the way around and gone past us again. This
			passed since vTaskSetTimeout() was called. */
			xReturn = pdTRUE;
    16d6:	81 e0       	ldi	r24, 0x01	; 1
    16d8:	01 c0       	rjmp	.+2      	; 0x16dc <xTaskCheckForTimeOut+0x6c>
			vTaskSetTimeOutState( pxTimeOut );
			xReturn = pdFALSE;
		}
		else
		{
			xReturn = pdTRUE;
    16da:	81 e0       	ldi	r24, 0x01	; 1
		}
	}
	taskEXIT_CRITICAL();
    16dc:	0f 90       	pop	r0
    16de:	0f be       	out	0x3f, r0	; 63

	return xReturn;
}
    16e0:	08 95       	ret

000016e2 <vTaskMissedYield>:
/*-----------------------------------------------------------*/

void vTaskMissedYield( void )
{
	xYieldPending = pdTRUE;
    16e2:	81 e0       	ldi	r24, 0x01	; 1
    16e4:	80 93 58 07 	sts	0x0758, r24	; 0x800758 <xYieldPending>
    16e8:	08 95       	ret

000016ea <xTaskGetSchedulerState>:

	BaseType_t xTaskGetSchedulerState( void )
	{
	BaseType_t xReturn;

		if( xSchedulerRunning == pdFALSE )
    16ea:	80 91 5a 07 	lds	r24, 0x075A	; 0x80075a <xSchedulerRunning>
    16ee:	88 23       	and	r24, r24
    16f0:	31 f0       	breq	.+12     	; 0x16fe <xTaskGetSchedulerState+0x14>
		{
			xReturn = taskSCHEDULER_NOT_STARTED;
		}
		else
		{
			if( uxSchedulerSuspended == ( UBaseType_t ) pdFALSE )
    16f2:	80 91 55 07 	lds	r24, 0x0755	; 0x800755 <uxSchedulerSuspended>
    16f6:	88 23       	and	r24, r24
    16f8:	21 f0       	breq	.+8      	; 0x1702 <xTaskGetSchedulerState+0x18>
			{
				xReturn = taskSCHEDULER_RUNNING;
			}
			else
			{
				xReturn = taskSCHEDULER_SUSPENDED;
    16fa:	80 e0       	ldi	r24, 0x00	; 0
    16fc:	08 95       	ret
	{
	BaseType_t xReturn;

		if( xSchedulerRunning == pdFALSE )
		{
			xReturn = taskSCHEDULER_NOT_STARTED;
    16fe:	81 e0       	ldi	r24, 0x01	; 1
    1700:	08 95       	ret
		}
		else
		{
			if( uxSchedulerSuspended == ( UBaseType_t ) pdFALSE )
			{
				xReturn = taskSCHEDULER_RUNNING;
    1702:	82 e0       	ldi	r24, 0x02	; 2
				xReturn = taskSCHEDULER_SUSPENDED;
			}
		}

		return xReturn;
	}
    1704:	08 95       	ret

00001706 <prvInsertTimerInActiveList>:
	return xTimeNow;
}
/*-----------------------------------------------------------*/

static BaseType_t prvInsertTimerInActiveList( Timer_t * const pxTimer, const TickType_t xNextExpiryTime, const TickType_t xTimeNow, const TickType_t xCommandTime )
{
    1706:	fc 01       	movw	r30, r24
BaseType_t xProcessTimerNow = pdFALSE;

	listSET_LIST_ITEM_VALUE( &( pxTimer->xTimerListItem ), xNextExpiryTime );
    1708:	73 83       	std	Z+3, r23	; 0x03
    170a:	62 83       	std	Z+2, r22	; 0x02
	listSET_LIST_ITEM_OWNER( &( pxTimer->xTimerListItem ), pxTimer );
    170c:	91 87       	std	Z+9, r25	; 0x09
    170e:	80 87       	std	Z+8, r24	; 0x08

	if( xNextExpiryTime <= xTimeNow )
    1710:	46 17       	cp	r20, r22
    1712:	57 07       	cpc	r21, r23
    1714:	90 f0       	brcs	.+36     	; 0x173a <prvInsertTimerInActiveList+0x34>
	{
		/* Has the expiry time elapsed between the command to start/reset a
		timer was issued, and the time the command was processed? */
		if( ( xTimeNow - xCommandTime ) >= pxTimer->xTimerPeriodInTicks )
    1716:	42 1b       	sub	r20, r18
    1718:	53 0b       	sbc	r21, r19
    171a:	84 85       	ldd	r24, Z+12	; 0x0c
    171c:	95 85       	ldd	r25, Z+13	; 0x0d
    171e:	48 17       	cp	r20, r24
    1720:	59 07       	cpc	r21, r25
    1722:	e0 f4       	brcc	.+56     	; 0x175c <prvInsertTimerInActiveList+0x56>
			processed actually exceeds the timers period.  */
			xProcessTimerNow = pdTRUE;
		}
		else
		{
			vListInsert( pxOverflowTimerList, &( pxTimer->xTimerListItem ) );
    1724:	bf 01       	movw	r22, r30
    1726:	6e 5f       	subi	r22, 0xFE	; 254
    1728:	7f 4f       	sbci	r23, 0xFF	; 255
    172a:	80 91 bb 07 	lds	r24, 0x07BB	; 0x8007bb <pxOverflowTimerList>
    172e:	90 91 bc 07 	lds	r25, 0x07BC	; 0x8007bc <pxOverflowTimerList+0x1>
    1732:	0e 94 36 01 	call	0x26c	; 0x26c <vListInsert>
}
/*-----------------------------------------------------------*/

static BaseType_t prvInsertTimerInActiveList( Timer_t * const pxTimer, const TickType_t xNextExpiryTime, const TickType_t xTimeNow, const TickType_t xCommandTime )
{
BaseType_t xProcessTimerNow = pdFALSE;
    1736:	80 e0       	ldi	r24, 0x00	; 0
    1738:	08 95       	ret
			vListInsert( pxOverflowTimerList, &( pxTimer->xTimerListItem ) );
		}
	}
	else
	{
		if( ( xTimeNow < xCommandTime ) && ( xNextExpiryTime >= xCommandTime ) )
    173a:	42 17       	cp	r20, r18
    173c:	53 07       	cpc	r21, r19
    173e:	18 f4       	brcc	.+6      	; 0x1746 <prvInsertTimerInActiveList+0x40>
    1740:	62 17       	cp	r22, r18
    1742:	73 07       	cpc	r23, r19
    1744:	68 f4       	brcc	.+26     	; 0x1760 <prvInsertTimerInActiveList+0x5a>
			its expiry time and should be processed immediately. */
			xProcessTimerNow = pdTRUE;
		}
		else
		{
			vListInsert( pxCurrentTimerList, &( pxTimer->xTimerListItem ) );
    1746:	bf 01       	movw	r22, r30
    1748:	6e 5f       	subi	r22, 0xFE	; 254
    174a:	7f 4f       	sbci	r23, 0xFF	; 255
    174c:	80 91 bd 07 	lds	r24, 0x07BD	; 0x8007bd <pxCurrentTimerList>
    1750:	90 91 be 07 	lds	r25, 0x07BE	; 0x8007be <pxCurrentTimerList+0x1>
    1754:	0e 94 36 01 	call	0x26c	; 0x26c <vListInsert>
}
/*-----------------------------------------------------------*/

static BaseType_t prvInsertTimerInActiveList( Timer_t * const pxTimer, const TickType_t xNextExpiryTime, const TickType_t xTimeNow, const TickType_t xCommandTime )
{
BaseType_t xProcessTimerNow = pdFALSE;
    1758:	80 e0       	ldi	r24, 0x00	; 0
    175a:	08 95       	ret
		timer was issued, and the time the command was processed? */
		if( ( xTimeNow - xCommandTime ) >= pxTimer->xTimerPeriodInTicks )
		{
			/* The time between a command being issued and the command being
			processed actually exceeds the timers period.  */
			xProcessTimerNow = pdTRUE;
    175c:	81 e0       	ldi	r24, 0x01	; 1
    175e:	08 95       	ret
		if( ( xTimeNow < xCommandTime ) && ( xNextExpiryTime >= xCommandTime ) )
		{
			/* If, since the command was issued, the tick count has overflowed
			but the expiry time has not, then the timer must have already passed
			its expiry time and should be processed immediately. */
			xProcessTimerNow = pdTRUE;
    1760:	81 e0       	ldi	r24, 0x01	; 1
			vListInsert( pxCurrentTimerList, &( pxTimer->xTimerListItem ) );
		}
	}

	return xProcessTimerNow;
}
    1762:	08 95       	ret

00001764 <prvCheckForValidListAndQueue>:
static void prvCheckForValidListAndQueue( void )
{
	/* Check that the list from which active timers are referenced, and the
	queue used to communicate with the timer service, have been
	initialised. */
	taskENTER_CRITICAL();
    1764:	0f b6       	in	r0, 0x3f	; 63
    1766:	f8 94       	cli
    1768:	0f 92       	push	r0
	{
		if( xTimerQueue == NULL )
    176a:	80 91 b9 07 	lds	r24, 0x07B9	; 0x8007b9 <xTimerQueue>
    176e:	90 91 ba 07 	lds	r25, 0x07BA	; 0x8007ba <xTimerQueue+0x1>
    1772:	89 2b       	or	r24, r25
    1774:	19 f5       	brne	.+70     	; 0x17bc <prvCheckForValidListAndQueue+0x58>
		{
			vListInitialise( &xActiveTimerList1 );
    1776:	88 ec       	ldi	r24, 0xC8	; 200
    1778:	97 e0       	ldi	r25, 0x07	; 7
    177a:	0e 94 03 01 	call	0x206	; 0x206 <vListInitialise>
			vListInitialise( &xActiveTimerList2 );
    177e:	8f eb       	ldi	r24, 0xBF	; 191
    1780:	97 e0       	ldi	r25, 0x07	; 7
    1782:	0e 94 03 01 	call	0x206	; 0x206 <vListInitialise>
			pxCurrentTimerList = &xActiveTimerList1;
    1786:	88 ec       	ldi	r24, 0xC8	; 200
    1788:	97 e0       	ldi	r25, 0x07	; 7
    178a:	90 93 be 07 	sts	0x07BE, r25	; 0x8007be <pxCurrentTimerList+0x1>
    178e:	80 93 bd 07 	sts	0x07BD, r24	; 0x8007bd <pxCurrentTimerList>
			pxOverflowTimerList = &xActiveTimerList2;
    1792:	8f eb       	ldi	r24, 0xBF	; 191
    1794:	97 e0       	ldi	r25, 0x07	; 7
    1796:	90 93 bc 07 	sts	0x07BC, r25	; 0x8007bc <pxOverflowTimerList+0x1>
    179a:	80 93 bb 07 	sts	0x07BB, r24	; 0x8007bb <pxOverflowTimerList>
			xTimerQueue = xQueueCreate( ( UBaseType_t ) configTIMER_QUEUE_LENGTH, sizeof( DaemonTaskMessage_t ) );
    179e:	40 e0       	ldi	r20, 0x00	; 0
    17a0:	65 e0       	ldi	r22, 0x05	; 5
    17a2:	8a e0       	ldi	r24, 0x0A	; 10
    17a4:	0e 94 f1 04 	call	0x9e2	; 0x9e2 <xQueueGenericCreate>
    17a8:	90 93 ba 07 	sts	0x07BA, r25	; 0x8007ba <xTimerQueue+0x1>
    17ac:	80 93 b9 07 	sts	0x07B9, r24	; 0x8007b9 <xTimerQueue>
			configASSERT( xTimerQueue );

			#if ( configQUEUE_REGISTRY_SIZE > 0 )
			{
				if( xTimerQueue != NULL )
    17b0:	00 97       	sbiw	r24, 0x00	; 0
    17b2:	21 f0       	breq	.+8      	; 0x17bc <prvCheckForValidListAndQueue+0x58>
				{
					vQueueAddToRegistry( xTimerQueue, "TmrQ" );
    17b4:	63 e6       	ldi	r22, 0x63	; 99
    17b6:	71 e0       	ldi	r23, 0x01	; 1
    17b8:	0e 94 c9 06 	call	0xd92	; 0xd92 <vQueueAddToRegistry>
		else
		{
			mtCOVERAGE_TEST_MARKER();
		}
	}
	taskEXIT_CRITICAL();
    17bc:	0f 90       	pop	r0
    17be:	0f be       	out	0x3f, r0	; 63
    17c0:	08 95       	ret

000017c2 <xTimerCreateTimerTask>:
static void prvProcessTimerOrBlockTask( const TickType_t xNextExpireTime, const BaseType_t xListWasEmpty ) PRIVILEGED_FUNCTION;

/*-----------------------------------------------------------*/

BaseType_t xTimerCreateTimerTask( void )
{
    17c2:	af 92       	push	r10
    17c4:	bf 92       	push	r11
    17c6:	cf 92       	push	r12
    17c8:	df 92       	push	r13
    17ca:	ef 92       	push	r14
    17cc:	ff 92       	push	r15
    17ce:	0f 93       	push	r16

	/* This function is called when the scheduler is started if
	configUSE_TIMERS is set to 1.  Check that the infrastructure used by the
	timer service task has been created/initialised.  If timers have already
	been created then the initialisation will already have been performed. */
	prvCheckForValidListAndQueue();
    17d0:	0e 94 b2 0b 	call	0x1764	; 0x1764 <prvCheckForValidListAndQueue>

	if( xTimerQueue != NULL )
    17d4:	80 91 b9 07 	lds	r24, 0x07B9	; 0x8007b9 <xTimerQueue>
    17d8:	90 91 ba 07 	lds	r25, 0x07BA	; 0x8007ba <xTimerQueue+0x1>
    17dc:	89 2b       	or	r24, r25
    17de:	91 f0       	breq	.+36     	; 0x1804 <xTimerCreateTimerTask+0x42>
			xReturn = xTaskCreate( prvTimerTask, "Tmr Svc", ( uint16_t ) configTIMER_TASK_STACK_DEPTH, NULL, ( ( UBaseType_t ) configTIMER_TASK_PRIORITY ) | portPRIVILEGE_BIT, &xTimerTaskHandle );
		}
		#else
		{
			/* Create the timer task without storing its handle. */
			xReturn = xTaskCreate( prvTimerTask, "Tmr Svc", ( uint16_t ) configTIMER_TASK_STACK_DEPTH, NULL, ( ( UBaseType_t ) configTIMER_TASK_PRIORITY ) | portPRIVILEGE_BIT, NULL);
    17e0:	a1 2c       	mov	r10, r1
    17e2:	b1 2c       	mov	r11, r1
    17e4:	c1 2c       	mov	r12, r1
    17e6:	d1 2c       	mov	r13, r1
    17e8:	e1 2c       	mov	r14, r1
    17ea:	f1 2c       	mov	r15, r1
    17ec:	03 e0       	ldi	r16, 0x03	; 3
    17ee:	20 e0       	ldi	r18, 0x00	; 0
    17f0:	30 e0       	ldi	r19, 0x00	; 0
    17f2:	40 e8       	ldi	r20, 0x80	; 128
    17f4:	50 e0       	ldi	r21, 0x00	; 0
    17f6:	68 e6       	ldi	r22, 0x68	; 104
    17f8:	71 e0       	ldi	r23, 0x01	; 1
    17fa:	8b ef       	ldi	r24, 0xFB	; 251
    17fc:	9c e0       	ldi	r25, 0x0C	; 12
    17fe:	0e 94 63 07 	call	0xec6	; 0xec6 <xTaskGenericCreate>
    1802:	01 c0       	rjmp	.+2      	; 0x1806 <xTimerCreateTimerTask+0x44>

/*-----------------------------------------------------------*/

BaseType_t xTimerCreateTimerTask( void )
{
BaseType_t xReturn = pdFAIL;
    1804:	80 e0       	ldi	r24, 0x00	; 0
		mtCOVERAGE_TEST_MARKER();
	}

	configASSERT( xReturn );
	return xReturn;
}
    1806:	0f 91       	pop	r16
    1808:	ff 90       	pop	r15
    180a:	ef 90       	pop	r14
    180c:	df 90       	pop	r13
    180e:	cf 90       	pop	r12
    1810:	bf 90       	pop	r11
    1812:	af 90       	pop	r10
    1814:	08 95       	ret

00001816 <xTimerCreate>:
/*-----------------------------------------------------------*/

TimerHandle_t xTimerCreate( const char * const pcTimerName, const TickType_t xTimerPeriodInTicks, const UBaseType_t uxAutoReload, void * const pvTimerID, TimerCallbackFunction_t pxCallbackFunction ) /*lint !e971 Unqualified char types are allowed for strings and single characters only. */
{
    1816:	8f 92       	push	r8
    1818:	9f 92       	push	r9
    181a:	bf 92       	push	r11
    181c:	cf 92       	push	r12
    181e:	df 92       	push	r13
    1820:	ef 92       	push	r14
    1822:	ff 92       	push	r15
    1824:	0f 93       	push	r16
    1826:	1f 93       	push	r17
    1828:	cf 93       	push	r28
    182a:	df 93       	push	r29
Timer_t *pxNewTimer;

	/* Allocate the timer structure. */
	if( xTimerPeriodInTicks == ( TickType_t ) 0U )
    182c:	61 15       	cp	r22, r1
    182e:	71 05       	cpc	r23, r1
    1830:	d9 f0       	breq	.+54     	; 0x1868 <xTimerCreate+0x52>
    1832:	69 01       	movw	r12, r18
    1834:	b4 2e       	mov	r11, r20
    1836:	7b 01       	movw	r14, r22
    1838:	4c 01       	movw	r8, r24
	{
		pxNewTimer = NULL;
	}
	else
	{
		pxNewTimer = ( Timer_t * ) pvPortMalloc( sizeof( Timer_t ) );
    183a:	83 e1       	ldi	r24, 0x13	; 19
    183c:	90 e0       	ldi	r25, 0x00	; 0
    183e:	0e 94 f5 02 	call	0x5ea	; 0x5ea <pvPortMalloc>
    1842:	ec 01       	movw	r28, r24
		if( pxNewTimer != NULL )
    1844:	89 2b       	or	r24, r25
    1846:	91 f0       	breq	.+36     	; 0x186c <xTimerCreate+0x56>
		{
			/* Ensure the infrastructure used by the timer service task has been
			created/initialised. */
			prvCheckForValidListAndQueue();
    1848:	0e 94 b2 0b 	call	0x1764	; 0x1764 <prvCheckForValidListAndQueue>

			/* Initialise the timer structure members using the function parameters. */
			pxNewTimer->pcTimerName = pcTimerName;
    184c:	99 82       	std	Y+1, r9	; 0x01
    184e:	88 82       	st	Y, r8
			pxNewTimer->xTimerPeriodInTicks = xTimerPeriodInTicks;
    1850:	fd 86       	std	Y+13, r15	; 0x0d
    1852:	ec 86       	std	Y+12, r14	; 0x0c
			pxNewTimer->uxAutoReload = uxAutoReload;
    1854:	be 86       	std	Y+14, r11	; 0x0e
			pxNewTimer->pvTimerID = pvTimerID;
    1856:	d8 8a       	std	Y+16, r13	; 0x10
    1858:	cf 86       	std	Y+15, r12	; 0x0f
			pxNewTimer->pxCallbackFunction = pxCallbackFunction;
    185a:	1a 8b       	std	Y+18, r17	; 0x12
    185c:	09 8b       	std	Y+17, r16	; 0x11
			vListInitialiseItem( &( pxNewTimer->xTimerListItem ) );
    185e:	ce 01       	movw	r24, r28
    1860:	02 96       	adiw	r24, 0x02	; 2
    1862:	0e 94 11 01 	call	0x222	; 0x222 <vListInitialiseItem>
    1866:	02 c0       	rjmp	.+4      	; 0x186c <xTimerCreate+0x56>
Timer_t *pxNewTimer;

	/* Allocate the timer structure. */
	if( xTimerPeriodInTicks == ( TickType_t ) 0U )
	{
		pxNewTimer = NULL;
    1868:	c0 e0       	ldi	r28, 0x00	; 0
    186a:	d0 e0       	ldi	r29, 0x00	; 0

	/* 0 is not a valid value for xTimerPeriodInTicks. */
	configASSERT( ( xTimerPeriodInTicks > 0 ) );

	return ( TimerHandle_t ) pxNewTimer;
}
    186c:	ce 01       	movw	r24, r28
    186e:	df 91       	pop	r29
    1870:	cf 91       	pop	r28
    1872:	1f 91       	pop	r17
    1874:	0f 91       	pop	r16
    1876:	ff 90       	pop	r15
    1878:	ef 90       	pop	r14
    187a:	df 90       	pop	r13
    187c:	cf 90       	pop	r12
    187e:	bf 90       	pop	r11
    1880:	9f 90       	pop	r9
    1882:	8f 90       	pop	r8
    1884:	08 95       	ret

00001886 <xTimerGenericCommand>:
/*-----------------------------------------------------------*/

BaseType_t xTimerGenericCommand( TimerHandle_t xTimer, const BaseType_t xCommandID, const TickType_t xOptionalValue, BaseType_t * const pxHigherPriorityTaskWoken, const TickType_t xTicksToWait )
{
    1886:	0f 93       	push	r16
    1888:	1f 93       	push	r17
    188a:	cf 93       	push	r28
    188c:	df 93       	push	r29
    188e:	00 d0       	rcall	.+0      	; 0x1890 <xTimerGenericCommand+0xa>
    1890:	00 d0       	rcall	.+0      	; 0x1892 <xTimerGenericCommand+0xc>
    1892:	1f 92       	push	r1
    1894:	cd b7       	in	r28, 0x3d	; 61
    1896:	de b7       	in	r29, 0x3e	; 62
BaseType_t xReturn = pdFAIL;
DaemonTaskMessage_t xMessage;

	/* Send a message to the timer service task to perform a particular action
	on a particular timer definition. */
	if( xTimerQueue != NULL )
    1898:	e0 91 b9 07 	lds	r30, 0x07B9	; 0x8007b9 <xTimerQueue>
    189c:	f0 91 ba 07 	lds	r31, 0x07BA	; 0x8007ba <xTimerQueue+0x1>
    18a0:	30 97       	sbiw	r30, 0x00	; 0
    18a2:	71 f1       	breq	.+92     	; 0x1900 <xTimerGenericCommand+0x7a>
    18a4:	d9 01       	movw	r26, r18
	{
		/* Send a command to the timer service task to start the xTimer timer. */
		xMessage.xMessageID = xCommandID;
    18a6:	69 83       	std	Y+1, r22	; 0x01
		xMessage.u.xTimerParameters.xMessageValue = xOptionalValue;
    18a8:	5b 83       	std	Y+3, r21	; 0x03
    18aa:	4a 83       	std	Y+2, r20	; 0x02
		xMessage.u.xTimerParameters.pxTimer = ( Timer_t * ) xTimer;
    18ac:	9d 83       	std	Y+5, r25	; 0x05
    18ae:	8c 83       	std	Y+4, r24	; 0x04

		if( xCommandID < tmrFIRST_FROM_ISR_COMMAND )
    18b0:	66 30       	cpi	r22, 0x06	; 6
    18b2:	ec f4       	brge	.+58     	; 0x18ee <xTimerGenericCommand+0x68>
		{
			if( xTaskGetSchedulerState() == taskSCHEDULER_RUNNING )
    18b4:	0e 94 75 0b 	call	0x16ea	; 0x16ea <xTaskGetSchedulerState>
    18b8:	82 30       	cpi	r24, 0x02	; 2
    18ba:	61 f4       	brne	.+24     	; 0x18d4 <xTimerGenericCommand+0x4e>
			{
				xReturn = xQueueSendToBack( xTimerQueue, &xMessage, xTicksToWait );
    18bc:	20 e0       	ldi	r18, 0x00	; 0
    18be:	a8 01       	movw	r20, r16
    18c0:	be 01       	movw	r22, r28
    18c2:	6f 5f       	subi	r22, 0xFF	; 255
    18c4:	7f 4f       	sbci	r23, 0xFF	; 255
    18c6:	80 91 b9 07 	lds	r24, 0x07B9	; 0x8007b9 <xTimerQueue>
    18ca:	90 91 ba 07 	lds	r25, 0x07BA	; 0x8007ba <xTimerQueue+0x1>
    18ce:	0e 94 1f 05 	call	0xa3e	; 0xa3e <xQueueGenericSend>
    18d2:	17 c0       	rjmp	.+46     	; 0x1902 <xTimerGenericCommand+0x7c>
			}
			else
			{
				xReturn = xQueueSendToBack( xTimerQueue, &xMessage, tmrNO_DELAY );
    18d4:	20 e0       	ldi	r18, 0x00	; 0
    18d6:	40 e0       	ldi	r20, 0x00	; 0
    18d8:	50 e0       	ldi	r21, 0x00	; 0
    18da:	be 01       	movw	r22, r28
    18dc:	6f 5f       	subi	r22, 0xFF	; 255
    18de:	7f 4f       	sbci	r23, 0xFF	; 255
    18e0:	80 91 b9 07 	lds	r24, 0x07B9	; 0x8007b9 <xTimerQueue>
    18e4:	90 91 ba 07 	lds	r25, 0x07BA	; 0x8007ba <xTimerQueue+0x1>
    18e8:	0e 94 1f 05 	call	0xa3e	; 0xa3e <xQueueGenericSend>
    18ec:	0a c0       	rjmp	.+20     	; 0x1902 <xTimerGenericCommand+0x7c>
			}
		}
		else
		{
			xReturn = xQueueSendToBackFromISR( xTimerQueue, &xMessage, pxHigherPriorityTaskWoken );
    18ee:	20 e0       	ldi	r18, 0x00	; 0
    18f0:	ad 01       	movw	r20, r26
    18f2:	be 01       	movw	r22, r28
    18f4:	6f 5f       	subi	r22, 0xFF	; 255
    18f6:	7f 4f       	sbci	r23, 0xFF	; 255
    18f8:	cf 01       	movw	r24, r30
    18fa:	0e 94 ce 05 	call	0xb9c	; 0xb9c <xQueueGenericSendFromISR>
    18fe:	01 c0       	rjmp	.+2      	; 0x1902 <xTimerGenericCommand+0x7c>
}
/*-----------------------------------------------------------*/

BaseType_t xTimerGenericCommand( TimerHandle_t xTimer, const BaseType_t xCommandID, const TickType_t xOptionalValue, BaseType_t * const pxHigherPriorityTaskWoken, const TickType_t xTicksToWait )
{
BaseType_t xReturn = pdFAIL;
    1900:	80 e0       	ldi	r24, 0x00	; 0
	{
		mtCOVERAGE_TEST_MARKER();
	}

	return xReturn;
}
    1902:	0f 90       	pop	r0
    1904:	0f 90       	pop	r0
    1906:	0f 90       	pop	r0
    1908:	0f 90       	pop	r0
    190a:	0f 90       	pop	r0
    190c:	df 91       	pop	r29
    190e:	cf 91       	pop	r28
    1910:	1f 91       	pop	r17
    1912:	0f 91       	pop	r16
    1914:	08 95       	ret

00001916 <prvSampleTimeNow>:
	return xNextExpireTime;
}
/*-----------------------------------------------------------*/

static TickType_t prvSampleTimeNow( BaseType_t * const pxTimerListsWereSwitched )
{
    1916:	af 92       	push	r10
    1918:	bf 92       	push	r11
    191a:	cf 92       	push	r12
    191c:	df 92       	push	r13
    191e:	ef 92       	push	r14
    1920:	ff 92       	push	r15
    1922:	0f 93       	push	r16
    1924:	1f 93       	push	r17
    1926:	cf 93       	push	r28
    1928:	df 93       	push	r29
    192a:	6c 01       	movw	r12, r24
TickType_t xTimeNow;
PRIVILEGED_DATA static TickType_t xLastTime = ( TickType_t ) 0U; /*lint !e956 Variable is only accessible to one task. */

	xTimeNow = xTaskGetTickCount();
    192c:	0e 94 a9 08 	call	0x1152	; 0x1152 <xTaskGetTickCount>
    1930:	7c 01       	movw	r14, r24

	if( xTimeNow < xLastTime )
    1932:	80 91 b7 07 	lds	r24, 0x07B7	; 0x8007b7 <xLastTime.2262>
    1936:	90 91 b8 07 	lds	r25, 0x07B8	; 0x8007b8 <xLastTime.2262+0x1>
    193a:	e8 16       	cp	r14, r24
    193c:	f9 06       	cpc	r15, r25
    193e:	08 f0       	brcs	.+2      	; 0x1942 <prvSampleTimeNow+0x2c>
    1940:	48 c0       	rjmp	.+144    	; 0x19d2 <prvSampleTimeNow+0xbc>
    1942:	30 c0       	rjmp	.+96     	; 0x19a4 <prvSampleTimeNow+0x8e>
	If there are any timers still referenced from the current timer list
	then they must have expired and should be processed before the lists
	are switched. */
	while( listLIST_IS_EMPTY( pxCurrentTimerList ) == pdFALSE )
	{
		xNextExpireTime = listGET_ITEM_VALUE_OF_HEAD_ENTRY( pxCurrentTimerList );
    1944:	05 80       	ldd	r0, Z+5	; 0x05
    1946:	f6 81       	ldd	r31, Z+6	; 0x06
    1948:	e0 2d       	mov	r30, r0
    194a:	a0 80       	ld	r10, Z
    194c:	b1 80       	ldd	r11, Z+1	; 0x01

		/* Remove the timer from the list. */
		pxTimer = ( Timer_t * ) listGET_OWNER_OF_HEAD_ENTRY( pxCurrentTimerList );
    194e:	c6 81       	ldd	r28, Z+6	; 0x06
    1950:	d7 81       	ldd	r29, Z+7	; 0x07
		( void ) uxListRemove( &( pxTimer->xTimerListItem ) );
    1952:	8e 01       	movw	r16, r28
    1954:	0e 5f       	subi	r16, 0xFE	; 254
    1956:	1f 4f       	sbci	r17, 0xFF	; 255
    1958:	c8 01       	movw	r24, r16
    195a:	0e 94 67 01 	call	0x2ce	; 0x2ce <uxListRemove>
		traceTIMER_EXPIRED( pxTimer );

		/* Execute its callback, then send a command to restart the timer if
		it is an auto-reload timer.  It cannot be restarted here as the lists
		have not yet been switched. */
		pxTimer->pxCallbackFunction( ( TimerHandle_t ) pxTimer );
    195e:	e9 89       	ldd	r30, Y+17	; 0x11
    1960:	fa 89       	ldd	r31, Y+18	; 0x12
    1962:	ce 01       	movw	r24, r28
    1964:	09 95       	icall

		if( pxTimer->uxAutoReload == ( UBaseType_t ) pdTRUE )
    1966:	8e 85       	ldd	r24, Y+14	; 0x0e
    1968:	81 30       	cpi	r24, 0x01	; 1
    196a:	e1 f4       	brne	.+56     	; 0x19a4 <prvSampleTimeNow+0x8e>
			the timer going into the same timer list then it has already expired
			and the timer should be re-inserted into the current list so it is
			processed again within this loop.  Otherwise a command should be sent
			to restart the timer to ensure it is only inserted into a list after
			the lists have been swapped. */
			xReloadTime = ( xNextExpireTime + pxTimer->xTimerPeriodInTicks );
    196c:	8c 85       	ldd	r24, Y+12	; 0x0c
    196e:	9d 85       	ldd	r25, Y+13	; 0x0d
    1970:	8a 0d       	add	r24, r10
    1972:	9b 1d       	adc	r25, r11
			if( xReloadTime > xNextExpireTime )
    1974:	a8 16       	cp	r10, r24
    1976:	b9 06       	cpc	r11, r25
    1978:	60 f4       	brcc	.+24     	; 0x1992 <prvSampleTimeNow+0x7c>
			{
				listSET_LIST_ITEM_VALUE( &( pxTimer->xTimerListItem ), xReloadTime );
    197a:	9b 83       	std	Y+3, r25	; 0x03
    197c:	8a 83       	std	Y+2, r24	; 0x02
				listSET_LIST_ITEM_OWNER( &( pxTimer->xTimerListItem ), pxTimer );
    197e:	d9 87       	std	Y+9, r29	; 0x09
    1980:	c8 87       	std	Y+8, r28	; 0x08
				vListInsert( pxCurrentTimerList, &( pxTimer->xTimerListItem ) );
    1982:	b8 01       	movw	r22, r16
    1984:	80 91 bd 07 	lds	r24, 0x07BD	; 0x8007bd <pxCurrentTimerList>
    1988:	90 91 be 07 	lds	r25, 0x07BE	; 0x8007be <pxCurrentTimerList+0x1>
    198c:	0e 94 36 01 	call	0x26c	; 0x26c <vListInsert>
    1990:	09 c0       	rjmp	.+18     	; 0x19a4 <prvSampleTimeNow+0x8e>
			}
			else
			{
				xResult = xTimerGenericCommand( pxTimer, tmrCOMMAND_START_DONT_TRACE, xNextExpireTime, NULL, tmrNO_DELAY );
    1992:	00 e0       	ldi	r16, 0x00	; 0
    1994:	10 e0       	ldi	r17, 0x00	; 0
    1996:	20 e0       	ldi	r18, 0x00	; 0
    1998:	30 e0       	ldi	r19, 0x00	; 0
    199a:	a5 01       	movw	r20, r10
    199c:	60 e0       	ldi	r22, 0x00	; 0
    199e:	ce 01       	movw	r24, r28
    19a0:	0e 94 43 0c 	call	0x1886	; 0x1886 <xTimerGenericCommand>

	/* The tick count has overflowed.  The timer lists must be switched.
	If there are any timers still referenced from the current timer list
	then they must have expired and should be processed before the lists
	are switched. */
	while( listLIST_IS_EMPTY( pxCurrentTimerList ) == pdFALSE )
    19a4:	e0 91 bd 07 	lds	r30, 0x07BD	; 0x8007bd <pxCurrentTimerList>
    19a8:	f0 91 be 07 	lds	r31, 0x07BE	; 0x8007be <pxCurrentTimerList+0x1>
    19ac:	80 81       	ld	r24, Z
    19ae:	81 11       	cpse	r24, r1
    19b0:	c9 cf       	rjmp	.-110    	; 0x1944 <prvSampleTimeNow+0x2e>
			mtCOVERAGE_TEST_MARKER();
		}
	}

	pxTemp = pxCurrentTimerList;
	pxCurrentTimerList = pxOverflowTimerList;
    19b2:	80 91 bb 07 	lds	r24, 0x07BB	; 0x8007bb <pxOverflowTimerList>
    19b6:	90 91 bc 07 	lds	r25, 0x07BC	; 0x8007bc <pxOverflowTimerList+0x1>
    19ba:	90 93 be 07 	sts	0x07BE, r25	; 0x8007be <pxCurrentTimerList+0x1>
    19be:	80 93 bd 07 	sts	0x07BD, r24	; 0x8007bd <pxCurrentTimerList>
	pxOverflowTimerList = pxTemp;
    19c2:	f0 93 bc 07 	sts	0x07BC, r31	; 0x8007bc <pxOverflowTimerList+0x1>
    19c6:	e0 93 bb 07 	sts	0x07BB, r30	; 0x8007bb <pxOverflowTimerList>
	xTimeNow = xTaskGetTickCount();

	if( xTimeNow < xLastTime )
	{
		prvSwitchTimerLists();
		*pxTimerListsWereSwitched = pdTRUE;
    19ca:	81 e0       	ldi	r24, 0x01	; 1
    19cc:	f6 01       	movw	r30, r12
    19ce:	80 83       	st	Z, r24
    19d0:	02 c0       	rjmp	.+4      	; 0x19d6 <prvSampleTimeNow+0xc0>
	}
	else
	{
		*pxTimerListsWereSwitched = pdFALSE;
    19d2:	f6 01       	movw	r30, r12
    19d4:	10 82       	st	Z, r1
	}

	xLastTime = xTimeNow;
    19d6:	f0 92 b8 07 	sts	0x07B8, r15	; 0x8007b8 <xLastTime.2262+0x1>
    19da:	e0 92 b7 07 	sts	0x07B7, r14	; 0x8007b7 <xLastTime.2262>

	return xTimeNow;
}
    19de:	c7 01       	movw	r24, r14
    19e0:	df 91       	pop	r29
    19e2:	cf 91       	pop	r28
    19e4:	1f 91       	pop	r17
    19e6:	0f 91       	pop	r16
    19e8:	ff 90       	pop	r15
    19ea:	ef 90       	pop	r14
    19ec:	df 90       	pop	r13
    19ee:	cf 90       	pop	r12
    19f0:	bf 90       	pop	r11
    19f2:	af 90       	pop	r10
    19f4:	08 95       	ret

000019f6 <prvTimerTask>:
	pxTimer->pxCallbackFunction( ( TimerHandle_t ) pxTimer );
}
/*-----------------------------------------------------------*/

static void prvTimerTask( void *pvParameters )
{
    19f6:	cf 93       	push	r28
    19f8:	df 93       	push	r29
    19fa:	00 d0       	rcall	.+0      	; 0x19fc <prvTimerTask+0x6>
    19fc:	00 d0       	rcall	.+0      	; 0x19fe <prvTimerTask+0x8>
    19fe:	00 d0       	rcall	.+0      	; 0x1a00 <prvTimerTask+0xa>
    1a00:	cd b7       	in	r28, 0x3d	; 61
    1a02:	de b7       	in	r29, 0x3e	; 62
		/* Obtain the time now to make an assessment as to whether the timer
		has expired or not.  If obtaining the time causes the lists to switch
		then don't process this timer as any timers that remained in the list
		when the lists were switched will have been processed within the
		prvSampleTimeNow() function. */
		xTimeNow = prvSampleTimeNow( &xTimerListsWereSwitched );
    1a04:	ce 01       	movw	r24, r28
    1a06:	01 96       	adiw	r24, 0x01	; 1
    1a08:	4c 01       	movw	r8, r24
		xNextExpireTime = listGET_ITEM_VALUE_OF_HEAD_ENTRY( pxCurrentTimerList );
	}
	else
	{
		/* Ensure the task unblocks when the tick count rolls over. */
		xNextExpireTime = ( TickType_t ) 0U;
    1a0a:	e1 2c       	mov	r14, r1
    1a0c:	f1 2c       	mov	r15, r1
DaemonTaskMessage_t xMessage;
Timer_t *pxTimer;
BaseType_t xTimerListsWereSwitched, xResult;
TickType_t xTimeNow;

	while( xQueueReceive( xTimerQueue, &xMessage, tmrNO_DELAY ) != pdFAIL ) /*lint !e603 xMessage does not have to be initialised as it is passed out, not in, and it is not used unless xQueueReceive() returns pdTRUE. */
    1a0e:	c8 2e       	mov	r12, r24
    1a10:	d9 2c       	mov	r13, r9
	the timer with the nearest expiry time will expire.  If there are no
	active timers then just set the next expire time to 0.  That will cause
	this task to unblock when the tick count overflows, at which point the
	timer lists will be switched and the next expiry time can be
	re-assessed.  */
	*pxListWasEmpty = listLIST_IS_EMPTY( pxCurrentTimerList );
    1a12:	e0 91 bd 07 	lds	r30, 0x07BD	; 0x8007bd <pxCurrentTimerList>
    1a16:	f0 91 be 07 	lds	r31, 0x07BE	; 0x8007be <pxCurrentTimerList+0x1>
	if( *pxListWasEmpty == pdFALSE )
    1a1a:	80 81       	ld	r24, Z
    1a1c:	88 23       	and	r24, r24
    1a1e:	09 f4       	brne	.+2      	; 0x1a22 <prvTimerTask+0x2c>
    1a20:	c4 c0       	rjmp	.+392    	; 0x1baa <prvTimerTask+0x1b4>
	{
		xNextExpireTime = listGET_ITEM_VALUE_OF_HEAD_ENTRY( pxCurrentTimerList );
    1a22:	05 80       	ldd	r0, Z+5	; 0x05
    1a24:	f6 81       	ldd	r31, Z+6	; 0x06
    1a26:	e0 2d       	mov	r30, r0
    1a28:	a0 80       	ld	r10, Z
    1a2a:	b1 80       	ldd	r11, Z+1	; 0x01
static void prvProcessTimerOrBlockTask( const TickType_t xNextExpireTime, const BaseType_t xListWasEmpty )
{
TickType_t xTimeNow;
BaseType_t xTimerListsWereSwitched;

	vTaskSuspendAll();
    1a2c:	0e 94 a3 08 	call	0x1146	; 0x1146 <vTaskSuspendAll>
		/* Obtain the time now to make an assessment as to whether the timer
		has expired or not.  If obtaining the time causes the lists to switch
		then don't process this timer as any timers that remained in the list
		when the lists were switched will have been processed within the
		prvSampleTimeNow() function. */
		xTimeNow = prvSampleTimeNow( &xTimerListsWereSwitched );
    1a30:	c4 01       	movw	r24, r8
    1a32:	0e 94 8b 0c 	call	0x1916	; 0x1916 <prvSampleTimeNow>
    1a36:	8c 01       	movw	r16, r24
		if( xTimerListsWereSwitched == pdFALSE )
    1a38:	89 81       	ldd	r24, Y+1	; 0x01
    1a3a:	81 11       	cpse	r24, r1
    1a3c:	48 c0       	rjmp	.+144    	; 0x1ace <prvTimerTask+0xd8>
		{
			/* The tick count has not overflowed, has the timer expired? */
			if( ( xListWasEmpty == pdFALSE ) && ( xNextExpireTime <= xTimeNow ) )
    1a3e:	0a 15       	cp	r16, r10
    1a40:	1b 05       	cpc	r17, r11
    1a42:	a8 f1       	brcs	.+106    	; 0x1aae <prvTimerTask+0xb8>
			{
				( void ) xTaskResumeAll();
    1a44:	0e 94 70 09 	call	0x12e0	; 0x12e0 <xTaskResumeAll>
/*-----------------------------------------------------------*/

static void prvProcessExpiredTimer( const TickType_t xNextExpireTime, const TickType_t xTimeNow )
{
BaseType_t xResult;
Timer_t * const pxTimer = ( Timer_t * ) listGET_OWNER_OF_HEAD_ENTRY( pxCurrentTimerList );
    1a48:	e0 91 bd 07 	lds	r30, 0x07BD	; 0x8007bd <pxCurrentTimerList>
    1a4c:	f0 91 be 07 	lds	r31, 0x07BE	; 0x8007be <pxCurrentTimerList+0x1>
    1a50:	05 80       	ldd	r0, Z+5	; 0x05
    1a52:	f6 81       	ldd	r31, Z+6	; 0x06
    1a54:	e0 2d       	mov	r30, r0
    1a56:	66 80       	ldd	r6, Z+6	; 0x06
    1a58:	77 80       	ldd	r7, Z+7	; 0x07

	/* Remove the timer from the list of active timers.  A check has already
	been performed to ensure the list is not empty. */
	( void ) uxListRemove( &( pxTimer->xTimerListItem ) );
    1a5a:	c3 01       	movw	r24, r6
    1a5c:	02 96       	adiw	r24, 0x02	; 2
    1a5e:	0e 94 67 01 	call	0x2ce	; 0x2ce <uxListRemove>
	traceTIMER_EXPIRED( pxTimer );

	/* If the timer is an auto reload timer then calculate the next
	expiry time and re-insert the timer in the list of active timers. */
	if( pxTimer->uxAutoReload == ( UBaseType_t ) pdTRUE )
    1a62:	d3 01       	movw	r26, r6
    1a64:	1e 96       	adiw	r26, 0x0e	; 14
    1a66:	8c 91       	ld	r24, X
    1a68:	1e 97       	sbiw	r26, 0x0e	; 14
    1a6a:	81 30       	cpi	r24, 0x01	; 1
    1a6c:	b1 f4       	brne	.+44     	; 0x1a9a <prvTimerTask+0xa4>
	{
		/* The timer is inserted into a list using a time relative to anything
		other than the current time.  It will therefore be inserted into the
		correct list relative to the time this task thinks it is now. */
		if( prvInsertTimerInActiveList( pxTimer, ( xNextExpireTime + pxTimer->xTimerPeriodInTicks ), xTimeNow, xNextExpireTime ) == pdTRUE )
    1a6e:	1c 96       	adiw	r26, 0x0c	; 12
    1a70:	6d 91       	ld	r22, X+
    1a72:	7c 91       	ld	r23, X
    1a74:	1d 97       	sbiw	r26, 0x0d	; 13
    1a76:	6a 0d       	add	r22, r10
    1a78:	7b 1d       	adc	r23, r11
    1a7a:	95 01       	movw	r18, r10
    1a7c:	a8 01       	movw	r20, r16
    1a7e:	c3 01       	movw	r24, r6
    1a80:	0e 94 83 0b 	call	0x1706	; 0x1706 <prvInsertTimerInActiveList>
    1a84:	81 30       	cpi	r24, 0x01	; 1
    1a86:	49 f4       	brne	.+18     	; 0x1a9a <prvTimerTask+0xa4>
		{
			/* The timer expired before it was added to the active timer
			list.  Reload it now.  */
			xResult = xTimerGenericCommand( pxTimer, tmrCOMMAND_START_DONT_TRACE, xNextExpireTime, NULL, tmrNO_DELAY );
    1a88:	0e 2d       	mov	r16, r14
    1a8a:	1f 2d       	mov	r17, r15
    1a8c:	2e 2d       	mov	r18, r14
    1a8e:	3f 2d       	mov	r19, r15
    1a90:	a5 01       	movw	r20, r10
    1a92:	60 e0       	ldi	r22, 0x00	; 0
    1a94:	c3 01       	movw	r24, r6
    1a96:	0e 94 43 0c 	call	0x1886	; 0x1886 <xTimerGenericCommand>
	{
		mtCOVERAGE_TEST_MARKER();
	}

	/* Call the timer callback. */
	pxTimer->pxCallbackFunction( ( TimerHandle_t ) pxTimer );
    1a9a:	d3 01       	movw	r26, r6
    1a9c:	51 96       	adiw	r26, 0x11	; 17
    1a9e:	ed 91       	ld	r30, X+
    1aa0:	fc 91       	ld	r31, X
    1aa2:	52 97       	sbiw	r26, 0x12	; 18
    1aa4:	c3 01       	movw	r24, r6
    1aa6:	09 95       	icall
    1aa8:	72 c0       	rjmp	.+228    	; 0x1b8e <prvTimerTask+0x198>
		xNextExpireTime = listGET_ITEM_VALUE_OF_HEAD_ENTRY( pxCurrentTimerList );
	}
	else
	{
		/* Ensure the task unblocks when the tick count rolls over. */
		xNextExpireTime = ( TickType_t ) 0U;
    1aaa:	ae 2c       	mov	r10, r14
    1aac:	bf 2c       	mov	r11, r15
				time has not been reached yet.  This task should therefore
				block to wait for the next expire time or a command to be
				received - whichever comes first.  The following line cannot
				be reached unless xNextExpireTime > xTimeNow, except in the
				case when the current timer list is empty. */
				vQueueWaitForMessageRestricted( xTimerQueue, ( xNextExpireTime - xTimeNow ) );
    1aae:	b5 01       	movw	r22, r10
    1ab0:	60 1b       	sub	r22, r16
    1ab2:	71 0b       	sbc	r23, r17
    1ab4:	80 91 b9 07 	lds	r24, 0x07B9	; 0x8007b9 <xTimerQueue>
    1ab8:	90 91 ba 07 	lds	r25, 0x07BA	; 0x8007ba <xTimerQueue+0x1>
    1abc:	0e 94 f0 06 	call	0xde0	; 0xde0 <vQueueWaitForMessageRestricted>

				if( xTaskResumeAll() == pdFALSE )
    1ac0:	0e 94 70 09 	call	0x12e0	; 0x12e0 <xTaskResumeAll>
    1ac4:	81 11       	cpse	r24, r1
    1ac6:	63 c0       	rjmp	.+198    	; 0x1b8e <prvTimerTask+0x198>
				{
					/* Yield to wait for either a command to arrive, or the
					block time to expire.  If a command arrived between the
					critical section being exited and this yield then the yield
					will not cause the task to block. */
					portYIELD_WITHIN_API();
    1ac8:	0e 94 33 02 	call	0x466	; 0x466 <vPortYield>
    1acc:	60 c0       	rjmp	.+192    	; 0x1b8e <prvTimerTask+0x198>
				}
			}
		}
		else
		{
			( void ) xTaskResumeAll();
    1ace:	0e 94 70 09 	call	0x12e0	; 0x12e0 <xTaskResumeAll>
    1ad2:	5d c0       	rjmp	.+186    	; 0x1b8e <prvTimerTask+0x198>
		}
		#endif /* INCLUDE_xTimerPendFunctionCall */

		/* Commands that are positive are timer commands rather than pended
		function calls. */
		if( xMessage.xMessageID >= ( BaseType_t ) 0 )
    1ad4:	89 81       	ldd	r24, Y+1	; 0x01
    1ad6:	88 23       	and	r24, r24
    1ad8:	0c f4       	brge	.+2      	; 0x1adc <prvTimerTask+0xe6>
    1ada:	59 c0       	rjmp	.+178    	; 0x1b8e <prvTimerTask+0x198>
		{
			/* The messages uses the xTimerParameters member to work on a
			software timer. */
			pxTimer = xMessage.u.xTimerParameters.pxTimer;
    1adc:	ac 80       	ldd	r10, Y+4	; 0x04
    1ade:	bd 80       	ldd	r11, Y+5	; 0x05

			if( listIS_CONTAINED_WITHIN( NULL, &( pxTimer->xTimerListItem ) ) == pdFALSE )
    1ae0:	f5 01       	movw	r30, r10
    1ae2:	82 85       	ldd	r24, Z+10	; 0x0a
    1ae4:	93 85       	ldd	r25, Z+11	; 0x0b
    1ae6:	89 2b       	or	r24, r25
    1ae8:	21 f0       	breq	.+8      	; 0x1af2 <prvTimerTask+0xfc>
			{
				/* The timer is in a list, remove it. */
				( void ) uxListRemove( &( pxTimer->xTimerListItem ) );
    1aea:	c5 01       	movw	r24, r10
    1aec:	02 96       	adiw	r24, 0x02	; 2
    1aee:	0e 94 67 01 	call	0x2ce	; 0x2ce <uxListRemove>
			it must be present in the function call.  prvSampleTimeNow() must be
			called after the message is received from xTimerQueue so there is no
			possibility of a higher priority task adding a message to the message
			queue with a time that is ahead of the timer daemon task (because it
			pre-empted the timer daemon task after the xTimeNow value was set). */
			xTimeNow = prvSampleTimeNow( &xTimerListsWereSwitched );
    1af2:	ce 01       	movw	r24, r28
    1af4:	06 96       	adiw	r24, 0x06	; 6
    1af6:	0e 94 8b 0c 	call	0x1916	; 0x1916 <prvSampleTimeNow>

			switch( xMessage.xMessageID )
    1afa:	e9 81       	ldd	r30, Y+1	; 0x01
    1afc:	0e 2f       	mov	r16, r30
    1afe:	ee 0f       	add	r30, r30
    1b00:	11 0b       	sbc	r17, r17
    1b02:	22 0b       	sbc	r18, r18
    1b04:	33 0b       	sbc	r19, r19
    1b06:	0a 30       	cpi	r16, 0x0A	; 10
    1b08:	11 05       	cpc	r17, r1
    1b0a:	08 f0       	brcs	.+2      	; 0x1b0e <prvTimerTask+0x118>
    1b0c:	40 c0       	rjmp	.+128    	; 0x1b8e <prvTimerTask+0x198>
    1b0e:	f8 01       	movw	r30, r16
    1b10:	ec 5c       	subi	r30, 0xCC	; 204
    1b12:	ff 4f       	sbci	r31, 0xFF	; 255
    1b14:	0c 94 0b 0e 	jmp	0x1c16	; 0x1c16 <__tablejump2__>
			    case tmrCOMMAND_START_FROM_ISR :
			    case tmrCOMMAND_RESET :
			    case tmrCOMMAND_RESET_FROM_ISR :
				case tmrCOMMAND_START_DONT_TRACE :
					/* Start or restart a timer. */
					if( prvInsertTimerInActiveList( pxTimer,  xMessage.u.xTimerParameters.xMessageValue + pxTimer->xTimerPeriodInTicks, xTimeNow, xMessage.u.xTimerParameters.xMessageValue ) == pdTRUE )
    1b18:	2a 81       	ldd	r18, Y+2	; 0x02
    1b1a:	3b 81       	ldd	r19, Y+3	; 0x03
    1b1c:	d5 01       	movw	r26, r10
    1b1e:	1c 96       	adiw	r26, 0x0c	; 12
    1b20:	6d 91       	ld	r22, X+
    1b22:	7c 91       	ld	r23, X
    1b24:	1d 97       	sbiw	r26, 0x0d	; 13
    1b26:	62 0f       	add	r22, r18
    1b28:	73 1f       	adc	r23, r19
    1b2a:	ac 01       	movw	r20, r24
    1b2c:	c5 01       	movw	r24, r10
    1b2e:	0e 94 83 0b 	call	0x1706	; 0x1706 <prvInsertTimerInActiveList>
    1b32:	81 30       	cpi	r24, 0x01	; 1
    1b34:	61 f5       	brne	.+88     	; 0x1b8e <prvTimerTask+0x198>
					{
						/* The timer expired before it was added to the active
						timer list.  Process it now. */
						pxTimer->pxCallbackFunction( ( TimerHandle_t ) pxTimer );
    1b36:	d5 01       	movw	r26, r10
    1b38:	51 96       	adiw	r26, 0x11	; 17
    1b3a:	ed 91       	ld	r30, X+
    1b3c:	fc 91       	ld	r31, X
    1b3e:	52 97       	sbiw	r26, 0x12	; 18
    1b40:	c5 01       	movw	r24, r10
    1b42:	09 95       	icall
						traceTIMER_EXPIRED( pxTimer );

						if( pxTimer->uxAutoReload == ( UBaseType_t ) pdTRUE )
    1b44:	f5 01       	movw	r30, r10
    1b46:	86 85       	ldd	r24, Z+14	; 0x0e
    1b48:	81 30       	cpi	r24, 0x01	; 1
    1b4a:	09 f5       	brne	.+66     	; 0x1b8e <prvTimerTask+0x198>
						{
							xResult = xTimerGenericCommand( pxTimer, tmrCOMMAND_START_DONT_TRACE, xMessage.u.xTimerParameters.xMessageValue + pxTimer->xTimerPeriodInTicks, NULL, tmrNO_DELAY );
    1b4c:	4a 81       	ldd	r20, Y+2	; 0x02
    1b4e:	5b 81       	ldd	r21, Y+3	; 0x03
    1b50:	84 85       	ldd	r24, Z+12	; 0x0c
    1b52:	95 85       	ldd	r25, Z+13	; 0x0d
    1b54:	48 0f       	add	r20, r24
    1b56:	59 1f       	adc	r21, r25
    1b58:	0e 2d       	mov	r16, r14
    1b5a:	1f 2d       	mov	r17, r15
    1b5c:	2e 2d       	mov	r18, r14
    1b5e:	3f 2d       	mov	r19, r15
    1b60:	60 e0       	ldi	r22, 0x00	; 0
    1b62:	c5 01       	movw	r24, r10
    1b64:	0e 94 43 0c 	call	0x1886	; 0x1886 <xTimerGenericCommand>
    1b68:	12 c0       	rjmp	.+36     	; 0x1b8e <prvTimerTask+0x198>
					There is nothing to do here. */
					break;

				case tmrCOMMAND_CHANGE_PERIOD :
				case tmrCOMMAND_CHANGE_PERIOD_FROM_ISR :
					pxTimer->xTimerPeriodInTicks = xMessage.u.xTimerParameters.xMessageValue;
    1b6a:	6a 81       	ldd	r22, Y+2	; 0x02
    1b6c:	7b 81       	ldd	r23, Y+3	; 0x03
    1b6e:	d5 01       	movw	r26, r10
    1b70:	1d 96       	adiw	r26, 0x0d	; 13
    1b72:	7c 93       	st	X, r23
    1b74:	6e 93       	st	-X, r22
    1b76:	1c 97       	sbiw	r26, 0x0c	; 12
					longer or shorter than the old one.  The command time is
					therefore set to the current time, and as the period cannot be
					zero the next expiry time can only be in the future, meaning
					(unlike for the xTimerStart() case above) there is no fail case
					that needs to be handled here. */
					( void ) prvInsertTimerInActiveList( pxTimer, ( xTimeNow + pxTimer->xTimerPeriodInTicks ), xTimeNow, xTimeNow );
    1b78:	68 0f       	add	r22, r24
    1b7a:	79 1f       	adc	r23, r25
    1b7c:	9c 01       	movw	r18, r24
    1b7e:	ac 01       	movw	r20, r24
    1b80:	c5 01       	movw	r24, r10
    1b82:	0e 94 83 0b 	call	0x1706	; 0x1706 <prvInsertTimerInActiveList>
    1b86:	03 c0       	rjmp	.+6      	; 0x1b8e <prvTimerTask+0x198>
					break;

				case tmrCOMMAND_DELETE :
					/* The timer has already been removed from the active list,
					just free up the memory. */
					vPortFree( pxTimer );
    1b88:	c5 01       	movw	r24, r10
    1b8a:	0e 94 8f 03 	call	0x71e	; 0x71e <vPortFree>
DaemonTaskMessage_t xMessage;
Timer_t *pxTimer;
BaseType_t xTimerListsWereSwitched, xResult;
TickType_t xTimeNow;

	while( xQueueReceive( xTimerQueue, &xMessage, tmrNO_DELAY ) != pdFAIL ) /*lint !e603 xMessage does not have to be initialised as it is passed out, not in, and it is not used unless xQueueReceive() returns pdTRUE. */
    1b8e:	20 e0       	ldi	r18, 0x00	; 0
    1b90:	4e 2d       	mov	r20, r14
    1b92:	5f 2d       	mov	r21, r15
    1b94:	6c 2d       	mov	r22, r12
    1b96:	7d 2d       	mov	r23, r13
    1b98:	80 91 b9 07 	lds	r24, 0x07B9	; 0x8007b9 <xTimerQueue>
    1b9c:	90 91 ba 07 	lds	r25, 0x07BA	; 0x8007ba <xTimerQueue+0x1>
    1ba0:	0e 94 1d 06 	call	0xc3a	; 0xc3a <xQueueGenericReceive>
    1ba4:	81 11       	cpse	r24, r1
    1ba6:	96 cf       	rjmp	.-212    	; 0x1ad4 <prvTimerTask+0xde>
    1ba8:	34 cf       	rjmp	.-408    	; 0x1a12 <prvTimerTask+0x1c>
static void prvProcessTimerOrBlockTask( const TickType_t xNextExpireTime, const BaseType_t xListWasEmpty )
{
TickType_t xTimeNow;
BaseType_t xTimerListsWereSwitched;

	vTaskSuspendAll();
    1baa:	0e 94 a3 08 	call	0x1146	; 0x1146 <vTaskSuspendAll>
		/* Obtain the time now to make an assessment as to whether the timer
		has expired or not.  If obtaining the time causes the lists to switch
		then don't process this timer as any timers that remained in the list
		when the lists were switched will have been processed within the
		prvSampleTimeNow() function. */
		xTimeNow = prvSampleTimeNow( &xTimerListsWereSwitched );
    1bae:	c4 01       	movw	r24, r8
    1bb0:	0e 94 8b 0c 	call	0x1916	; 0x1916 <prvSampleTimeNow>
    1bb4:	8c 01       	movw	r16, r24
		if( xTimerListsWereSwitched == pdFALSE )
    1bb6:	89 81       	ldd	r24, Y+1	; 0x01
    1bb8:	88 23       	and	r24, r24
    1bba:	09 f4       	brne	.+2      	; 0x1bbe <prvTimerTask+0x1c8>
    1bbc:	76 cf       	rjmp	.-276    	; 0x1aaa <prvTimerTask+0xb4>
    1bbe:	87 cf       	rjmp	.-242    	; 0x1ace <prvTimerTask+0xd8>

00001bc0 <USART_init>:
    1bc0:	10 92 c5 00 	sts	0x00C5, r1	; 0x8000c5 <__DATA_REGION_ORIGIN__+0x65>
    1bc4:	87 e6       	ldi	r24, 0x67	; 103
    1bc6:	80 93 c4 00 	sts	0x00C4, r24	; 0x8000c4 <__DATA_REGION_ORIGIN__+0x64>
    1bca:	8c e1       	ldi	r24, 0x1C	; 28
    1bcc:	80 93 c1 00 	sts	0x00C1, r24	; 0x8000c1 <__DATA_REGION_ORIGIN__+0x61>
    1bd0:	86 e0       	ldi	r24, 0x06	; 6
    1bd2:	80 93 c2 00 	sts	0x00C2, r24	; 0x8000c2 <__DATA_REGION_ORIGIN__+0x62>
    1bd6:	08 95       	ret

00001bd8 <USART_send>:
    1bd8:	e0 ec       	ldi	r30, 0xC0	; 192
    1bda:	f0 e0       	ldi	r31, 0x00	; 0
    1bdc:	90 81       	ld	r25, Z
    1bde:	95 ff       	sbrs	r25, 5
    1be0:	fd cf       	rjmp	.-6      	; 0x1bdc <USART_send+0x4>
    1be2:	80 93 c6 00 	sts	0x00C6, r24	; 0x8000c6 <__DATA_REGION_ORIGIN__+0x66>
    1be6:	08 95       	ret

00001be8 <USART_sendstr>:
    1be8:	cf 93       	push	r28
    1bea:	df 93       	push	r29
    1bec:	ec 01       	movw	r28, r24
    1bee:	88 81       	ld	r24, Y
    1bf0:	88 23       	and	r24, r24
    1bf2:	31 f0       	breq	.+12     	; 0x1c00 <USART_sendstr+0x18>
    1bf4:	21 96       	adiw	r28, 0x01	; 1
    1bf6:	0e 94 ec 0d 	call	0x1bd8	; 0x1bd8 <USART_send>
    1bfa:	89 91       	ld	r24, Y+
    1bfc:	81 11       	cpse	r24, r1
    1bfe:	fb cf       	rjmp	.-10     	; 0x1bf6 <USART_sendstr+0xe>
    1c00:	df 91       	pop	r29
    1c02:	cf 91       	pop	r28
    1c04:	08 95       	ret

00001c06 <USART_receive>:
    1c06:	e0 ec       	ldi	r30, 0xC0	; 192
    1c08:	f0 e0       	ldi	r31, 0x00	; 0
    1c0a:	80 81       	ld	r24, Z
    1c0c:	88 23       	and	r24, r24
    1c0e:	ec f7       	brge	.-6      	; 0x1c0a <USART_receive+0x4>
    1c10:	80 91 c6 00 	lds	r24, 0x00C6	; 0x8000c6 <__DATA_REGION_ORIGIN__+0x66>
    1c14:	08 95       	ret

00001c16 <__tablejump2__>:
    1c16:	ee 0f       	add	r30, r30
    1c18:	ff 1f       	adc	r31, r31
    1c1a:	05 90       	lpm	r0, Z+
    1c1c:	f4 91       	lpm	r31, Z
    1c1e:	e0 2d       	mov	r30, r0
    1c20:	09 94       	ijmp

00001c22 <memcpy>:
    1c22:	fb 01       	movw	r30, r22
    1c24:	dc 01       	movw	r26, r24
    1c26:	02 c0       	rjmp	.+4      	; 0x1c2c <memcpy+0xa>
    1c28:	01 90       	ld	r0, Z+
    1c2a:	0d 92       	st	X+, r0
    1c2c:	41 50       	subi	r20, 0x01	; 1
    1c2e:	50 40       	sbci	r21, 0x00	; 0
    1c30:	d8 f7       	brcc	.-10     	; 0x1c28 <memcpy+0x6>
    1c32:	08 95       	ret

00001c34 <_exit>:
    1c34:	f8 94       	cli

00001c36 <__stop_program>:
    1c36:	ff cf       	rjmp	.-2      	; 0x1c36 <__stop_program>
