
ArduinoUnoFreertos_6_1(2).elf:     file format elf32-avr

Sections:
Idx Name          Size      VMA       LMA       File off  Algn
  0 .data         0000006a  00800100  0000171c  000017b0  2**0
                  CONTENTS, ALLOC, LOAD, DATA
  1 .text         0000171c  00000000  00000000  00000094  2**1
                  CONTENTS, ALLOC, LOAD, READONLY, CODE
  2 .bss          0000064f  0080016a  0080016a  0000181a  2**0
                  ALLOC
  3 .comment      00000030  00000000  00000000  0000181a  2**0
                  CONTENTS, READONLY
  4 .note.gnu.avr.deviceinfo 00000040  00000000  00000000  0000184c  2**2
                  CONTENTS, READONLY
  5 .debug_aranges 000003a8  00000000  00000000  0000188c  2**0
                  CONTENTS, READONLY, DEBUGGING
  6 .debug_info   000046da  00000000  00000000  00001c34  2**0
                  CONTENTS, READONLY, DEBUGGING
  7 .debug_abbrev 000011bd  00000000  00000000  0000630e  2**0
                  CONTENTS, READONLY, DEBUGGING
  8 .debug_line   00002975  00000000  00000000  000074cb  2**0
                  CONTENTS, READONLY, DEBUGGING
  9 .debug_frame  00000b40  00000000  00000000  00009e40  2**2
                  CONTENTS, READONLY, DEBUGGING
 10 .debug_str    000016d6  00000000  00000000  0000a980  2**0
                  CONTENTS, READONLY, DEBUGGING
 11 .debug_loc    0000464e  00000000  00000000  0000c056  2**0
                  CONTENTS, READONLY, DEBUGGING
 12 .debug_ranges 000003b8  00000000  00000000  000106a4  2**0
                  CONTENTS, READONLY, DEBUGGING

Disassembly of section .text:

00000000 <__vectors>:
       0:	0c 94 34 00 	jmp	0x68	; 0x68 <__ctors_end>
       4:	0c 94 06 0b 	jmp	0x160c	; 0x160c <__vector_1>
       8:	0c 94 33 0b 	jmp	0x1666	; 0x1666 <__vector_2>
       c:	0c 94 51 00 	jmp	0xa2	; 0xa2 <__bad_interrupt>
      10:	0c 94 51 00 	jmp	0xa2	; 0xa2 <__bad_interrupt>
      14:	0c 94 51 00 	jmp	0xa2	; 0xa2 <__bad_interrupt>
      18:	0c 94 51 00 	jmp	0xa2	; 0xa2 <__bad_interrupt>
      1c:	0c 94 51 00 	jmp	0xa2	; 0xa2 <__bad_interrupt>
      20:	0c 94 51 00 	jmp	0xa2	; 0xa2 <__bad_interrupt>
      24:	0c 94 51 00 	jmp	0xa2	; 0xa2 <__bad_interrupt>
      28:	0c 94 51 00 	jmp	0xa2	; 0xa2 <__bad_interrupt>
      2c:	0c 94 c9 02 	jmp	0x592	; 0x592 <__vector_11>
      30:	0c 94 51 00 	jmp	0xa2	; 0xa2 <__bad_interrupt>
      34:	0c 94 51 00 	jmp	0xa2	; 0xa2 <__bad_interrupt>
      38:	0c 94 51 00 	jmp	0xa2	; 0xa2 <__bad_interrupt>
      3c:	0c 94 51 00 	jmp	0xa2	; 0xa2 <__bad_interrupt>
      40:	0c 94 51 00 	jmp	0xa2	; 0xa2 <__bad_interrupt>
      44:	0c 94 51 00 	jmp	0xa2	; 0xa2 <__bad_interrupt>
      48:	0c 94 51 00 	jmp	0xa2	; 0xa2 <__bad_interrupt>
      4c:	0c 94 51 00 	jmp	0xa2	; 0xa2 <__bad_interrupt>
      50:	0c 94 51 00 	jmp	0xa2	; 0xa2 <__bad_interrupt>
      54:	0c 94 51 00 	jmp	0xa2	; 0xa2 <__bad_interrupt>
      58:	0c 94 51 00 	jmp	0xa2	; 0xa2 <__bad_interrupt>
      5c:	0c 94 51 00 	jmp	0xa2	; 0xa2 <__bad_interrupt>
      60:	0c 94 51 00 	jmp	0xa2	; 0xa2 <__bad_interrupt>
      64:	0c 94 51 00 	jmp	0xa2	; 0xa2 <__bad_interrupt>

00000068 <__ctors_end>:
      68:	11 24       	eor	r1, r1
      6a:	1f be       	out	0x3f, r1	; 63
      6c:	cf ef       	ldi	r28, 0xFF	; 255
      6e:	d8 e0       	ldi	r29, 0x08	; 8
      70:	de bf       	out	0x3e, r29	; 62
      72:	cd bf       	out	0x3d, r28	; 61

00000074 <__do_copy_data>:
      74:	11 e0       	ldi	r17, 0x01	; 1
      76:	a0 e0       	ldi	r26, 0x00	; 0
      78:	b1 e0       	ldi	r27, 0x01	; 1
      7a:	ec e1       	ldi	r30, 0x1C	; 28
      7c:	f7 e1       	ldi	r31, 0x17	; 23
      7e:	02 c0       	rjmp	.+4      	; 0x84 <__do_copy_data+0x10>
      80:	05 90       	lpm	r0, Z+
      82:	0d 92       	st	X+, r0
      84:	aa 36       	cpi	r26, 0x6A	; 106
      86:	b1 07       	cpc	r27, r17
      88:	d9 f7       	brne	.-10     	; 0x80 <__do_copy_data+0xc>

0000008a <__do_clear_bss>:
      8a:	27 e0       	ldi	r18, 0x07	; 7
      8c:	aa e6       	ldi	r26, 0x6A	; 106
      8e:	b1 e0       	ldi	r27, 0x01	; 1
      90:	01 c0       	rjmp	.+2      	; 0x94 <.do_clear_bss_start>

00000092 <.do_clear_bss_loop>:
      92:	1d 92       	st	X+, r1

00000094 <.do_clear_bss_start>:
      94:	a9 3b       	cpi	r26, 0xB9	; 185
      96:	b2 07       	cpc	r27, r18
      98:	e1 f7       	brne	.-8      	; 0x92 <.do_clear_bss_loop>
      9a:	0e 94 bb 00 	call	0x176	; 0x176 <main>
      9e:	0c 94 8c 0b 	jmp	0x1718	; 0x1718 <_exit>

000000a2 <__bad_interrupt>:
      a2:	0c 94 00 00 	jmp	0	; 0x0 <__vectors>

000000a6 <TaskA>:

	while(1);
}

void TaskA(void *pvParameters)
{
      a6:	cf 93       	push	r28
      a8:	df 93       	push	r29
      aa:	cd b7       	in	r28, 0x3d	; 61
      ac:	de b7       	in	r29, 0x3e	; 62
      ae:	6e 97       	sbiw	r28, 0x1e	; 30
      b0:	0f b6       	in	r0, 0x3f	; 63
      b2:	f8 94       	cli
      b4:	de bf       	out	0x3e, r29	; 62
      b6:	0f be       	out	0x3f, r0	; 63
      b8:	cd bf       	out	0x3d, r28	; 61
	char buffer[30];

	while(1)
	{
		// take the semaphore
	if(xSemaphoreTake(xMutex , portMAX_DELAY))
      ba:	20 e0       	ldi	r18, 0x00	; 0
      bc:	4f ef       	ldi	r20, 0xFF	; 255
      be:	5f ef       	ldi	r21, 0xFF	; 255
      c0:	60 e0       	ldi	r22, 0x00	; 0
      c2:	70 e0       	ldi	r23, 0x00	; 0
      c4:	80 91 b7 07 	lds	r24, 0x07B7	; 0x8007b7 <xMutex>
      c8:	90 91 b8 07 	lds	r25, 0x07B8	; 0x8007b8 <xMutex+0x1>
      cc:	0e 94 2c 05 	call	0xa58	; 0xa58 <xQueueGenericReceive>
      d0:	88 23       	and	r24, r24
      d2:	c1 f0       	breq	.+48     	; 0x104 <TaskA+0x5e>
	{
	sprintf(buffer, "TaskA says hello12334567891011121314151617181920!\r\n");
      d4:	84 e3       	ldi	r24, 0x34	; 52
      d6:	e4 e0       	ldi	r30, 0x04	; 4
      d8:	f1 e0       	ldi	r31, 0x01	; 1
      da:	de 01       	movw	r26, r28
      dc:	11 96       	adiw	r26, 0x01	; 1
      de:	01 90       	ld	r0, Z+
      e0:	0d 92       	st	X+, r0
      e2:	8a 95       	dec	r24
      e4:	e1 f7       	brne	.-8      	; 0xde <TaskA+0x38>
			USART_sendstr(buffer);
      e6:	ce 01       	movw	r24, r28
      e8:	01 96       	adiw	r24, 0x01	; 1
      ea:	0e 94 74 0b 	call	0x16e8	; 0x16e8 <USART_sendstr>

	//give the semaphore
	xSemaphoreGive(xMutex);	
      ee:	20 e0       	ldi	r18, 0x00	; 0
      f0:	40 e0       	ldi	r20, 0x00	; 0
      f2:	50 e0       	ldi	r21, 0x00	; 0
      f4:	60 e0       	ldi	r22, 0x00	; 0
      f6:	70 e0       	ldi	r23, 0x00	; 0
      f8:	80 91 b7 07 	lds	r24, 0x07B7	; 0x8007b7 <xMutex>
      fc:	90 91 b8 07 	lds	r25, 0x07B8	; 0x8007b8 <xMutex+0x1>
     100:	0e 94 5f 04 	call	0x8be	; 0x8be <xQueueGenericSend>
	}
     // delay for 700
	 vTaskDelay(700);
     104:	8c eb       	ldi	r24, 0xBC	; 188
     106:	92 e0       	ldi	r25, 0x02	; 2
     108:	0e 94 cc 08 	call	0x1198	; 0x1198 <vTaskDelay>
		
	}
     10c:	d6 cf       	rjmp	.-84     	; 0xba <TaskA+0x14>

0000010e <TaskB>:
}


void TaskB(void *pvParameters)
{
     10e:	cf 93       	push	r28
     110:	df 93       	push	r29
     112:	cd b7       	in	r28, 0x3d	; 61
     114:	de b7       	in	r29, 0x3e	; 62
     116:	6e 97       	sbiw	r28, 0x1e	; 30
     118:	0f b6       	in	r0, 0x3f	; 63
     11a:	f8 94       	cli
     11c:	de bf       	out	0x3e, r29	; 62
     11e:	0f be       	out	0x3f, r0	; 63
     120:	cd bf       	out	0x3d, r28	; 61
	char buffer[30];

	while(1)
	{
		//take the semaphore inside the if
		if(xSemaphoreTake(xMutex , portMAX_DELAY))
     122:	20 e0       	ldi	r18, 0x00	; 0
     124:	4f ef       	ldi	r20, 0xFF	; 255
     126:	5f ef       	ldi	r21, 0xFF	; 255
     128:	60 e0       	ldi	r22, 0x00	; 0
     12a:	70 e0       	ldi	r23, 0x00	; 0
     12c:	80 91 b7 07 	lds	r24, 0x07B7	; 0x8007b7 <xMutex>
     130:	90 91 b8 07 	lds	r25, 0x07B8	; 0x8007b8 <xMutex+0x1>
     134:	0e 94 2c 05 	call	0xa58	; 0xa58 <xQueueGenericReceive>
     138:	88 23       	and	r24, r24
     13a:	c1 f0       	breq	.+48     	; 0x16c <TaskB+0x5e>
		{
			sprintf(buffer, "TaskB reporting!\r\n");
     13c:	83 e1       	ldi	r24, 0x13	; 19
     13e:	e8 e3       	ldi	r30, 0x38	; 56
     140:	f1 e0       	ldi	r31, 0x01	; 1
     142:	de 01       	movw	r26, r28
     144:	11 96       	adiw	r26, 0x01	; 1
     146:	01 90       	ld	r0, Z+
     148:	0d 92       	st	X+, r0
     14a:	8a 95       	dec	r24
     14c:	e1 f7       	brne	.-8      	; 0x146 <TaskB+0x38>
			USART_sendstr(buffer);
     14e:	ce 01       	movw	r24, r28
     150:	01 96       	adiw	r24, 0x01	; 1
     152:	0e 94 74 0b 	call	0x16e8	; 0x16e8 <USART_sendstr>

			// give the sempahore
			xSemaphoreGive(xMutex);	
     156:	20 e0       	ldi	r18, 0x00	; 0
     158:	40 e0       	ldi	r20, 0x00	; 0
     15a:	50 e0       	ldi	r21, 0x00	; 0
     15c:	60 e0       	ldi	r22, 0x00	; 0
     15e:	70 e0       	ldi	r23, 0x00	; 0
     160:	80 91 b7 07 	lds	r24, 0x07B7	; 0x8007b7 <xMutex>
     164:	90 91 b8 07 	lds	r25, 0x07B8	; 0x8007b8 <xMutex+0x1>
     168:	0e 94 5f 04 	call	0x8be	; 0x8be <xQueueGenericSend>
		}

	//delaay for 500
	vTaskDelay(500);
     16c:	84 ef       	ldi	r24, 0xF4	; 244
     16e:	91 e0       	ldi	r25, 0x01	; 1
     170:	0e 94 cc 08 	call	0x1198	; 0x1198 <vTaskDelay>
	}
     174:	d6 cf       	rjmp	.-84     	; 0x122 <TaskB+0x14>

00000176 <main>:
void TaskA(void *pvParameters);
void TaskB(void *pvParameters);

int main(void)
{
	USART_init();
     176:	0e 94 60 0b 	call	0x16c0	; 0x16c0 <USART_init>

	// Create MUTEX semaphore
	xMutex = xSemaphoreCreateMutex(); 
     17a:	81 e0       	ldi	r24, 0x01	; 1
     17c:	0e 94 00 05 	call	0xa00	; 0xa00 <xQueueCreateMutex>
     180:	90 93 b8 07 	sts	0x07B8, r25	; 0x8007b8 <xMutex+0x1>
     184:	80 93 b7 07 	sts	0x07B7, r24	; 0x8007b7 <xMutex>

	if(xMutex != NULL)
     188:	89 2b       	or	r24, r25
     18a:	e9 f0       	breq	.+58     	; 0x1c6 <main+0x50>
	{
		 // create taska
		 xTaskCreate(TaskA,"Task A",256,NULL,1,NULL);
     18c:	a1 2c       	mov	r10, r1
     18e:	b1 2c       	mov	r11, r1
     190:	c1 2c       	mov	r12, r1
     192:	d1 2c       	mov	r13, r1
     194:	e1 2c       	mov	r14, r1
     196:	f1 2c       	mov	r15, r1
     198:	01 e0       	ldi	r16, 0x01	; 1
     19a:	20 e0       	ldi	r18, 0x00	; 0
     19c:	30 e0       	ldi	r19, 0x00	; 0
     19e:	40 e0       	ldi	r20, 0x00	; 0
     1a0:	51 e0       	ldi	r21, 0x01	; 1
     1a2:	6b e4       	ldi	r22, 0x4B	; 75
     1a4:	71 e0       	ldi	r23, 0x01	; 1
     1a6:	83 e5       	ldi	r24, 0x53	; 83
     1a8:	90 e0       	ldi	r25, 0x00	; 0
     1aa:	0e 94 45 06 	call	0xc8a	; 0xc8a <xTaskGenericCreate>
		 //create taskb 
		xTaskCreate(TaskB,"Task B",256,NULL,1,NULL);
     1ae:	20 e0       	ldi	r18, 0x00	; 0
     1b0:	30 e0       	ldi	r19, 0x00	; 0
     1b2:	40 e0       	ldi	r20, 0x00	; 0
     1b4:	51 e0       	ldi	r21, 0x01	; 1
     1b6:	62 e5       	ldi	r22, 0x52	; 82
     1b8:	71 e0       	ldi	r23, 0x01	; 1
     1ba:	87 e8       	ldi	r24, 0x87	; 135
     1bc:	90 e0       	ldi	r25, 0x00	; 0
     1be:	0e 94 45 06 	call	0xc8a	; 0xc8a <xTaskGenericCreate>

		vTaskStartScheduler();
     1c2:	0e 94 58 07 	call	0xeb0	; 0xeb0 <vTaskStartScheduler>
     1c6:	ff cf       	rjmp	.-2      	; 0x1c6 <main+0x50>

000001c8 <vListInitialise>:
     1c8:	fc 01       	movw	r30, r24
     1ca:	03 96       	adiw	r24, 0x03	; 3
     1cc:	92 83       	std	Z+2, r25	; 0x02
     1ce:	81 83       	std	Z+1, r24	; 0x01
     1d0:	2f ef       	ldi	r18, 0xFF	; 255
     1d2:	3f ef       	ldi	r19, 0xFF	; 255
     1d4:	34 83       	std	Z+4, r19	; 0x04
     1d6:	23 83       	std	Z+3, r18	; 0x03
     1d8:	96 83       	std	Z+6, r25	; 0x06
     1da:	85 83       	std	Z+5, r24	; 0x05
     1dc:	90 87       	std	Z+8, r25	; 0x08
     1de:	87 83       	std	Z+7, r24	; 0x07
     1e0:	10 82       	st	Z, r1
     1e2:	08 95       	ret

000001e4 <vListInitialiseItem>:
     1e4:	fc 01       	movw	r30, r24
     1e6:	11 86       	std	Z+9, r1	; 0x09
     1e8:	10 86       	std	Z+8, r1	; 0x08
     1ea:	08 95       	ret

000001ec <vListInsertEnd>:
     1ec:	cf 93       	push	r28
     1ee:	df 93       	push	r29
     1f0:	9c 01       	movw	r18, r24
     1f2:	fb 01       	movw	r30, r22
     1f4:	dc 01       	movw	r26, r24
     1f6:	11 96       	adiw	r26, 0x01	; 1
     1f8:	cd 91       	ld	r28, X+
     1fa:	dc 91       	ld	r29, X
     1fc:	12 97       	sbiw	r26, 0x02	; 2
     1fe:	d3 83       	std	Z+3, r29	; 0x03
     200:	c2 83       	std	Z+2, r28	; 0x02
     202:	8c 81       	ldd	r24, Y+4	; 0x04
     204:	9d 81       	ldd	r25, Y+5	; 0x05
     206:	95 83       	std	Z+5, r25	; 0x05
     208:	84 83       	std	Z+4, r24	; 0x04
     20a:	8c 81       	ldd	r24, Y+4	; 0x04
     20c:	9d 81       	ldd	r25, Y+5	; 0x05
     20e:	dc 01       	movw	r26, r24
     210:	13 96       	adiw	r26, 0x03	; 3
     212:	7c 93       	st	X, r23
     214:	6e 93       	st	-X, r22
     216:	12 97       	sbiw	r26, 0x02	; 2
     218:	7d 83       	std	Y+5, r23	; 0x05
     21a:	6c 83       	std	Y+4, r22	; 0x04
     21c:	31 87       	std	Z+9, r19	; 0x09
     21e:	20 87       	std	Z+8, r18	; 0x08
     220:	f9 01       	movw	r30, r18
     222:	80 81       	ld	r24, Z
     224:	8f 5f       	subi	r24, 0xFF	; 255
     226:	80 83       	st	Z, r24
     228:	df 91       	pop	r29
     22a:	cf 91       	pop	r28
     22c:	08 95       	ret

0000022e <vListInsert>:
     22e:	cf 93       	push	r28
     230:	df 93       	push	r29
     232:	eb 01       	movw	r28, r22
     234:	48 81       	ld	r20, Y
     236:	59 81       	ldd	r21, Y+1	; 0x01
     238:	4f 3f       	cpi	r20, 0xFF	; 255
     23a:	2f ef       	ldi	r18, 0xFF	; 255
     23c:	52 07       	cpc	r21, r18
     23e:	21 f4       	brne	.+8      	; 0x248 <vListInsert+0x1a>
     240:	fc 01       	movw	r30, r24
     242:	a7 81       	ldd	r26, Z+7	; 0x07
     244:	b0 85       	ldd	r27, Z+8	; 0x08
     246:	0d c0       	rjmp	.+26     	; 0x262 <vListInsert+0x34>
     248:	dc 01       	movw	r26, r24
     24a:	13 96       	adiw	r26, 0x03	; 3
     24c:	01 c0       	rjmp	.+2      	; 0x250 <vListInsert+0x22>
     24e:	df 01       	movw	r26, r30
     250:	12 96       	adiw	r26, 0x02	; 2
     252:	ed 91       	ld	r30, X+
     254:	fc 91       	ld	r31, X
     256:	13 97       	sbiw	r26, 0x03	; 3
     258:	20 81       	ld	r18, Z
     25a:	31 81       	ldd	r19, Z+1	; 0x01
     25c:	42 17       	cp	r20, r18
     25e:	53 07       	cpc	r21, r19
     260:	b0 f7       	brcc	.-20     	; 0x24e <vListInsert+0x20>
     262:	12 96       	adiw	r26, 0x02	; 2
     264:	ed 91       	ld	r30, X+
     266:	fc 91       	ld	r31, X
     268:	13 97       	sbiw	r26, 0x03	; 3
     26a:	fb 83       	std	Y+3, r31	; 0x03
     26c:	ea 83       	std	Y+2, r30	; 0x02
     26e:	d5 83       	std	Z+5, r29	; 0x05
     270:	c4 83       	std	Z+4, r28	; 0x04
     272:	bd 83       	std	Y+5, r27	; 0x05
     274:	ac 83       	std	Y+4, r26	; 0x04
     276:	13 96       	adiw	r26, 0x03	; 3
     278:	dc 93       	st	X, r29
     27a:	ce 93       	st	-X, r28
     27c:	12 97       	sbiw	r26, 0x02	; 2
     27e:	99 87       	std	Y+9, r25	; 0x09
     280:	88 87       	std	Y+8, r24	; 0x08
     282:	fc 01       	movw	r30, r24
     284:	20 81       	ld	r18, Z
     286:	2f 5f       	subi	r18, 0xFF	; 255
     288:	20 83       	st	Z, r18
     28a:	df 91       	pop	r29
     28c:	cf 91       	pop	r28
     28e:	08 95       	ret

00000290 <uxListRemove>:
     290:	cf 93       	push	r28
     292:	df 93       	push	r29
     294:	fc 01       	movw	r30, r24
     296:	a0 85       	ldd	r26, Z+8	; 0x08
     298:	b1 85       	ldd	r27, Z+9	; 0x09
     29a:	c2 81       	ldd	r28, Z+2	; 0x02
     29c:	d3 81       	ldd	r29, Z+3	; 0x03
     29e:	84 81       	ldd	r24, Z+4	; 0x04
     2a0:	95 81       	ldd	r25, Z+5	; 0x05
     2a2:	9d 83       	std	Y+5, r25	; 0x05
     2a4:	8c 83       	std	Y+4, r24	; 0x04
     2a6:	c4 81       	ldd	r28, Z+4	; 0x04
     2a8:	d5 81       	ldd	r29, Z+5	; 0x05
     2aa:	82 81       	ldd	r24, Z+2	; 0x02
     2ac:	93 81       	ldd	r25, Z+3	; 0x03
     2ae:	9b 83       	std	Y+3, r25	; 0x03
     2b0:	8a 83       	std	Y+2, r24	; 0x02
     2b2:	11 96       	adiw	r26, 0x01	; 1
     2b4:	8d 91       	ld	r24, X+
     2b6:	9c 91       	ld	r25, X
     2b8:	12 97       	sbiw	r26, 0x02	; 2
     2ba:	e8 17       	cp	r30, r24
     2bc:	f9 07       	cpc	r31, r25
     2be:	31 f4       	brne	.+12     	; 0x2cc <uxListRemove+0x3c>
     2c0:	84 81       	ldd	r24, Z+4	; 0x04
     2c2:	95 81       	ldd	r25, Z+5	; 0x05
     2c4:	12 96       	adiw	r26, 0x02	; 2
     2c6:	9c 93       	st	X, r25
     2c8:	8e 93       	st	-X, r24
     2ca:	11 97       	sbiw	r26, 0x01	; 1
     2cc:	11 86       	std	Z+9, r1	; 0x09
     2ce:	10 86       	std	Z+8, r1	; 0x08
     2d0:	8c 91       	ld	r24, X
     2d2:	81 50       	subi	r24, 0x01	; 1
     2d4:	8c 93       	st	X, r24
     2d6:	df 91       	pop	r29
     2d8:	cf 91       	pop	r28
     2da:	08 95       	ret

000002dc <pxPortInitialiseStack>:
     2dc:	31 e1       	ldi	r19, 0x11	; 17
     2de:	fc 01       	movw	r30, r24
     2e0:	30 83       	st	Z, r19
     2e2:	31 97       	sbiw	r30, 0x01	; 1
     2e4:	22 e2       	ldi	r18, 0x22	; 34
     2e6:	20 83       	st	Z, r18
     2e8:	31 97       	sbiw	r30, 0x01	; 1
     2ea:	a3 e3       	ldi	r26, 0x33	; 51
     2ec:	a0 83       	st	Z, r26
     2ee:	31 97       	sbiw	r30, 0x01	; 1
     2f0:	60 83       	st	Z, r22
     2f2:	31 97       	sbiw	r30, 0x01	; 1
     2f4:	70 83       	st	Z, r23
     2f6:	31 97       	sbiw	r30, 0x01	; 1
     2f8:	10 82       	st	Z, r1
     2fa:	31 97       	sbiw	r30, 0x01	; 1
     2fc:	60 e8       	ldi	r22, 0x80	; 128
     2fe:	60 83       	st	Z, r22
     300:	31 97       	sbiw	r30, 0x01	; 1
     302:	10 82       	st	Z, r1
     304:	31 97       	sbiw	r30, 0x01	; 1
     306:	62 e0       	ldi	r22, 0x02	; 2
     308:	60 83       	st	Z, r22
     30a:	31 97       	sbiw	r30, 0x01	; 1
     30c:	63 e0       	ldi	r22, 0x03	; 3
     30e:	60 83       	st	Z, r22
     310:	31 97       	sbiw	r30, 0x01	; 1
     312:	64 e0       	ldi	r22, 0x04	; 4
     314:	60 83       	st	Z, r22
     316:	31 97       	sbiw	r30, 0x01	; 1
     318:	65 e0       	ldi	r22, 0x05	; 5
     31a:	60 83       	st	Z, r22
     31c:	31 97       	sbiw	r30, 0x01	; 1
     31e:	66 e0       	ldi	r22, 0x06	; 6
     320:	60 83       	st	Z, r22
     322:	31 97       	sbiw	r30, 0x01	; 1
     324:	67 e0       	ldi	r22, 0x07	; 7
     326:	60 83       	st	Z, r22
     328:	31 97       	sbiw	r30, 0x01	; 1
     32a:	68 e0       	ldi	r22, 0x08	; 8
     32c:	60 83       	st	Z, r22
     32e:	31 97       	sbiw	r30, 0x01	; 1
     330:	69 e0       	ldi	r22, 0x09	; 9
     332:	60 83       	st	Z, r22
     334:	31 97       	sbiw	r30, 0x01	; 1
     336:	60 e1       	ldi	r22, 0x10	; 16
     338:	60 83       	st	Z, r22
     33a:	31 97       	sbiw	r30, 0x01	; 1
     33c:	30 83       	st	Z, r19
     33e:	31 97       	sbiw	r30, 0x01	; 1
     340:	32 e1       	ldi	r19, 0x12	; 18
     342:	30 83       	st	Z, r19
     344:	31 97       	sbiw	r30, 0x01	; 1
     346:	33 e1       	ldi	r19, 0x13	; 19
     348:	30 83       	st	Z, r19
     34a:	31 97       	sbiw	r30, 0x01	; 1
     34c:	34 e1       	ldi	r19, 0x14	; 20
     34e:	30 83       	st	Z, r19
     350:	31 97       	sbiw	r30, 0x01	; 1
     352:	35 e1       	ldi	r19, 0x15	; 21
     354:	30 83       	st	Z, r19
     356:	31 97       	sbiw	r30, 0x01	; 1
     358:	36 e1       	ldi	r19, 0x16	; 22
     35a:	30 83       	st	Z, r19
     35c:	31 97       	sbiw	r30, 0x01	; 1
     35e:	37 e1       	ldi	r19, 0x17	; 23
     360:	30 83       	st	Z, r19
     362:	31 97       	sbiw	r30, 0x01	; 1
     364:	38 e1       	ldi	r19, 0x18	; 24
     366:	30 83       	st	Z, r19
     368:	31 97       	sbiw	r30, 0x01	; 1
     36a:	39 e1       	ldi	r19, 0x19	; 25
     36c:	30 83       	st	Z, r19
     36e:	31 97       	sbiw	r30, 0x01	; 1
     370:	30 e2       	ldi	r19, 0x20	; 32
     372:	30 83       	st	Z, r19
     374:	31 97       	sbiw	r30, 0x01	; 1
     376:	31 e2       	ldi	r19, 0x21	; 33
     378:	30 83       	st	Z, r19
     37a:	31 97       	sbiw	r30, 0x01	; 1
     37c:	20 83       	st	Z, r18
     37e:	31 97       	sbiw	r30, 0x01	; 1
     380:	23 e2       	ldi	r18, 0x23	; 35
     382:	20 83       	st	Z, r18
     384:	31 97       	sbiw	r30, 0x01	; 1
     386:	40 83       	st	Z, r20
     388:	31 97       	sbiw	r30, 0x01	; 1
     38a:	50 83       	st	Z, r21
     38c:	31 97       	sbiw	r30, 0x01	; 1
     38e:	26 e2       	ldi	r18, 0x26	; 38
     390:	20 83       	st	Z, r18
     392:	31 97       	sbiw	r30, 0x01	; 1
     394:	27 e2       	ldi	r18, 0x27	; 39
     396:	20 83       	st	Z, r18
     398:	31 97       	sbiw	r30, 0x01	; 1
     39a:	28 e2       	ldi	r18, 0x28	; 40
     39c:	20 83       	st	Z, r18
     39e:	31 97       	sbiw	r30, 0x01	; 1
     3a0:	29 e2       	ldi	r18, 0x29	; 41
     3a2:	20 83       	st	Z, r18
     3a4:	31 97       	sbiw	r30, 0x01	; 1
     3a6:	20 e3       	ldi	r18, 0x30	; 48
     3a8:	20 83       	st	Z, r18
     3aa:	31 97       	sbiw	r30, 0x01	; 1
     3ac:	21 e3       	ldi	r18, 0x31	; 49
     3ae:	20 83       	st	Z, r18
     3b0:	86 97       	sbiw	r24, 0x26	; 38
     3b2:	08 95       	ret

000003b4 <xPortStartScheduler>:
     3b4:	10 92 89 00 	sts	0x0089, r1	; 0x800089 <__DATA_REGION_ORIGIN__+0x29>
     3b8:	8c e7       	ldi	r24, 0x7C	; 124
     3ba:	80 93 88 00 	sts	0x0088, r24	; 0x800088 <__DATA_REGION_ORIGIN__+0x28>
     3be:	8b e0       	ldi	r24, 0x0B	; 11
     3c0:	80 93 81 00 	sts	0x0081, r24	; 0x800081 <__DATA_REGION_ORIGIN__+0x21>
     3c4:	ef e6       	ldi	r30, 0x6F	; 111
     3c6:	f0 e0       	ldi	r31, 0x00	; 0
     3c8:	80 81       	ld	r24, Z
     3ca:	82 60       	ori	r24, 0x02	; 2
     3cc:	80 83       	st	Z, r24
     3ce:	a0 91 b1 07 	lds	r26, 0x07B1	; 0x8007b1 <pxCurrentTCB>
     3d2:	b0 91 b2 07 	lds	r27, 0x07B2	; 0x8007b2 <pxCurrentTCB+0x1>
     3d6:	cd 91       	ld	r28, X+
     3d8:	cd bf       	out	0x3d, r28	; 61
     3da:	dd 91       	ld	r29, X+
     3dc:	de bf       	out	0x3e, r29	; 62
     3de:	ff 91       	pop	r31
     3e0:	ef 91       	pop	r30
     3e2:	df 91       	pop	r29
     3e4:	cf 91       	pop	r28
     3e6:	bf 91       	pop	r27
     3e8:	af 91       	pop	r26
     3ea:	9f 91       	pop	r25
     3ec:	8f 91       	pop	r24
     3ee:	7f 91       	pop	r23
     3f0:	6f 91       	pop	r22
     3f2:	5f 91       	pop	r21
     3f4:	4f 91       	pop	r20
     3f6:	3f 91       	pop	r19
     3f8:	2f 91       	pop	r18
     3fa:	1f 91       	pop	r17
     3fc:	0f 91       	pop	r16
     3fe:	ff 90       	pop	r15
     400:	ef 90       	pop	r14
     402:	df 90       	pop	r13
     404:	cf 90       	pop	r12
     406:	bf 90       	pop	r11
     408:	af 90       	pop	r10
     40a:	9f 90       	pop	r9
     40c:	8f 90       	pop	r8
     40e:	7f 90       	pop	r7
     410:	6f 90       	pop	r6
     412:	5f 90       	pop	r5
     414:	4f 90       	pop	r4
     416:	3f 90       	pop	r3
     418:	2f 90       	pop	r2
     41a:	1f 90       	pop	r1
     41c:	0f 90       	pop	r0
     41e:	0f be       	out	0x3f, r0	; 63
     420:	0f 90       	pop	r0
     422:	08 95       	ret
     424:	81 e0       	ldi	r24, 0x01	; 1
     426:	08 95       	ret

00000428 <vPortYield>:
     428:	0f 92       	push	r0
     42a:	0f b6       	in	r0, 0x3f	; 63
     42c:	f8 94       	cli
     42e:	0f 92       	push	r0
     430:	1f 92       	push	r1
     432:	11 24       	eor	r1, r1
     434:	2f 92       	push	r2
     436:	3f 92       	push	r3
     438:	4f 92       	push	r4
     43a:	5f 92       	push	r5
     43c:	6f 92       	push	r6
     43e:	7f 92       	push	r7
     440:	8f 92       	push	r8
     442:	9f 92       	push	r9
     444:	af 92       	push	r10
     446:	bf 92       	push	r11
     448:	cf 92       	push	r12
     44a:	df 92       	push	r13
     44c:	ef 92       	push	r14
     44e:	ff 92       	push	r15
     450:	0f 93       	push	r16
     452:	1f 93       	push	r17
     454:	2f 93       	push	r18
     456:	3f 93       	push	r19
     458:	4f 93       	push	r20
     45a:	5f 93       	push	r21
     45c:	6f 93       	push	r22
     45e:	7f 93       	push	r23
     460:	8f 93       	push	r24
     462:	9f 93       	push	r25
     464:	af 93       	push	r26
     466:	bf 93       	push	r27
     468:	cf 93       	push	r28
     46a:	df 93       	push	r29
     46c:	ef 93       	push	r30
     46e:	ff 93       	push	r31
     470:	a0 91 b1 07 	lds	r26, 0x07B1	; 0x8007b1 <pxCurrentTCB>
     474:	b0 91 b2 07 	lds	r27, 0x07B2	; 0x8007b2 <pxCurrentTCB+0x1>
     478:	0d b6       	in	r0, 0x3d	; 61
     47a:	0d 92       	st	X+, r0
     47c:	0e b6       	in	r0, 0x3e	; 62
     47e:	0d 92       	st	X+, r0
     480:	0e 94 29 09 	call	0x1252	; 0x1252 <vTaskSwitchContext>
     484:	a0 91 b1 07 	lds	r26, 0x07B1	; 0x8007b1 <pxCurrentTCB>
     488:	b0 91 b2 07 	lds	r27, 0x07B2	; 0x8007b2 <pxCurrentTCB+0x1>
     48c:	cd 91       	ld	r28, X+
     48e:	cd bf       	out	0x3d, r28	; 61
     490:	dd 91       	ld	r29, X+
     492:	de bf       	out	0x3e, r29	; 62
     494:	ff 91       	pop	r31
     496:	ef 91       	pop	r30
     498:	df 91       	pop	r29
     49a:	cf 91       	pop	r28
     49c:	bf 91       	pop	r27
     49e:	af 91       	pop	r26
     4a0:	9f 91       	pop	r25
     4a2:	8f 91       	pop	r24
     4a4:	7f 91       	pop	r23
     4a6:	6f 91       	pop	r22
     4a8:	5f 91       	pop	r21
     4aa:	4f 91       	pop	r20
     4ac:	3f 91       	pop	r19
     4ae:	2f 91       	pop	r18
     4b0:	1f 91       	pop	r17
     4b2:	0f 91       	pop	r16
     4b4:	ff 90       	pop	r15
     4b6:	ef 90       	pop	r14
     4b8:	df 90       	pop	r13
     4ba:	cf 90       	pop	r12
     4bc:	bf 90       	pop	r11
     4be:	af 90       	pop	r10
     4c0:	9f 90       	pop	r9
     4c2:	8f 90       	pop	r8
     4c4:	7f 90       	pop	r7
     4c6:	6f 90       	pop	r6
     4c8:	5f 90       	pop	r5
     4ca:	4f 90       	pop	r4
     4cc:	3f 90       	pop	r3
     4ce:	2f 90       	pop	r2
     4d0:	1f 90       	pop	r1
     4d2:	0f 90       	pop	r0
     4d4:	0f be       	out	0x3f, r0	; 63
     4d6:	0f 90       	pop	r0
     4d8:	08 95       	ret

000004da <vPortYieldFromTick>:
     4da:	0f 92       	push	r0
     4dc:	0f b6       	in	r0, 0x3f	; 63
     4de:	f8 94       	cli
     4e0:	0f 92       	push	r0
     4e2:	1f 92       	push	r1
     4e4:	11 24       	eor	r1, r1
     4e6:	2f 92       	push	r2
     4e8:	3f 92       	push	r3
     4ea:	4f 92       	push	r4
     4ec:	5f 92       	push	r5
     4ee:	6f 92       	push	r6
     4f0:	7f 92       	push	r7
     4f2:	8f 92       	push	r8
     4f4:	9f 92       	push	r9
     4f6:	af 92       	push	r10
     4f8:	bf 92       	push	r11
     4fa:	cf 92       	push	r12
     4fc:	df 92       	push	r13
     4fe:	ef 92       	push	r14
     500:	ff 92       	push	r15
     502:	0f 93       	push	r16
     504:	1f 93       	push	r17
     506:	2f 93       	push	r18
     508:	3f 93       	push	r19
     50a:	4f 93       	push	r20
     50c:	5f 93       	push	r21
     50e:	6f 93       	push	r22
     510:	7f 93       	push	r23
     512:	8f 93       	push	r24
     514:	9f 93       	push	r25
     516:	af 93       	push	r26
     518:	bf 93       	push	r27
     51a:	cf 93       	push	r28
     51c:	df 93       	push	r29
     51e:	ef 93       	push	r30
     520:	ff 93       	push	r31
     522:	a0 91 b1 07 	lds	r26, 0x07B1	; 0x8007b1 <pxCurrentTCB>
     526:	b0 91 b2 07 	lds	r27, 0x07B2	; 0x8007b2 <pxCurrentTCB+0x1>
     52a:	0d b6       	in	r0, 0x3d	; 61
     52c:	0d 92       	st	X+, r0
     52e:	0e b6       	in	r0, 0x3e	; 62
     530:	0d 92       	st	X+, r0
     532:	0e 94 8d 07 	call	0xf1a	; 0xf1a <xTaskIncrementTick>
     536:	81 11       	cpse	r24, r1
     538:	0e 94 29 09 	call	0x1252	; 0x1252 <vTaskSwitchContext>
     53c:	a0 91 b1 07 	lds	r26, 0x07B1	; 0x8007b1 <pxCurrentTCB>
     540:	b0 91 b2 07 	lds	r27, 0x07B2	; 0x8007b2 <pxCurrentTCB+0x1>
     544:	cd 91       	ld	r28, X+
     546:	cd bf       	out	0x3d, r28	; 61
     548:	dd 91       	ld	r29, X+
     54a:	de bf       	out	0x3e, r29	; 62
     54c:	ff 91       	pop	r31
     54e:	ef 91       	pop	r30
     550:	df 91       	pop	r29
     552:	cf 91       	pop	r28
     554:	bf 91       	pop	r27
     556:	af 91       	pop	r26
     558:	9f 91       	pop	r25
     55a:	8f 91       	pop	r24
     55c:	7f 91       	pop	r23
     55e:	6f 91       	pop	r22
     560:	5f 91       	pop	r21
     562:	4f 91       	pop	r20
     564:	3f 91       	pop	r19
     566:	2f 91       	pop	r18
     568:	1f 91       	pop	r17
     56a:	0f 91       	pop	r16
     56c:	ff 90       	pop	r15
     56e:	ef 90       	pop	r14
     570:	df 90       	pop	r13
     572:	cf 90       	pop	r12
     574:	bf 90       	pop	r11
     576:	af 90       	pop	r10
     578:	9f 90       	pop	r9
     57a:	8f 90       	pop	r8
     57c:	7f 90       	pop	r7
     57e:	6f 90       	pop	r6
     580:	5f 90       	pop	r5
     582:	4f 90       	pop	r4
     584:	3f 90       	pop	r3
     586:	2f 90       	pop	r2
     588:	1f 90       	pop	r1
     58a:	0f 90       	pop	r0
     58c:	0f be       	out	0x3f, r0	; 63
     58e:	0f 90       	pop	r0
     590:	08 95       	ret

00000592 <__vector_11>:
     592:	0e 94 6d 02 	call	0x4da	; 0x4da <vPortYieldFromTick>
     596:	18 95       	reti

00000598 <pvPortMalloc>:
     598:	0f 93       	push	r16
     59a:	1f 93       	push	r17
     59c:	cf 93       	push	r28
     59e:	df 93       	push	r29
     5a0:	ec 01       	movw	r28, r24
     5a2:	0e 94 87 07 	call	0xf0e	; 0xf0e <vTaskSuspendAll>
     5a6:	80 91 6a 01 	lds	r24, 0x016A	; 0x80016a <__data_end>
     5aa:	81 11       	cpse	r24, r1
     5ac:	1d c0       	rjmp	.+58     	; 0x5e8 <pvPortMalloc+0x50>
     5ae:	ef e6       	ldi	r30, 0x6F	; 111
     5b0:	f1 e0       	ldi	r31, 0x01	; 1
     5b2:	84 e7       	ldi	r24, 0x74	; 116
     5b4:	91 e0       	ldi	r25, 0x01	; 1
     5b6:	91 83       	std	Z+1, r25	; 0x01
     5b8:	80 83       	st	Z, r24
     5ba:	13 82       	std	Z+3, r1	; 0x03
     5bc:	12 82       	std	Z+2, r1	; 0x02
     5be:	eb e6       	ldi	r30, 0x6B	; 107
     5c0:	f1 e0       	ldi	r31, 0x01	; 1
     5c2:	8b ed       	ldi	r24, 0xDB	; 219
     5c4:	95 e0       	ldi	r25, 0x05	; 5
     5c6:	93 83       	std	Z+3, r25	; 0x03
     5c8:	82 83       	std	Z+2, r24	; 0x02
     5ca:	11 82       	std	Z+1, r1	; 0x01
     5cc:	10 82       	st	Z, r1
     5ce:	a3 e7       	ldi	r26, 0x73	; 115
     5d0:	b1 e0       	ldi	r27, 0x01	; 1
     5d2:	14 96       	adiw	r26, 0x04	; 4
     5d4:	9c 93       	st	X, r25
     5d6:	8e 93       	st	-X, r24
     5d8:	13 97       	sbiw	r26, 0x03	; 3
     5da:	12 96       	adiw	r26, 0x02	; 2
     5dc:	fc 93       	st	X, r31
     5de:	ee 93       	st	-X, r30
     5e0:	11 97       	sbiw	r26, 0x01	; 1
     5e2:	81 e0       	ldi	r24, 0x01	; 1
     5e4:	80 93 6a 01 	sts	0x016A, r24	; 0x80016a <__data_end>
     5e8:	20 97       	sbiw	r28, 0x00	; 0
     5ea:	09 f4       	brne	.+2      	; 0x5ee <pvPortMalloc+0x56>
     5ec:	5f c0       	rjmp	.+190    	; 0x6ac <pvPortMalloc+0x114>
     5ee:	9e 01       	movw	r18, r28
     5f0:	2c 5f       	subi	r18, 0xFC	; 252
     5f2:	3f 4f       	sbci	r19, 0xFF	; 255
     5f4:	23 96       	adiw	r28, 0x03	; 3
     5f6:	ca 3d       	cpi	r28, 0xDA	; 218
     5f8:	d5 40       	sbci	r29, 0x05	; 5
     5fa:	08 f0       	brcs	.+2      	; 0x5fe <pvPortMalloc+0x66>
     5fc:	5a c0       	rjmp	.+180    	; 0x6b2 <pvPortMalloc+0x11a>
     5fe:	e0 91 6f 01 	lds	r30, 0x016F	; 0x80016f <xStart>
     602:	f0 91 70 01 	lds	r31, 0x0170	; 0x800170 <xStart+0x1>
     606:	af e6       	ldi	r26, 0x6F	; 111
     608:	b1 e0       	ldi	r27, 0x01	; 1
     60a:	02 c0       	rjmp	.+4      	; 0x610 <pvPortMalloc+0x78>
     60c:	df 01       	movw	r26, r30
     60e:	fc 01       	movw	r30, r24
     610:	82 81       	ldd	r24, Z+2	; 0x02
     612:	93 81       	ldd	r25, Z+3	; 0x03
     614:	82 17       	cp	r24, r18
     616:	93 07       	cpc	r25, r19
     618:	20 f4       	brcc	.+8      	; 0x622 <pvPortMalloc+0x8a>
     61a:	80 81       	ld	r24, Z
     61c:	91 81       	ldd	r25, Z+1	; 0x01
     61e:	00 97       	sbiw	r24, 0x00	; 0
     620:	a9 f7       	brne	.-22     	; 0x60c <pvPortMalloc+0x74>
     622:	c1 e0       	ldi	r28, 0x01	; 1
     624:	eb 36       	cpi	r30, 0x6B	; 107
     626:	fc 07       	cpc	r31, r28
     628:	09 f4       	brne	.+2      	; 0x62c <pvPortMalloc+0x94>
     62a:	46 c0       	rjmp	.+140    	; 0x6b8 <pvPortMalloc+0x120>
     62c:	cd 91       	ld	r28, X+
     62e:	dc 91       	ld	r29, X
     630:	11 97       	sbiw	r26, 0x01	; 1
     632:	8e 01       	movw	r16, r28
     634:	0c 5f       	subi	r16, 0xFC	; 252
     636:	1f 4f       	sbci	r17, 0xFF	; 255
     638:	80 81       	ld	r24, Z
     63a:	91 81       	ldd	r25, Z+1	; 0x01
     63c:	8d 93       	st	X+, r24
     63e:	9c 93       	st	X, r25
     640:	82 81       	ldd	r24, Z+2	; 0x02
     642:	93 81       	ldd	r25, Z+3	; 0x03
     644:	82 1b       	sub	r24, r18
     646:	93 0b       	sbc	r25, r19
     648:	89 30       	cpi	r24, 0x09	; 9
     64a:	91 05       	cpc	r25, r1
     64c:	10 f1       	brcs	.+68     	; 0x692 <pvPortMalloc+0xfa>
     64e:	bf 01       	movw	r22, r30
     650:	62 0f       	add	r22, r18
     652:	73 1f       	adc	r23, r19
     654:	db 01       	movw	r26, r22
     656:	13 96       	adiw	r26, 0x03	; 3
     658:	9c 93       	st	X, r25
     65a:	8e 93       	st	-X, r24
     65c:	12 97       	sbiw	r26, 0x02	; 2
     65e:	33 83       	std	Z+3, r19	; 0x03
     660:	22 83       	std	Z+2, r18	; 0x02
     662:	12 96       	adiw	r26, 0x02	; 2
     664:	4d 91       	ld	r20, X+
     666:	5c 91       	ld	r21, X
     668:	13 97       	sbiw	r26, 0x03	; 3
     66a:	8f e6       	ldi	r24, 0x6F	; 111
     66c:	91 e0       	ldi	r25, 0x01	; 1
     66e:	01 c0       	rjmp	.+2      	; 0x672 <pvPortMalloc+0xda>
     670:	cd 01       	movw	r24, r26
     672:	ec 01       	movw	r28, r24
     674:	a8 81       	ld	r26, Y
     676:	b9 81       	ldd	r27, Y+1	; 0x01
     678:	12 96       	adiw	r26, 0x02	; 2
     67a:	2d 91       	ld	r18, X+
     67c:	3c 91       	ld	r19, X
     67e:	13 97       	sbiw	r26, 0x03	; 3
     680:	24 17       	cp	r18, r20
     682:	35 07       	cpc	r19, r21
     684:	a8 f3       	brcs	.-22     	; 0x670 <pvPortMalloc+0xd8>
     686:	eb 01       	movw	r28, r22
     688:	b9 83       	std	Y+1, r27	; 0x01
     68a:	a8 83       	st	Y, r26
     68c:	dc 01       	movw	r26, r24
     68e:	6d 93       	st	X+, r22
     690:	7c 93       	st	X, r23
     692:	80 91 00 01 	lds	r24, 0x0100	; 0x800100 <__data_start>
     696:	90 91 01 01 	lds	r25, 0x0101	; 0x800101 <__data_start+0x1>
     69a:	22 81       	ldd	r18, Z+2	; 0x02
     69c:	33 81       	ldd	r19, Z+3	; 0x03
     69e:	82 1b       	sub	r24, r18
     6a0:	93 0b       	sbc	r25, r19
     6a2:	90 93 01 01 	sts	0x0101, r25	; 0x800101 <__data_start+0x1>
     6a6:	80 93 00 01 	sts	0x0100, r24	; 0x800100 <__data_start>
     6aa:	08 c0       	rjmp	.+16     	; 0x6bc <pvPortMalloc+0x124>
     6ac:	00 e0       	ldi	r16, 0x00	; 0
     6ae:	10 e0       	ldi	r17, 0x00	; 0
     6b0:	05 c0       	rjmp	.+10     	; 0x6bc <pvPortMalloc+0x124>
     6b2:	00 e0       	ldi	r16, 0x00	; 0
     6b4:	10 e0       	ldi	r17, 0x00	; 0
     6b6:	02 c0       	rjmp	.+4      	; 0x6bc <pvPortMalloc+0x124>
     6b8:	00 e0       	ldi	r16, 0x00	; 0
     6ba:	10 e0       	ldi	r17, 0x00	; 0
     6bc:	0e 94 4a 08 	call	0x1094	; 0x1094 <xTaskResumeAll>
     6c0:	c8 01       	movw	r24, r16
     6c2:	df 91       	pop	r29
     6c4:	cf 91       	pop	r28
     6c6:	1f 91       	pop	r17
     6c8:	0f 91       	pop	r16
     6ca:	08 95       	ret

000006cc <vPortFree>:
     6cc:	0f 93       	push	r16
     6ce:	1f 93       	push	r17
     6d0:	cf 93       	push	r28
     6d2:	df 93       	push	r29
     6d4:	00 97       	sbiw	r24, 0x00	; 0
     6d6:	41 f1       	breq	.+80     	; 0x728 <vPortFree+0x5c>
     6d8:	ec 01       	movw	r28, r24
     6da:	8c 01       	movw	r16, r24
     6dc:	04 50       	subi	r16, 0x04	; 4
     6de:	11 09       	sbc	r17, r1
     6e0:	0e 94 87 07 	call	0xf0e	; 0xf0e <vTaskSuspendAll>
     6e4:	f8 01       	movw	r30, r16
     6e6:	42 81       	ldd	r20, Z+2	; 0x02
     6e8:	53 81       	ldd	r21, Z+3	; 0x03
     6ea:	af e6       	ldi	r26, 0x6F	; 111
     6ec:	b1 e0       	ldi	r27, 0x01	; 1
     6ee:	01 c0       	rjmp	.+2      	; 0x6f2 <vPortFree+0x26>
     6f0:	df 01       	movw	r26, r30
     6f2:	ed 91       	ld	r30, X+
     6f4:	fc 91       	ld	r31, X
     6f6:	11 97       	sbiw	r26, 0x01	; 1
     6f8:	22 81       	ldd	r18, Z+2	; 0x02
     6fa:	33 81       	ldd	r19, Z+3	; 0x03
     6fc:	24 17       	cp	r18, r20
     6fe:	35 07       	cpc	r19, r21
     700:	b8 f3       	brcs	.-18     	; 0x6f0 <vPortFree+0x24>
     702:	24 97       	sbiw	r28, 0x04	; 4
     704:	f9 83       	std	Y+1, r31	; 0x01
     706:	e8 83       	st	Y, r30
     708:	0d 93       	st	X+, r16
     70a:	1c 93       	st	X, r17
     70c:	20 91 00 01 	lds	r18, 0x0100	; 0x800100 <__data_start>
     710:	30 91 01 01 	lds	r19, 0x0101	; 0x800101 <__data_start+0x1>
     714:	8a 81       	ldd	r24, Y+2	; 0x02
     716:	9b 81       	ldd	r25, Y+3	; 0x03
     718:	82 0f       	add	r24, r18
     71a:	93 1f       	adc	r25, r19
     71c:	90 93 01 01 	sts	0x0101, r25	; 0x800101 <__data_start+0x1>
     720:	80 93 00 01 	sts	0x0100, r24	; 0x800100 <__data_start>
     724:	0e 94 4a 08 	call	0x1094	; 0x1094 <xTaskResumeAll>
     728:	df 91       	pop	r29
     72a:	cf 91       	pop	r28
     72c:	1f 91       	pop	r17
     72e:	0f 91       	pop	r16
     730:	08 95       	ret

00000732 <prvCopyDataToQueue>:
     732:	1f 93       	push	r17
     734:	cf 93       	push	r28
     736:	df 93       	push	r29
     738:	ec 01       	movw	r28, r24
     73a:	14 2f       	mov	r17, r20
     73c:	4c 8d       	ldd	r20, Y+28	; 0x1c
     73e:	41 11       	cpse	r20, r1
     740:	0c c0       	rjmp	.+24     	; 0x75a <prvCopyDataToQueue+0x28>
     742:	88 81       	ld	r24, Y
     744:	99 81       	ldd	r25, Y+1	; 0x01
     746:	89 2b       	or	r24, r25
     748:	09 f0       	breq	.+2      	; 0x74c <prvCopyDataToQueue+0x1a>
     74a:	45 c0       	rjmp	.+138    	; 0x7d6 <prvCopyDataToQueue+0xa4>
     74c:	8a 81       	ldd	r24, Y+2	; 0x02
     74e:	9b 81       	ldd	r25, Y+3	; 0x03
     750:	0e 94 b4 0a 	call	0x1568	; 0x1568 <xTaskPriorityDisinherit>
     754:	1b 82       	std	Y+3, r1	; 0x03
     756:	1a 82       	std	Y+2, r1	; 0x02
     758:	45 c0       	rjmp	.+138    	; 0x7e4 <prvCopyDataToQueue+0xb2>
     75a:	11 11       	cpse	r17, r1
     75c:	17 c0       	rjmp	.+46     	; 0x78c <prvCopyDataToQueue+0x5a>
     75e:	50 e0       	ldi	r21, 0x00	; 0
     760:	8c 81       	ldd	r24, Y+4	; 0x04
     762:	9d 81       	ldd	r25, Y+5	; 0x05
     764:	0e 94 83 0b 	call	0x1706	; 0x1706 <memcpy>
     768:	2c 8d       	ldd	r18, Y+28	; 0x1c
     76a:	8c 81       	ldd	r24, Y+4	; 0x04
     76c:	9d 81       	ldd	r25, Y+5	; 0x05
     76e:	82 0f       	add	r24, r18
     770:	91 1d       	adc	r25, r1
     772:	9d 83       	std	Y+5, r25	; 0x05
     774:	8c 83       	std	Y+4, r24	; 0x04
     776:	2a 81       	ldd	r18, Y+2	; 0x02
     778:	3b 81       	ldd	r19, Y+3	; 0x03
     77a:	82 17       	cp	r24, r18
     77c:	93 07       	cpc	r25, r19
     77e:	68 f1       	brcs	.+90     	; 0x7da <prvCopyDataToQueue+0xa8>
     780:	88 81       	ld	r24, Y
     782:	99 81       	ldd	r25, Y+1	; 0x01
     784:	9d 83       	std	Y+5, r25	; 0x05
     786:	8c 83       	std	Y+4, r24	; 0x04
     788:	80 e0       	ldi	r24, 0x00	; 0
     78a:	2c c0       	rjmp	.+88     	; 0x7e4 <prvCopyDataToQueue+0xb2>
     78c:	50 e0       	ldi	r21, 0x00	; 0
     78e:	8e 81       	ldd	r24, Y+6	; 0x06
     790:	9f 81       	ldd	r25, Y+7	; 0x07
     792:	0e 94 83 0b 	call	0x1706	; 0x1706 <memcpy>
     796:	8c 8d       	ldd	r24, Y+28	; 0x1c
     798:	90 e0       	ldi	r25, 0x00	; 0
     79a:	91 95       	neg	r25
     79c:	81 95       	neg	r24
     79e:	91 09       	sbc	r25, r1
     7a0:	2e 81       	ldd	r18, Y+6	; 0x06
     7a2:	3f 81       	ldd	r19, Y+7	; 0x07
     7a4:	28 0f       	add	r18, r24
     7a6:	39 1f       	adc	r19, r25
     7a8:	3f 83       	std	Y+7, r19	; 0x07
     7aa:	2e 83       	std	Y+6, r18	; 0x06
     7ac:	48 81       	ld	r20, Y
     7ae:	59 81       	ldd	r21, Y+1	; 0x01
     7b0:	24 17       	cp	r18, r20
     7b2:	35 07       	cpc	r19, r21
     7b4:	30 f4       	brcc	.+12     	; 0x7c2 <prvCopyDataToQueue+0x90>
     7b6:	2a 81       	ldd	r18, Y+2	; 0x02
     7b8:	3b 81       	ldd	r19, Y+3	; 0x03
     7ba:	82 0f       	add	r24, r18
     7bc:	93 1f       	adc	r25, r19
     7be:	9f 83       	std	Y+7, r25	; 0x07
     7c0:	8e 83       	std	Y+6, r24	; 0x06
     7c2:	12 30       	cpi	r17, 0x02	; 2
     7c4:	61 f4       	brne	.+24     	; 0x7de <prvCopyDataToQueue+0xac>
     7c6:	8a 8d       	ldd	r24, Y+26	; 0x1a
     7c8:	88 23       	and	r24, r24
     7ca:	59 f0       	breq	.+22     	; 0x7e2 <prvCopyDataToQueue+0xb0>
     7cc:	8a 8d       	ldd	r24, Y+26	; 0x1a
     7ce:	81 50       	subi	r24, 0x01	; 1
     7d0:	8a 8f       	std	Y+26, r24	; 0x1a
     7d2:	80 e0       	ldi	r24, 0x00	; 0
     7d4:	07 c0       	rjmp	.+14     	; 0x7e4 <prvCopyDataToQueue+0xb2>
     7d6:	80 e0       	ldi	r24, 0x00	; 0
     7d8:	05 c0       	rjmp	.+10     	; 0x7e4 <prvCopyDataToQueue+0xb2>
     7da:	80 e0       	ldi	r24, 0x00	; 0
     7dc:	03 c0       	rjmp	.+6      	; 0x7e4 <prvCopyDataToQueue+0xb2>
     7de:	80 e0       	ldi	r24, 0x00	; 0
     7e0:	01 c0       	rjmp	.+2      	; 0x7e4 <prvCopyDataToQueue+0xb2>
     7e2:	80 e0       	ldi	r24, 0x00	; 0
     7e4:	9a 8d       	ldd	r25, Y+26	; 0x1a
     7e6:	9f 5f       	subi	r25, 0xFF	; 255
     7e8:	9a 8f       	std	Y+26, r25	; 0x1a
     7ea:	df 91       	pop	r29
     7ec:	cf 91       	pop	r28
     7ee:	1f 91       	pop	r17
     7f0:	08 95       	ret

000007f2 <prvCopyDataFromQueue>:
     7f2:	fc 01       	movw	r30, r24
     7f4:	44 8d       	ldd	r20, Z+28	; 0x1c
     7f6:	44 23       	and	r20, r20
     7f8:	a9 f0       	breq	.+42     	; 0x824 <prvCopyDataFromQueue+0x32>
     7fa:	50 e0       	ldi	r21, 0x00	; 0
     7fc:	26 81       	ldd	r18, Z+6	; 0x06
     7fe:	37 81       	ldd	r19, Z+7	; 0x07
     800:	24 0f       	add	r18, r20
     802:	35 1f       	adc	r19, r21
     804:	37 83       	std	Z+7, r19	; 0x07
     806:	26 83       	std	Z+6, r18	; 0x06
     808:	82 81       	ldd	r24, Z+2	; 0x02
     80a:	93 81       	ldd	r25, Z+3	; 0x03
     80c:	28 17       	cp	r18, r24
     80e:	39 07       	cpc	r19, r25
     810:	20 f0       	brcs	.+8      	; 0x81a <prvCopyDataFromQueue+0x28>
     812:	80 81       	ld	r24, Z
     814:	91 81       	ldd	r25, Z+1	; 0x01
     816:	97 83       	std	Z+7, r25	; 0x07
     818:	86 83       	std	Z+6, r24	; 0x06
     81a:	cb 01       	movw	r24, r22
     81c:	66 81       	ldd	r22, Z+6	; 0x06
     81e:	77 81       	ldd	r23, Z+7	; 0x07
     820:	0e 94 83 0b 	call	0x1706	; 0x1706 <memcpy>
     824:	08 95       	ret

00000826 <prvUnlockQueue>:
     826:	0f 93       	push	r16
     828:	1f 93       	push	r17
     82a:	cf 93       	push	r28
     82c:	df 93       	push	r29
     82e:	ec 01       	movw	r28, r24
     830:	0f b6       	in	r0, 0x3f	; 63
     832:	f8 94       	cli
     834:	0f 92       	push	r0
     836:	8e 8d       	ldd	r24, Y+30	; 0x1e
     838:	18 16       	cp	r1, r24
     83a:	bc f4       	brge	.+46     	; 0x86a <prvUnlockQueue+0x44>
     83c:	89 89       	ldd	r24, Y+17	; 0x11
     83e:	81 11       	cpse	r24, r1
     840:	05 c0       	rjmp	.+10     	; 0x84c <prvUnlockQueue+0x26>
     842:	13 c0       	rjmp	.+38     	; 0x86a <prvUnlockQueue+0x44>
     844:	89 89       	ldd	r24, Y+17	; 0x11
     846:	81 11       	cpse	r24, r1
     848:	04 c0       	rjmp	.+8      	; 0x852 <prvUnlockQueue+0x2c>
     84a:	0f c0       	rjmp	.+30     	; 0x86a <prvUnlockQueue+0x44>
     84c:	8e 01       	movw	r16, r28
     84e:	0f 5e       	subi	r16, 0xEF	; 239
     850:	1f 4f       	sbci	r17, 0xFF	; 255
     852:	c8 01       	movw	r24, r16
     854:	0e 94 c2 09 	call	0x1384	; 0x1384 <xTaskRemoveFromEventList>
     858:	81 11       	cpse	r24, r1
     85a:	0e 94 4e 0a 	call	0x149c	; 0x149c <vTaskMissedYield>
     85e:	8e 8d       	ldd	r24, Y+30	; 0x1e
     860:	81 50       	subi	r24, 0x01	; 1
     862:	8e 8f       	std	Y+30, r24	; 0x1e
     864:	8e 8d       	ldd	r24, Y+30	; 0x1e
     866:	18 16       	cp	r1, r24
     868:	6c f3       	brlt	.-38     	; 0x844 <prvUnlockQueue+0x1e>
     86a:	8f ef       	ldi	r24, 0xFF	; 255
     86c:	8e 8f       	std	Y+30, r24	; 0x1e
     86e:	0f 90       	pop	r0
     870:	0f be       	out	0x3f, r0	; 63
     872:	0f b6       	in	r0, 0x3f	; 63
     874:	f8 94       	cli
     876:	0f 92       	push	r0
     878:	8d 8d       	ldd	r24, Y+29	; 0x1d
     87a:	18 16       	cp	r1, r24
     87c:	bc f4       	brge	.+46     	; 0x8ac <prvUnlockQueue+0x86>
     87e:	88 85       	ldd	r24, Y+8	; 0x08
     880:	81 11       	cpse	r24, r1
     882:	05 c0       	rjmp	.+10     	; 0x88e <prvUnlockQueue+0x68>
     884:	13 c0       	rjmp	.+38     	; 0x8ac <prvUnlockQueue+0x86>
     886:	88 85       	ldd	r24, Y+8	; 0x08
     888:	81 11       	cpse	r24, r1
     88a:	04 c0       	rjmp	.+8      	; 0x894 <prvUnlockQueue+0x6e>
     88c:	0f c0       	rjmp	.+30     	; 0x8ac <prvUnlockQueue+0x86>
     88e:	8e 01       	movw	r16, r28
     890:	08 5f       	subi	r16, 0xF8	; 248
     892:	1f 4f       	sbci	r17, 0xFF	; 255
     894:	c8 01       	movw	r24, r16
     896:	0e 94 c2 09 	call	0x1384	; 0x1384 <xTaskRemoveFromEventList>
     89a:	81 11       	cpse	r24, r1
     89c:	0e 94 4e 0a 	call	0x149c	; 0x149c <vTaskMissedYield>
     8a0:	8d 8d       	ldd	r24, Y+29	; 0x1d
     8a2:	81 50       	subi	r24, 0x01	; 1
     8a4:	8d 8f       	std	Y+29, r24	; 0x1d
     8a6:	8d 8d       	ldd	r24, Y+29	; 0x1d
     8a8:	18 16       	cp	r1, r24
     8aa:	6c f3       	brlt	.-38     	; 0x886 <prvUnlockQueue+0x60>
     8ac:	8f ef       	ldi	r24, 0xFF	; 255
     8ae:	8d 8f       	std	Y+29, r24	; 0x1d
     8b0:	0f 90       	pop	r0
     8b2:	0f be       	out	0x3f, r0	; 63
     8b4:	df 91       	pop	r29
     8b6:	cf 91       	pop	r28
     8b8:	1f 91       	pop	r17
     8ba:	0f 91       	pop	r16
     8bc:	08 95       	ret

000008be <xQueueGenericSend>:
     8be:	9f 92       	push	r9
     8c0:	af 92       	push	r10
     8c2:	bf 92       	push	r11
     8c4:	cf 92       	push	r12
     8c6:	df 92       	push	r13
     8c8:	ef 92       	push	r14
     8ca:	ff 92       	push	r15
     8cc:	0f 93       	push	r16
     8ce:	1f 93       	push	r17
     8d0:	cf 93       	push	r28
     8d2:	df 93       	push	r29
     8d4:	00 d0       	rcall	.+0      	; 0x8d6 <xQueueGenericSend+0x18>
     8d6:	00 d0       	rcall	.+0      	; 0x8d8 <xQueueGenericSend+0x1a>
     8d8:	1f 92       	push	r1
     8da:	cd b7       	in	r28, 0x3d	; 61
     8dc:	de b7       	in	r29, 0x3e	; 62
     8de:	8c 01       	movw	r16, r24
     8e0:	6b 01       	movw	r12, r22
     8e2:	5d 83       	std	Y+5, r21	; 0x05
     8e4:	4c 83       	std	Y+4, r20	; 0x04
     8e6:	a2 2e       	mov	r10, r18
     8e8:	b1 2c       	mov	r11, r1
     8ea:	99 24       	eor	r9, r9
     8ec:	93 94       	inc	r9
     8ee:	7c 01       	movw	r14, r24
     8f0:	88 e0       	ldi	r24, 0x08	; 8
     8f2:	e8 0e       	add	r14, r24
     8f4:	f1 1c       	adc	r15, r1
     8f6:	0f b6       	in	r0, 0x3f	; 63
     8f8:	f8 94       	cli
     8fa:	0f 92       	push	r0
     8fc:	f8 01       	movw	r30, r16
     8fe:	92 8d       	ldd	r25, Z+26	; 0x1a
     900:	83 8d       	ldd	r24, Z+27	; 0x1b
     902:	98 17       	cp	r25, r24
     904:	18 f0       	brcs	.+6      	; 0x90c <__stack+0xd>
     906:	f2 e0       	ldi	r31, 0x02	; 2
     908:	af 12       	cpse	r10, r31
     90a:	19 c0       	rjmp	.+50     	; 0x93e <__stack+0x3f>
     90c:	4a 2d       	mov	r20, r10
     90e:	b6 01       	movw	r22, r12
     910:	c8 01       	movw	r24, r16
     912:	0e 94 99 03 	call	0x732	; 0x732 <prvCopyDataToQueue>
     916:	f8 01       	movw	r30, r16
     918:	91 89       	ldd	r25, Z+17	; 0x11
     91a:	99 23       	and	r25, r25
     91c:	49 f0       	breq	.+18     	; 0x930 <__stack+0x31>
     91e:	c8 01       	movw	r24, r16
     920:	41 96       	adiw	r24, 0x11	; 17
     922:	0e 94 c2 09 	call	0x1384	; 0x1384 <xTaskRemoveFromEventList>
     926:	81 30       	cpi	r24, 0x01	; 1
     928:	31 f4       	brne	.+12     	; 0x936 <__stack+0x37>
     92a:	0e 94 14 02 	call	0x428	; 0x428 <vPortYield>
     92e:	03 c0       	rjmp	.+6      	; 0x936 <__stack+0x37>
     930:	81 11       	cpse	r24, r1
     932:	0e 94 14 02 	call	0x428	; 0x428 <vPortYield>
     936:	0f 90       	pop	r0
     938:	0f be       	out	0x3f, r0	; 63
     93a:	81 e0       	ldi	r24, 0x01	; 1
     93c:	50 c0       	rjmp	.+160    	; 0x9de <__stack+0xdf>
     93e:	8c 81       	ldd	r24, Y+4	; 0x04
     940:	9d 81       	ldd	r25, Y+5	; 0x05
     942:	89 2b       	or	r24, r25
     944:	21 f4       	brne	.+8      	; 0x94e <__stack+0x4f>
     946:	0f 90       	pop	r0
     948:	0f be       	out	0x3f, r0	; 63
     94a:	80 e0       	ldi	r24, 0x00	; 0
     94c:	48 c0       	rjmp	.+144    	; 0x9de <__stack+0xdf>
     94e:	b1 10       	cpse	r11, r1
     950:	05 c0       	rjmp	.+10     	; 0x95c <__stack+0x5d>
     952:	ce 01       	movw	r24, r28
     954:	01 96       	adiw	r24, 0x01	; 1
     956:	0e 94 0a 0a 	call	0x1414	; 0x1414 <vTaskSetTimeOutState>
     95a:	b9 2c       	mov	r11, r9
     95c:	0f 90       	pop	r0
     95e:	0f be       	out	0x3f, r0	; 63
     960:	0e 94 87 07 	call	0xf0e	; 0xf0e <vTaskSuspendAll>
     964:	0f b6       	in	r0, 0x3f	; 63
     966:	f8 94       	cli
     968:	0f 92       	push	r0
     96a:	f8 01       	movw	r30, r16
     96c:	85 8d       	ldd	r24, Z+29	; 0x1d
     96e:	8f 3f       	cpi	r24, 0xFF	; 255
     970:	09 f4       	brne	.+2      	; 0x974 <__stack+0x75>
     972:	15 8e       	std	Z+29, r1	; 0x1d
     974:	f8 01       	movw	r30, r16
     976:	86 8d       	ldd	r24, Z+30	; 0x1e
     978:	8f 3f       	cpi	r24, 0xFF	; 255
     97a:	09 f4       	brne	.+2      	; 0x97e <__stack+0x7f>
     97c:	16 8e       	std	Z+30, r1	; 0x1e
     97e:	0f 90       	pop	r0
     980:	0f be       	out	0x3f, r0	; 63
     982:	be 01       	movw	r22, r28
     984:	6c 5f       	subi	r22, 0xFC	; 252
     986:	7f 4f       	sbci	r23, 0xFF	; 255
     988:	ce 01       	movw	r24, r28
     98a:	01 96       	adiw	r24, 0x01	; 1
     98c:	0e 94 15 0a 	call	0x142a	; 0x142a <xTaskCheckForTimeOut>
     990:	81 11       	cpse	r24, r1
     992:	1f c0       	rjmp	.+62     	; 0x9d2 <__stack+0xd3>
     994:	0f b6       	in	r0, 0x3f	; 63
     996:	f8 94       	cli
     998:	0f 92       	push	r0
     99a:	f8 01       	movw	r30, r16
     99c:	92 8d       	ldd	r25, Z+26	; 0x1a
     99e:	0f 90       	pop	r0
     9a0:	0f be       	out	0x3f, r0	; 63
     9a2:	83 8d       	ldd	r24, Z+27	; 0x1b
     9a4:	98 13       	cpse	r25, r24
     9a6:	0f c0       	rjmp	.+30     	; 0x9c6 <__stack+0xc7>
     9a8:	6c 81       	ldd	r22, Y+4	; 0x04
     9aa:	7d 81       	ldd	r23, Y+5	; 0x05
     9ac:	c7 01       	movw	r24, r14
     9ae:	0e 94 96 09 	call	0x132c	; 0x132c <vTaskPlaceOnEventList>
     9b2:	c8 01       	movw	r24, r16
     9b4:	0e 94 13 04 	call	0x826	; 0x826 <prvUnlockQueue>
     9b8:	0e 94 4a 08 	call	0x1094	; 0x1094 <xTaskResumeAll>
     9bc:	81 11       	cpse	r24, r1
     9be:	9b cf       	rjmp	.-202    	; 0x8f6 <xQueueGenericSend+0x38>
     9c0:	0e 94 14 02 	call	0x428	; 0x428 <vPortYield>
     9c4:	98 cf       	rjmp	.-208    	; 0x8f6 <xQueueGenericSend+0x38>
     9c6:	c8 01       	movw	r24, r16
     9c8:	0e 94 13 04 	call	0x826	; 0x826 <prvUnlockQueue>
     9cc:	0e 94 4a 08 	call	0x1094	; 0x1094 <xTaskResumeAll>
     9d0:	92 cf       	rjmp	.-220    	; 0x8f6 <xQueueGenericSend+0x38>
     9d2:	c8 01       	movw	r24, r16
     9d4:	0e 94 13 04 	call	0x826	; 0x826 <prvUnlockQueue>
     9d8:	0e 94 4a 08 	call	0x1094	; 0x1094 <xTaskResumeAll>
     9dc:	80 e0       	ldi	r24, 0x00	; 0
     9de:	0f 90       	pop	r0
     9e0:	0f 90       	pop	r0
     9e2:	0f 90       	pop	r0
     9e4:	0f 90       	pop	r0
     9e6:	0f 90       	pop	r0
     9e8:	df 91       	pop	r29
     9ea:	cf 91       	pop	r28
     9ec:	1f 91       	pop	r17
     9ee:	0f 91       	pop	r16
     9f0:	ff 90       	pop	r15
     9f2:	ef 90       	pop	r14
     9f4:	df 90       	pop	r13
     9f6:	cf 90       	pop	r12
     9f8:	bf 90       	pop	r11
     9fa:	af 90       	pop	r10
     9fc:	9f 90       	pop	r9
     9fe:	08 95       	ret

00000a00 <xQueueCreateMutex>:
     a00:	cf 93       	push	r28
     a02:	df 93       	push	r29
     a04:	8f e1       	ldi	r24, 0x1F	; 31
     a06:	90 e0       	ldi	r25, 0x00	; 0
     a08:	0e 94 cc 02 	call	0x598	; 0x598 <pvPortMalloc>
     a0c:	ec 01       	movw	r28, r24
     a0e:	89 2b       	or	r24, r25
     a10:	f9 f0       	breq	.+62     	; 0xa50 <xQueueCreateMutex+0x50>
     a12:	1b 82       	std	Y+3, r1	; 0x03
     a14:	1a 82       	std	Y+2, r1	; 0x02
     a16:	19 82       	std	Y+1, r1	; 0x01
     a18:	18 82       	st	Y, r1
     a1a:	1d 82       	std	Y+5, r1	; 0x05
     a1c:	1c 82       	std	Y+4, r1	; 0x04
     a1e:	1f 82       	std	Y+7, r1	; 0x07
     a20:	1e 82       	std	Y+6, r1	; 0x06
     a22:	1a 8e       	std	Y+26, r1	; 0x1a
     a24:	81 e0       	ldi	r24, 0x01	; 1
     a26:	8b 8f       	std	Y+27, r24	; 0x1b
     a28:	1c 8e       	std	Y+28, r1	; 0x1c
     a2a:	8f ef       	ldi	r24, 0xFF	; 255
     a2c:	8d 8f       	std	Y+29, r24	; 0x1d
     a2e:	8e 8f       	std	Y+30, r24	; 0x1e
     a30:	ce 01       	movw	r24, r28
     a32:	08 96       	adiw	r24, 0x08	; 8
     a34:	0e 94 e4 00 	call	0x1c8	; 0x1c8 <vListInitialise>
     a38:	ce 01       	movw	r24, r28
     a3a:	41 96       	adiw	r24, 0x11	; 17
     a3c:	0e 94 e4 00 	call	0x1c8	; 0x1c8 <vListInitialise>
     a40:	20 e0       	ldi	r18, 0x00	; 0
     a42:	40 e0       	ldi	r20, 0x00	; 0
     a44:	50 e0       	ldi	r21, 0x00	; 0
     a46:	60 e0       	ldi	r22, 0x00	; 0
     a48:	70 e0       	ldi	r23, 0x00	; 0
     a4a:	ce 01       	movw	r24, r28
     a4c:	0e 94 5f 04 	call	0x8be	; 0x8be <xQueueGenericSend>
     a50:	ce 01       	movw	r24, r28
     a52:	df 91       	pop	r29
     a54:	cf 91       	pop	r28
     a56:	08 95       	ret

00000a58 <xQueueGenericReceive>:
     a58:	9f 92       	push	r9
     a5a:	af 92       	push	r10
     a5c:	bf 92       	push	r11
     a5e:	cf 92       	push	r12
     a60:	df 92       	push	r13
     a62:	ef 92       	push	r14
     a64:	ff 92       	push	r15
     a66:	0f 93       	push	r16
     a68:	1f 93       	push	r17
     a6a:	cf 93       	push	r28
     a6c:	df 93       	push	r29
     a6e:	00 d0       	rcall	.+0      	; 0xa70 <xQueueGenericReceive+0x18>
     a70:	00 d0       	rcall	.+0      	; 0xa72 <xQueueGenericReceive+0x1a>
     a72:	1f 92       	push	r1
     a74:	cd b7       	in	r28, 0x3d	; 61
     a76:	de b7       	in	r29, 0x3e	; 62
     a78:	8c 01       	movw	r16, r24
     a7a:	6b 01       	movw	r12, r22
     a7c:	5d 83       	std	Y+5, r21	; 0x05
     a7e:	4c 83       	std	Y+4, r20	; 0x04
     a80:	92 2e       	mov	r9, r18
     a82:	b1 2c       	mov	r11, r1
     a84:	aa 24       	eor	r10, r10
     a86:	a3 94       	inc	r10
     a88:	7c 01       	movw	r14, r24
     a8a:	81 e1       	ldi	r24, 0x11	; 17
     a8c:	e8 0e       	add	r14, r24
     a8e:	f1 1c       	adc	r15, r1
     a90:	0f b6       	in	r0, 0x3f	; 63
     a92:	f8 94       	cli
     a94:	0f 92       	push	r0
     a96:	f8 01       	movw	r30, r16
     a98:	82 8d       	ldd	r24, Z+26	; 0x1a
     a9a:	88 23       	and	r24, r24
     a9c:	99 f1       	breq	.+102    	; 0xb04 <xQueueGenericReceive+0xac>
     a9e:	e6 80       	ldd	r14, Z+6	; 0x06
     aa0:	f7 80       	ldd	r15, Z+7	; 0x07
     aa2:	b6 01       	movw	r22, r12
     aa4:	c8 01       	movw	r24, r16
     aa6:	0e 94 f9 03 	call	0x7f2	; 0x7f2 <prvCopyDataFromQueue>
     aaa:	91 10       	cpse	r9, r1
     aac:	1a c0       	rjmp	.+52     	; 0xae2 <xQueueGenericReceive+0x8a>
     aae:	f8 01       	movw	r30, r16
     ab0:	82 8d       	ldd	r24, Z+26	; 0x1a
     ab2:	81 50       	subi	r24, 0x01	; 1
     ab4:	82 8f       	std	Z+26, r24	; 0x1a
     ab6:	80 81       	ld	r24, Z
     ab8:	91 81       	ldd	r25, Z+1	; 0x01
     aba:	89 2b       	or	r24, r25
     abc:	29 f4       	brne	.+10     	; 0xac8 <xQueueGenericReceive+0x70>
     abe:	0e 94 f4 0a 	call	0x15e8	; 0x15e8 <pvTaskIncrementMutexHeldCount>
     ac2:	f8 01       	movw	r30, r16
     ac4:	93 83       	std	Z+3, r25	; 0x03
     ac6:	82 83       	std	Z+2, r24	; 0x02
     ac8:	f8 01       	movw	r30, r16
     aca:	80 85       	ldd	r24, Z+8	; 0x08
     acc:	88 23       	and	r24, r24
     ace:	b1 f0       	breq	.+44     	; 0xafc <xQueueGenericReceive+0xa4>
     ad0:	c8 01       	movw	r24, r16
     ad2:	08 96       	adiw	r24, 0x08	; 8
     ad4:	0e 94 c2 09 	call	0x1384	; 0x1384 <xTaskRemoveFromEventList>
     ad8:	81 30       	cpi	r24, 0x01	; 1
     ada:	81 f4       	brne	.+32     	; 0xafc <xQueueGenericReceive+0xa4>
     adc:	0e 94 14 02 	call	0x428	; 0x428 <vPortYield>
     ae0:	0d c0       	rjmp	.+26     	; 0xafc <xQueueGenericReceive+0xa4>
     ae2:	f8 01       	movw	r30, r16
     ae4:	f7 82       	std	Z+7, r15	; 0x07
     ae6:	e6 82       	std	Z+6, r14	; 0x06
     ae8:	81 89       	ldd	r24, Z+17	; 0x11
     aea:	88 23       	and	r24, r24
     aec:	39 f0       	breq	.+14     	; 0xafc <xQueueGenericReceive+0xa4>
     aee:	c8 01       	movw	r24, r16
     af0:	41 96       	adiw	r24, 0x11	; 17
     af2:	0e 94 c2 09 	call	0x1384	; 0x1384 <xTaskRemoveFromEventList>
     af6:	81 11       	cpse	r24, r1
     af8:	0e 94 14 02 	call	0x428	; 0x428 <vPortYield>
     afc:	0f 90       	pop	r0
     afe:	0f be       	out	0x3f, r0	; 63
     b00:	81 e0       	ldi	r24, 0x01	; 1
     b02:	5c c0       	rjmp	.+184    	; 0xbbc <xQueueGenericReceive+0x164>
     b04:	8c 81       	ldd	r24, Y+4	; 0x04
     b06:	9d 81       	ldd	r25, Y+5	; 0x05
     b08:	89 2b       	or	r24, r25
     b0a:	21 f4       	brne	.+8      	; 0xb14 <xQueueGenericReceive+0xbc>
     b0c:	0f 90       	pop	r0
     b0e:	0f be       	out	0x3f, r0	; 63
     b10:	80 e0       	ldi	r24, 0x00	; 0
     b12:	54 c0       	rjmp	.+168    	; 0xbbc <xQueueGenericReceive+0x164>
     b14:	b1 10       	cpse	r11, r1
     b16:	05 c0       	rjmp	.+10     	; 0xb22 <xQueueGenericReceive+0xca>
     b18:	ce 01       	movw	r24, r28
     b1a:	01 96       	adiw	r24, 0x01	; 1
     b1c:	0e 94 0a 0a 	call	0x1414	; 0x1414 <vTaskSetTimeOutState>
     b20:	ba 2c       	mov	r11, r10
     b22:	0f 90       	pop	r0
     b24:	0f be       	out	0x3f, r0	; 63
     b26:	0e 94 87 07 	call	0xf0e	; 0xf0e <vTaskSuspendAll>
     b2a:	0f b6       	in	r0, 0x3f	; 63
     b2c:	f8 94       	cli
     b2e:	0f 92       	push	r0
     b30:	f8 01       	movw	r30, r16
     b32:	85 8d       	ldd	r24, Z+29	; 0x1d
     b34:	8f 3f       	cpi	r24, 0xFF	; 255
     b36:	09 f4       	brne	.+2      	; 0xb3a <xQueueGenericReceive+0xe2>
     b38:	15 8e       	std	Z+29, r1	; 0x1d
     b3a:	f8 01       	movw	r30, r16
     b3c:	86 8d       	ldd	r24, Z+30	; 0x1e
     b3e:	8f 3f       	cpi	r24, 0xFF	; 255
     b40:	09 f4       	brne	.+2      	; 0xb44 <xQueueGenericReceive+0xec>
     b42:	16 8e       	std	Z+30, r1	; 0x1e
     b44:	0f 90       	pop	r0
     b46:	0f be       	out	0x3f, r0	; 63
     b48:	be 01       	movw	r22, r28
     b4a:	6c 5f       	subi	r22, 0xFC	; 252
     b4c:	7f 4f       	sbci	r23, 0xFF	; 255
     b4e:	ce 01       	movw	r24, r28
     b50:	01 96       	adiw	r24, 0x01	; 1
     b52:	0e 94 15 0a 	call	0x142a	; 0x142a <xTaskCheckForTimeOut>
     b56:	81 11       	cpse	r24, r1
     b58:	2b c0       	rjmp	.+86     	; 0xbb0 <xQueueGenericReceive+0x158>
     b5a:	0f b6       	in	r0, 0x3f	; 63
     b5c:	f8 94       	cli
     b5e:	0f 92       	push	r0
     b60:	f8 01       	movw	r30, r16
     b62:	82 8d       	ldd	r24, Z+26	; 0x1a
     b64:	0f 90       	pop	r0
     b66:	0f be       	out	0x3f, r0	; 63
     b68:	81 11       	cpse	r24, r1
     b6a:	1c c0       	rjmp	.+56     	; 0xba4 <xQueueGenericReceive+0x14c>
     b6c:	80 81       	ld	r24, Z
     b6e:	91 81       	ldd	r25, Z+1	; 0x01
     b70:	89 2b       	or	r24, r25
     b72:	49 f4       	brne	.+18     	; 0xb86 <xQueueGenericReceive+0x12e>
     b74:	0f b6       	in	r0, 0x3f	; 63
     b76:	f8 94       	cli
     b78:	0f 92       	push	r0
     b7a:	82 81       	ldd	r24, Z+2	; 0x02
     b7c:	93 81       	ldd	r25, Z+3	; 0x03
     b7e:	0e 94 52 0a 	call	0x14a4	; 0x14a4 <vTaskPriorityInherit>
     b82:	0f 90       	pop	r0
     b84:	0f be       	out	0x3f, r0	; 63
     b86:	6c 81       	ldd	r22, Y+4	; 0x04
     b88:	7d 81       	ldd	r23, Y+5	; 0x05
     b8a:	c7 01       	movw	r24, r14
     b8c:	0e 94 96 09 	call	0x132c	; 0x132c <vTaskPlaceOnEventList>
     b90:	c8 01       	movw	r24, r16
     b92:	0e 94 13 04 	call	0x826	; 0x826 <prvUnlockQueue>
     b96:	0e 94 4a 08 	call	0x1094	; 0x1094 <xTaskResumeAll>
     b9a:	81 11       	cpse	r24, r1
     b9c:	79 cf       	rjmp	.-270    	; 0xa90 <xQueueGenericReceive+0x38>
     b9e:	0e 94 14 02 	call	0x428	; 0x428 <vPortYield>
     ba2:	76 cf       	rjmp	.-276    	; 0xa90 <xQueueGenericReceive+0x38>
     ba4:	c8 01       	movw	r24, r16
     ba6:	0e 94 13 04 	call	0x826	; 0x826 <prvUnlockQueue>
     baa:	0e 94 4a 08 	call	0x1094	; 0x1094 <xTaskResumeAll>
     bae:	70 cf       	rjmp	.-288    	; 0xa90 <xQueueGenericReceive+0x38>
     bb0:	c8 01       	movw	r24, r16
     bb2:	0e 94 13 04 	call	0x826	; 0x826 <prvUnlockQueue>
     bb6:	0e 94 4a 08 	call	0x1094	; 0x1094 <xTaskResumeAll>
     bba:	80 e0       	ldi	r24, 0x00	; 0
     bbc:	0f 90       	pop	r0
     bbe:	0f 90       	pop	r0
     bc0:	0f 90       	pop	r0
     bc2:	0f 90       	pop	r0
     bc4:	0f 90       	pop	r0
     bc6:	df 91       	pop	r29
     bc8:	cf 91       	pop	r28
     bca:	1f 91       	pop	r17
     bcc:	0f 91       	pop	r16
     bce:	ff 90       	pop	r15
     bd0:	ef 90       	pop	r14
     bd2:	df 90       	pop	r13
     bd4:	cf 90       	pop	r12
     bd6:	bf 90       	pop	r11
     bd8:	af 90       	pop	r10
     bda:	9f 90       	pop	r9
     bdc:	08 95       	ret

00000bde <prvResetNextTaskUnblockTime>:
     bde:	e0 91 79 07 	lds	r30, 0x0779	; 0x800779 <pxDelayedTaskList>
     be2:	f0 91 7a 07 	lds	r31, 0x077A	; 0x80077a <pxDelayedTaskList+0x1>
     be6:	80 81       	ld	r24, Z
     be8:	81 11       	cpse	r24, r1
     bea:	07 c0       	rjmp	.+14     	; 0xbfa <prvResetNextTaskUnblockTime+0x1c>
     bec:	8f ef       	ldi	r24, 0xFF	; 255
     bee:	9f ef       	ldi	r25, 0xFF	; 255
     bf0:	90 93 03 01 	sts	0x0103, r25	; 0x800103 <xNextTaskUnblockTime+0x1>
     bf4:	80 93 02 01 	sts	0x0102, r24	; 0x800102 <xNextTaskUnblockTime>
     bf8:	08 95       	ret
     bfa:	e0 91 79 07 	lds	r30, 0x0779	; 0x800779 <pxDelayedTaskList>
     bfe:	f0 91 7a 07 	lds	r31, 0x077A	; 0x80077a <pxDelayedTaskList+0x1>
     c02:	05 80       	ldd	r0, Z+5	; 0x05
     c04:	f6 81       	ldd	r31, Z+6	; 0x06
     c06:	e0 2d       	mov	r30, r0
     c08:	06 80       	ldd	r0, Z+6	; 0x06
     c0a:	f7 81       	ldd	r31, Z+7	; 0x07
     c0c:	e0 2d       	mov	r30, r0
     c0e:	82 81       	ldd	r24, Z+2	; 0x02
     c10:	93 81       	ldd	r25, Z+3	; 0x03
     c12:	90 93 03 01 	sts	0x0103, r25	; 0x800103 <xNextTaskUnblockTime+0x1>
     c16:	80 93 02 01 	sts	0x0102, r24	; 0x800102 <xNextTaskUnblockTime>
     c1a:	08 95       	ret

00000c1c <prvAddCurrentTaskToDelayedList>:
     c1c:	cf 93       	push	r28
     c1e:	df 93       	push	r29
     c20:	ec 01       	movw	r28, r24
     c22:	e0 91 b1 07 	lds	r30, 0x07B1	; 0x8007b1 <pxCurrentTCB>
     c26:	f0 91 b2 07 	lds	r31, 0x07B2	; 0x8007b2 <pxCurrentTCB+0x1>
     c2a:	93 83       	std	Z+3, r25	; 0x03
     c2c:	82 83       	std	Z+2, r24	; 0x02
     c2e:	80 91 56 07 	lds	r24, 0x0756	; 0x800756 <xTickCount>
     c32:	90 91 57 07 	lds	r25, 0x0757	; 0x800757 <xTickCount+0x1>
     c36:	c8 17       	cp	r28, r24
     c38:	d9 07       	cpc	r29, r25
     c3a:	68 f4       	brcc	.+26     	; 0xc56 <prvAddCurrentTaskToDelayedList+0x3a>
     c3c:	60 91 b1 07 	lds	r22, 0x07B1	; 0x8007b1 <pxCurrentTCB>
     c40:	70 91 b2 07 	lds	r23, 0x07B2	; 0x8007b2 <pxCurrentTCB+0x1>
     c44:	80 91 77 07 	lds	r24, 0x0777	; 0x800777 <pxOverflowDelayedTaskList>
     c48:	90 91 78 07 	lds	r25, 0x0778	; 0x800778 <pxOverflowDelayedTaskList+0x1>
     c4c:	6e 5f       	subi	r22, 0xFE	; 254
     c4e:	7f 4f       	sbci	r23, 0xFF	; 255
     c50:	0e 94 17 01 	call	0x22e	; 0x22e <vListInsert>
     c54:	17 c0       	rjmp	.+46     	; 0xc84 <prvAddCurrentTaskToDelayedList+0x68>
     c56:	60 91 b1 07 	lds	r22, 0x07B1	; 0x8007b1 <pxCurrentTCB>
     c5a:	70 91 b2 07 	lds	r23, 0x07B2	; 0x8007b2 <pxCurrentTCB+0x1>
     c5e:	80 91 79 07 	lds	r24, 0x0779	; 0x800779 <pxDelayedTaskList>
     c62:	90 91 7a 07 	lds	r25, 0x077A	; 0x80077a <pxDelayedTaskList+0x1>
     c66:	6e 5f       	subi	r22, 0xFE	; 254
     c68:	7f 4f       	sbci	r23, 0xFF	; 255
     c6a:	0e 94 17 01 	call	0x22e	; 0x22e <vListInsert>
     c6e:	80 91 02 01 	lds	r24, 0x0102	; 0x800102 <xNextTaskUnblockTime>
     c72:	90 91 03 01 	lds	r25, 0x0103	; 0x800103 <xNextTaskUnblockTime+0x1>
     c76:	c8 17       	cp	r28, r24
     c78:	d9 07       	cpc	r29, r25
     c7a:	20 f4       	brcc	.+8      	; 0xc84 <prvAddCurrentTaskToDelayedList+0x68>
     c7c:	d0 93 03 01 	sts	0x0103, r29	; 0x800103 <xNextTaskUnblockTime+0x1>
     c80:	c0 93 02 01 	sts	0x0102, r28	; 0x800102 <xNextTaskUnblockTime>
     c84:	df 91       	pop	r29
     c86:	cf 91       	pop	r28
     c88:	08 95       	ret

00000c8a <xTaskGenericCreate>:
     c8a:	4f 92       	push	r4
     c8c:	5f 92       	push	r5
     c8e:	6f 92       	push	r6
     c90:	7f 92       	push	r7
     c92:	8f 92       	push	r8
     c94:	9f 92       	push	r9
     c96:	af 92       	push	r10
     c98:	bf 92       	push	r11
     c9a:	cf 92       	push	r12
     c9c:	df 92       	push	r13
     c9e:	ef 92       	push	r14
     ca0:	ff 92       	push	r15
     ca2:	0f 93       	push	r16
     ca4:	1f 93       	push	r17
     ca6:	cf 93       	push	r28
     ca8:	df 93       	push	r29
     caa:	4c 01       	movw	r8, r24
     cac:	eb 01       	movw	r28, r22
     cae:	5a 01       	movw	r10, r20
     cb0:	29 01       	movw	r4, r18
     cb2:	c1 14       	cp	r12, r1
     cb4:	d1 04       	cpc	r13, r1
     cb6:	39 f4       	brne	.+14     	; 0xcc6 <xTaskGenericCreate+0x3c>
     cb8:	ca 01       	movw	r24, r20
     cba:	0e 94 cc 02 	call	0x598	; 0x598 <pvPortMalloc>
     cbe:	6c 01       	movw	r12, r24
     cc0:	89 2b       	or	r24, r25
     cc2:	09 f4       	brne	.+2      	; 0xcc6 <xTaskGenericCreate+0x3c>
     cc4:	e3 c0       	rjmp	.+454    	; 0xe8c <xTaskGenericCreate+0x202>
     cc6:	88 e2       	ldi	r24, 0x28	; 40
     cc8:	90 e0       	ldi	r25, 0x00	; 0
     cca:	0e 94 cc 02 	call	0x598	; 0x598 <pvPortMalloc>
     cce:	3c 01       	movw	r6, r24
     cd0:	00 97       	sbiw	r24, 0x00	; 0
     cd2:	79 f0       	breq	.+30     	; 0xcf2 <xTaskGenericCreate+0x68>
     cd4:	fc 01       	movw	r30, r24
     cd6:	d0 8e       	std	Z+24, r13	; 0x18
     cd8:	c7 8a       	std	Z+23, r12	; 0x17
     cda:	f1 e0       	ldi	r31, 0x01	; 1
     cdc:	af 1a       	sub	r10, r31
     cde:	b1 08       	sbc	r11, r1
     ce0:	ca 0c       	add	r12, r10
     ce2:	db 1c       	adc	r13, r11
     ce4:	88 81       	ld	r24, Y
     ce6:	f3 01       	movw	r30, r6
     ce8:	81 8f       	std	Z+25, r24	; 0x19
     cea:	88 81       	ld	r24, Y
     cec:	81 11       	cpse	r24, r1
     cee:	05 c0       	rjmp	.+10     	; 0xcfa <xTaskGenericCreate+0x70>
     cf0:	14 c0       	rjmp	.+40     	; 0xd1a <xTaskGenericCreate+0x90>
     cf2:	c6 01       	movw	r24, r12
     cf4:	0e 94 66 03 	call	0x6cc	; 0x6cc <vPortFree>
     cf8:	c9 c0       	rjmp	.+402    	; 0xe8c <xTaskGenericCreate+0x202>
     cfa:	d3 01       	movw	r26, r6
     cfc:	5a 96       	adiw	r26, 0x1a	; 26
     cfe:	fe 01       	movw	r30, r28
     d00:	31 96       	adiw	r30, 0x01	; 1
     d02:	9e 01       	movw	r18, r28
     d04:	28 5f       	subi	r18, 0xF8	; 248
     d06:	3f 4f       	sbci	r19, 0xFF	; 255
     d08:	ef 01       	movw	r28, r30
     d0a:	81 91       	ld	r24, Z+
     d0c:	8d 93       	st	X+, r24
     d0e:	88 81       	ld	r24, Y
     d10:	88 23       	and	r24, r24
     d12:	19 f0       	breq	.+6      	; 0xd1a <xTaskGenericCreate+0x90>
     d14:	e2 17       	cp	r30, r18
     d16:	f3 07       	cpc	r31, r19
     d18:	b9 f7       	brne	.-18     	; 0xd08 <xTaskGenericCreate+0x7e>
     d1a:	f3 01       	movw	r30, r6
     d1c:	10 a2       	std	Z+32, r1	; 0x20
     d1e:	10 2f       	mov	r17, r16
     d20:	04 30       	cpi	r16, 0x04	; 4
     d22:	08 f0       	brcs	.+2      	; 0xd26 <xTaskGenericCreate+0x9c>
     d24:	13 e0       	ldi	r17, 0x03	; 3
     d26:	f3 01       	movw	r30, r6
     d28:	16 8b       	std	Z+22, r17	; 0x16
     d2a:	11 a3       	std	Z+33, r17	; 0x21
     d2c:	12 a2       	std	Z+34, r1	; 0x22
     d2e:	e3 01       	movw	r28, r6
     d30:	22 96       	adiw	r28, 0x02	; 2
     d32:	ce 01       	movw	r24, r28
     d34:	0e 94 f2 00 	call	0x1e4	; 0x1e4 <vListInitialiseItem>
     d38:	c3 01       	movw	r24, r6
     d3a:	0c 96       	adiw	r24, 0x0c	; 12
     d3c:	0e 94 f2 00 	call	0x1e4	; 0x1e4 <vListInitialiseItem>
     d40:	f3 01       	movw	r30, r6
     d42:	71 86       	std	Z+9, r7	; 0x09
     d44:	60 86       	std	Z+8, r6	; 0x08
     d46:	84 e0       	ldi	r24, 0x04	; 4
     d48:	90 e0       	ldi	r25, 0x00	; 0
     d4a:	81 1b       	sub	r24, r17
     d4c:	91 09       	sbc	r25, r1
     d4e:	95 87       	std	Z+13, r25	; 0x0d
     d50:	84 87       	std	Z+12, r24	; 0x0c
     d52:	73 8a       	std	Z+19, r7	; 0x13
     d54:	62 8a       	std	Z+18, r6	; 0x12
     d56:	13 a2       	std	Z+35, r1	; 0x23
     d58:	14 a2       	std	Z+36, r1	; 0x24
     d5a:	15 a2       	std	Z+37, r1	; 0x25
     d5c:	16 a2       	std	Z+38, r1	; 0x26
     d5e:	17 a2       	std	Z+39, r1	; 0x27
     d60:	a2 01       	movw	r20, r4
     d62:	b4 01       	movw	r22, r8
     d64:	c6 01       	movw	r24, r12
     d66:	0e 94 6e 01 	call	0x2dc	; 0x2dc <pxPortInitialiseStack>
     d6a:	f3 01       	movw	r30, r6
     d6c:	91 83       	std	Z+1, r25	; 0x01
     d6e:	80 83       	st	Z, r24
     d70:	e1 14       	cp	r14, r1
     d72:	f1 04       	cpc	r15, r1
     d74:	19 f0       	breq	.+6      	; 0xd7c <xTaskGenericCreate+0xf2>
     d76:	f7 01       	movw	r30, r14
     d78:	71 82       	std	Z+1, r7	; 0x01
     d7a:	60 82       	st	Z, r6
     d7c:	0f b6       	in	r0, 0x3f	; 63
     d7e:	f8 94       	cli
     d80:	0f 92       	push	r0
     d82:	80 91 58 07 	lds	r24, 0x0758	; 0x800758 <uxCurrentNumberOfTasks>
     d86:	8f 5f       	subi	r24, 0xFF	; 255
     d88:	80 93 58 07 	sts	0x0758, r24	; 0x800758 <uxCurrentNumberOfTasks>
     d8c:	80 91 b1 07 	lds	r24, 0x07B1	; 0x8007b1 <pxCurrentTCB>
     d90:	90 91 b2 07 	lds	r25, 0x07B2	; 0x8007b2 <pxCurrentTCB+0x1>
     d94:	89 2b       	or	r24, r25
     d96:	d1 f5       	brne	.+116    	; 0xe0c <xTaskGenericCreate+0x182>
     d98:	70 92 b2 07 	sts	0x07B2, r7	; 0x8007b2 <pxCurrentTCB+0x1>
     d9c:	60 92 b1 07 	sts	0x07B1, r6	; 0x8007b1 <pxCurrentTCB>
     da0:	80 91 58 07 	lds	r24, 0x0758	; 0x800758 <uxCurrentNumberOfTasks>
     da4:	81 30       	cpi	r24, 0x01	; 1
     da6:	09 f0       	breq	.+2      	; 0xdaa <xTaskGenericCreate+0x120>
     da8:	40 c0       	rjmp	.+128    	; 0xe2a <xTaskGenericCreate+0x1a0>
     daa:	8d e8       	ldi	r24, 0x8D	; 141
     dac:	97 e0       	ldi	r25, 0x07	; 7
     dae:	0e 94 e4 00 	call	0x1c8	; 0x1c8 <vListInitialise>
     db2:	86 e9       	ldi	r24, 0x96	; 150
     db4:	97 e0       	ldi	r25, 0x07	; 7
     db6:	0e 94 e4 00 	call	0x1c8	; 0x1c8 <vListInitialise>
     dba:	8f e9       	ldi	r24, 0x9F	; 159
     dbc:	97 e0       	ldi	r25, 0x07	; 7
     dbe:	0e 94 e4 00 	call	0x1c8	; 0x1c8 <vListInitialise>
     dc2:	88 ea       	ldi	r24, 0xA8	; 168
     dc4:	97 e0       	ldi	r25, 0x07	; 7
     dc6:	0e 94 e4 00 	call	0x1c8	; 0x1c8 <vListInitialise>
     dca:	84 e8       	ldi	r24, 0x84	; 132
     dcc:	97 e0       	ldi	r25, 0x07	; 7
     dce:	0e 94 e4 00 	call	0x1c8	; 0x1c8 <vListInitialise>
     dd2:	8b e7       	ldi	r24, 0x7B	; 123
     dd4:	97 e0       	ldi	r25, 0x07	; 7
     dd6:	0e 94 e4 00 	call	0x1c8	; 0x1c8 <vListInitialise>
     dda:	8e e6       	ldi	r24, 0x6E	; 110
     ddc:	97 e0       	ldi	r25, 0x07	; 7
     dde:	0e 94 e4 00 	call	0x1c8	; 0x1c8 <vListInitialise>
     de2:	85 e6       	ldi	r24, 0x65	; 101
     de4:	97 e0       	ldi	r25, 0x07	; 7
     de6:	0e 94 e4 00 	call	0x1c8	; 0x1c8 <vListInitialise>
     dea:	8b e5       	ldi	r24, 0x5B	; 91
     dec:	97 e0       	ldi	r25, 0x07	; 7
     dee:	0e 94 e4 00 	call	0x1c8	; 0x1c8 <vListInitialise>
     df2:	84 e8       	ldi	r24, 0x84	; 132
     df4:	97 e0       	ldi	r25, 0x07	; 7
     df6:	90 93 7a 07 	sts	0x077A, r25	; 0x80077a <pxDelayedTaskList+0x1>
     dfa:	80 93 79 07 	sts	0x0779, r24	; 0x800779 <pxDelayedTaskList>
     dfe:	8b e7       	ldi	r24, 0x7B	; 123
     e00:	97 e0       	ldi	r25, 0x07	; 7
     e02:	90 93 78 07 	sts	0x0778, r25	; 0x800778 <pxOverflowDelayedTaskList+0x1>
     e06:	80 93 77 07 	sts	0x0777, r24	; 0x800777 <pxOverflowDelayedTaskList>
     e0a:	0f c0       	rjmp	.+30     	; 0xe2a <xTaskGenericCreate+0x1a0>
     e0c:	80 91 54 07 	lds	r24, 0x0754	; 0x800754 <xSchedulerRunning>
     e10:	81 11       	cpse	r24, r1
     e12:	0b c0       	rjmp	.+22     	; 0xe2a <xTaskGenericCreate+0x1a0>
     e14:	e0 91 b1 07 	lds	r30, 0x07B1	; 0x8007b1 <pxCurrentTCB>
     e18:	f0 91 b2 07 	lds	r31, 0x07B2	; 0x8007b2 <pxCurrentTCB+0x1>
     e1c:	86 89       	ldd	r24, Z+22	; 0x16
     e1e:	08 17       	cp	r16, r24
     e20:	20 f0       	brcs	.+8      	; 0xe2a <xTaskGenericCreate+0x1a0>
     e22:	70 92 b2 07 	sts	0x07B2, r7	; 0x8007b2 <pxCurrentTCB+0x1>
     e26:	60 92 b1 07 	sts	0x07B1, r6	; 0x8007b1 <pxCurrentTCB>
     e2a:	80 91 50 07 	lds	r24, 0x0750	; 0x800750 <uxTaskNumber>
     e2e:	8f 5f       	subi	r24, 0xFF	; 255
     e30:	80 93 50 07 	sts	0x0750, r24	; 0x800750 <uxTaskNumber>
     e34:	f3 01       	movw	r30, r6
     e36:	86 89       	ldd	r24, Z+22	; 0x16
     e38:	90 91 55 07 	lds	r25, 0x0755	; 0x800755 <uxTopReadyPriority>
     e3c:	98 17       	cp	r25, r24
     e3e:	10 f4       	brcc	.+4      	; 0xe44 <xTaskGenericCreate+0x1ba>
     e40:	80 93 55 07 	sts	0x0755, r24	; 0x800755 <uxTopReadyPriority>
     e44:	90 e0       	ldi	r25, 0x00	; 0
     e46:	9c 01       	movw	r18, r24
     e48:	22 0f       	add	r18, r18
     e4a:	33 1f       	adc	r19, r19
     e4c:	22 0f       	add	r18, r18
     e4e:	33 1f       	adc	r19, r19
     e50:	22 0f       	add	r18, r18
     e52:	33 1f       	adc	r19, r19
     e54:	82 0f       	add	r24, r18
     e56:	93 1f       	adc	r25, r19
     e58:	be 01       	movw	r22, r28
     e5a:	83 57       	subi	r24, 0x73	; 115
     e5c:	98 4f       	sbci	r25, 0xF8	; 248
     e5e:	0e 94 f6 00 	call	0x1ec	; 0x1ec <vListInsertEnd>
     e62:	0f 90       	pop	r0
     e64:	0f be       	out	0x3f, r0	; 63
     e66:	80 91 54 07 	lds	r24, 0x0754	; 0x800754 <xSchedulerRunning>
     e6a:	88 23       	and	r24, r24
     e6c:	59 f0       	breq	.+22     	; 0xe84 <xTaskGenericCreate+0x1fa>
     e6e:	e0 91 b1 07 	lds	r30, 0x07B1	; 0x8007b1 <pxCurrentTCB>
     e72:	f0 91 b2 07 	lds	r31, 0x07B2	; 0x8007b2 <pxCurrentTCB+0x1>
     e76:	86 89       	ldd	r24, Z+22	; 0x16
     e78:	80 17       	cp	r24, r16
     e7a:	30 f4       	brcc	.+12     	; 0xe88 <xTaskGenericCreate+0x1fe>
     e7c:	0e 94 14 02 	call	0x428	; 0x428 <vPortYield>
     e80:	81 e0       	ldi	r24, 0x01	; 1
     e82:	05 c0       	rjmp	.+10     	; 0xe8e <xTaskGenericCreate+0x204>
     e84:	81 e0       	ldi	r24, 0x01	; 1
     e86:	03 c0       	rjmp	.+6      	; 0xe8e <xTaskGenericCreate+0x204>
     e88:	81 e0       	ldi	r24, 0x01	; 1
     e8a:	01 c0       	rjmp	.+2      	; 0xe8e <xTaskGenericCreate+0x204>
     e8c:	8f ef       	ldi	r24, 0xFF	; 255
     e8e:	df 91       	pop	r29
     e90:	cf 91       	pop	r28
     e92:	1f 91       	pop	r17
     e94:	0f 91       	pop	r16
     e96:	ff 90       	pop	r15
     e98:	ef 90       	pop	r14
     e9a:	df 90       	pop	r13
     e9c:	cf 90       	pop	r12
     e9e:	bf 90       	pop	r11
     ea0:	af 90       	pop	r10
     ea2:	9f 90       	pop	r9
     ea4:	8f 90       	pop	r8
     ea6:	7f 90       	pop	r7
     ea8:	6f 90       	pop	r6
     eaa:	5f 90       	pop	r5
     eac:	4f 90       	pop	r4
     eae:	08 95       	ret

00000eb0 <vTaskStartScheduler>:
     eb0:	af 92       	push	r10
     eb2:	bf 92       	push	r11
     eb4:	cf 92       	push	r12
     eb6:	df 92       	push	r13
     eb8:	ef 92       	push	r14
     eba:	ff 92       	push	r15
     ebc:	0f 93       	push	r16
     ebe:	a1 2c       	mov	r10, r1
     ec0:	b1 2c       	mov	r11, r1
     ec2:	c1 2c       	mov	r12, r1
     ec4:	d1 2c       	mov	r13, r1
     ec6:	0f 2e       	mov	r0, r31
     ec8:	f9 e5       	ldi	r31, 0x59	; 89
     eca:	ef 2e       	mov	r14, r31
     ecc:	f7 e0       	ldi	r31, 0x07	; 7
     ece:	ff 2e       	mov	r15, r31
     ed0:	f0 2d       	mov	r31, r0
     ed2:	00 e0       	ldi	r16, 0x00	; 0
     ed4:	20 e0       	ldi	r18, 0x00	; 0
     ed6:	30 e0       	ldi	r19, 0x00	; 0
     ed8:	45 e5       	ldi	r20, 0x55	; 85
     eda:	50 e0       	ldi	r21, 0x00	; 0
     edc:	64 e6       	ldi	r22, 0x64	; 100
     ede:	71 e0       	ldi	r23, 0x01	; 1
     ee0:	8c ee       	ldi	r24, 0xEC	; 236
     ee2:	98 e0       	ldi	r25, 0x08	; 8
     ee4:	0e 94 45 06 	call	0xc8a	; 0xc8a <xTaskGenericCreate>
     ee8:	81 30       	cpi	r24, 0x01	; 1
     eea:	49 f4       	brne	.+18     	; 0xefe <vTaskStartScheduler+0x4e>
     eec:	f8 94       	cli
     eee:	80 93 54 07 	sts	0x0754, r24	; 0x800754 <xSchedulerRunning>
     ef2:	10 92 57 07 	sts	0x0757, r1	; 0x800757 <xTickCount+0x1>
     ef6:	10 92 56 07 	sts	0x0756, r1	; 0x800756 <xTickCount>
     efa:	0e 94 da 01 	call	0x3b4	; 0x3b4 <xPortStartScheduler>
     efe:	0f 91       	pop	r16
     f00:	ff 90       	pop	r15
     f02:	ef 90       	pop	r14
     f04:	df 90       	pop	r13
     f06:	cf 90       	pop	r12
     f08:	bf 90       	pop	r11
     f0a:	af 90       	pop	r10
     f0c:	08 95       	ret

00000f0e <vTaskSuspendAll>:
     f0e:	80 91 4f 07 	lds	r24, 0x074F	; 0x80074f <uxSchedulerSuspended>
     f12:	8f 5f       	subi	r24, 0xFF	; 255
     f14:	80 93 4f 07 	sts	0x074F, r24	; 0x80074f <uxSchedulerSuspended>
     f18:	08 95       	ret

00000f1a <xTaskIncrementTick>:
     f1a:	cf 92       	push	r12
     f1c:	df 92       	push	r13
     f1e:	ef 92       	push	r14
     f20:	ff 92       	push	r15
     f22:	0f 93       	push	r16
     f24:	1f 93       	push	r17
     f26:	cf 93       	push	r28
     f28:	df 93       	push	r29
     f2a:	80 91 4f 07 	lds	r24, 0x074F	; 0x80074f <uxSchedulerSuspended>
     f2e:	81 11       	cpse	r24, r1
     f30:	9b c0       	rjmp	.+310    	; 0x1068 <xTaskIncrementTick+0x14e>
     f32:	80 91 56 07 	lds	r24, 0x0756	; 0x800756 <xTickCount>
     f36:	90 91 57 07 	lds	r25, 0x0757	; 0x800757 <xTickCount+0x1>
     f3a:	01 96       	adiw	r24, 0x01	; 1
     f3c:	90 93 57 07 	sts	0x0757, r25	; 0x800757 <xTickCount+0x1>
     f40:	80 93 56 07 	sts	0x0756, r24	; 0x800756 <xTickCount>
     f44:	e0 90 56 07 	lds	r14, 0x0756	; 0x800756 <xTickCount>
     f48:	f0 90 57 07 	lds	r15, 0x0757	; 0x800757 <xTickCount+0x1>
     f4c:	e1 14       	cp	r14, r1
     f4e:	f1 04       	cpc	r15, r1
     f50:	b9 f4       	brne	.+46     	; 0xf80 <xTaskIncrementTick+0x66>
     f52:	80 91 79 07 	lds	r24, 0x0779	; 0x800779 <pxDelayedTaskList>
     f56:	90 91 7a 07 	lds	r25, 0x077A	; 0x80077a <pxDelayedTaskList+0x1>
     f5a:	20 91 77 07 	lds	r18, 0x0777	; 0x800777 <pxOverflowDelayedTaskList>
     f5e:	30 91 78 07 	lds	r19, 0x0778	; 0x800778 <pxOverflowDelayedTaskList+0x1>
     f62:	30 93 7a 07 	sts	0x077A, r19	; 0x80077a <pxDelayedTaskList+0x1>
     f66:	20 93 79 07 	sts	0x0779, r18	; 0x800779 <pxDelayedTaskList>
     f6a:	90 93 78 07 	sts	0x0778, r25	; 0x800778 <pxOverflowDelayedTaskList+0x1>
     f6e:	80 93 77 07 	sts	0x0777, r24	; 0x800777 <pxOverflowDelayedTaskList>
     f72:	80 91 51 07 	lds	r24, 0x0751	; 0x800751 <xNumOfOverflows>
     f76:	8f 5f       	subi	r24, 0xFF	; 255
     f78:	80 93 51 07 	sts	0x0751, r24	; 0x800751 <xNumOfOverflows>
     f7c:	0e 94 ef 05 	call	0xbde	; 0xbde <prvResetNextTaskUnblockTime>
     f80:	80 91 02 01 	lds	r24, 0x0102	; 0x800102 <xNextTaskUnblockTime>
     f84:	90 91 03 01 	lds	r25, 0x0103	; 0x800103 <xNextTaskUnblockTime+0x1>
     f88:	e8 16       	cp	r14, r24
     f8a:	f9 06       	cpc	r15, r25
     f8c:	10 f4       	brcc	.+4      	; 0xf92 <xTaskIncrementTick+0x78>
     f8e:	d1 2c       	mov	r13, r1
     f90:	53 c0       	rjmp	.+166    	; 0x1038 <xTaskIncrementTick+0x11e>
     f92:	d1 2c       	mov	r13, r1
     f94:	cc 24       	eor	r12, r12
     f96:	c3 94       	inc	r12
     f98:	e0 91 79 07 	lds	r30, 0x0779	; 0x800779 <pxDelayedTaskList>
     f9c:	f0 91 7a 07 	lds	r31, 0x077A	; 0x80077a <pxDelayedTaskList+0x1>
     fa0:	80 81       	ld	r24, Z
     fa2:	81 11       	cpse	r24, r1
     fa4:	07 c0       	rjmp	.+14     	; 0xfb4 <xTaskIncrementTick+0x9a>
     fa6:	8f ef       	ldi	r24, 0xFF	; 255
     fa8:	9f ef       	ldi	r25, 0xFF	; 255
     faa:	90 93 03 01 	sts	0x0103, r25	; 0x800103 <xNextTaskUnblockTime+0x1>
     fae:	80 93 02 01 	sts	0x0102, r24	; 0x800102 <xNextTaskUnblockTime>
     fb2:	42 c0       	rjmp	.+132    	; 0x1038 <xTaskIncrementTick+0x11e>
     fb4:	e0 91 79 07 	lds	r30, 0x0779	; 0x800779 <pxDelayedTaskList>
     fb8:	f0 91 7a 07 	lds	r31, 0x077A	; 0x80077a <pxDelayedTaskList+0x1>
     fbc:	05 80       	ldd	r0, Z+5	; 0x05
     fbe:	f6 81       	ldd	r31, Z+6	; 0x06
     fc0:	e0 2d       	mov	r30, r0
     fc2:	c6 81       	ldd	r28, Z+6	; 0x06
     fc4:	d7 81       	ldd	r29, Z+7	; 0x07
     fc6:	8a 81       	ldd	r24, Y+2	; 0x02
     fc8:	9b 81       	ldd	r25, Y+3	; 0x03
     fca:	e8 16       	cp	r14, r24
     fcc:	f9 06       	cpc	r15, r25
     fce:	28 f4       	brcc	.+10     	; 0xfda <xTaskIncrementTick+0xc0>
     fd0:	90 93 03 01 	sts	0x0103, r25	; 0x800103 <xNextTaskUnblockTime+0x1>
     fd4:	80 93 02 01 	sts	0x0102, r24	; 0x800102 <xNextTaskUnblockTime>
     fd8:	2f c0       	rjmp	.+94     	; 0x1038 <xTaskIncrementTick+0x11e>
     fda:	8e 01       	movw	r16, r28
     fdc:	0e 5f       	subi	r16, 0xFE	; 254
     fde:	1f 4f       	sbci	r17, 0xFF	; 255
     fe0:	c8 01       	movw	r24, r16
     fe2:	0e 94 48 01 	call	0x290	; 0x290 <uxListRemove>
     fe6:	8c 89       	ldd	r24, Y+20	; 0x14
     fe8:	9d 89       	ldd	r25, Y+21	; 0x15
     fea:	89 2b       	or	r24, r25
     fec:	21 f0       	breq	.+8      	; 0xff6 <xTaskIncrementTick+0xdc>
     fee:	ce 01       	movw	r24, r28
     ff0:	0c 96       	adiw	r24, 0x0c	; 12
     ff2:	0e 94 48 01 	call	0x290	; 0x290 <uxListRemove>
     ff6:	8e 89       	ldd	r24, Y+22	; 0x16
     ff8:	90 91 55 07 	lds	r25, 0x0755	; 0x800755 <uxTopReadyPriority>
     ffc:	98 17       	cp	r25, r24
     ffe:	10 f4       	brcc	.+4      	; 0x1004 <xTaskIncrementTick+0xea>
    1000:	80 93 55 07 	sts	0x0755, r24	; 0x800755 <uxTopReadyPriority>
    1004:	90 e0       	ldi	r25, 0x00	; 0
    1006:	9c 01       	movw	r18, r24
    1008:	22 0f       	add	r18, r18
    100a:	33 1f       	adc	r19, r19
    100c:	22 0f       	add	r18, r18
    100e:	33 1f       	adc	r19, r19
    1010:	22 0f       	add	r18, r18
    1012:	33 1f       	adc	r19, r19
    1014:	82 0f       	add	r24, r18
    1016:	93 1f       	adc	r25, r19
    1018:	b8 01       	movw	r22, r16
    101a:	83 57       	subi	r24, 0x73	; 115
    101c:	98 4f       	sbci	r25, 0xF8	; 248
    101e:	0e 94 f6 00 	call	0x1ec	; 0x1ec <vListInsertEnd>
    1022:	e0 91 b1 07 	lds	r30, 0x07B1	; 0x8007b1 <pxCurrentTCB>
    1026:	f0 91 b2 07 	lds	r31, 0x07B2	; 0x8007b2 <pxCurrentTCB+0x1>
    102a:	9e 89       	ldd	r25, Y+22	; 0x16
    102c:	86 89       	ldd	r24, Z+22	; 0x16
    102e:	98 17       	cp	r25, r24
    1030:	08 f4       	brcc	.+2      	; 0x1034 <xTaskIncrementTick+0x11a>
    1032:	b2 cf       	rjmp	.-156    	; 0xf98 <xTaskIncrementTick+0x7e>
    1034:	dc 2c       	mov	r13, r12
    1036:	b0 cf       	rjmp	.-160    	; 0xf98 <xTaskIncrementTick+0x7e>
    1038:	e0 91 b1 07 	lds	r30, 0x07B1	; 0x8007b1 <pxCurrentTCB>
    103c:	f0 91 b2 07 	lds	r31, 0x07B2	; 0x8007b2 <pxCurrentTCB+0x1>
    1040:	86 89       	ldd	r24, Z+22	; 0x16
    1042:	90 e0       	ldi	r25, 0x00	; 0
    1044:	fc 01       	movw	r30, r24
    1046:	ee 0f       	add	r30, r30
    1048:	ff 1f       	adc	r31, r31
    104a:	ee 0f       	add	r30, r30
    104c:	ff 1f       	adc	r31, r31
    104e:	ee 0f       	add	r30, r30
    1050:	ff 1f       	adc	r31, r31
    1052:	8e 0f       	add	r24, r30
    1054:	9f 1f       	adc	r25, r31
    1056:	fc 01       	movw	r30, r24
    1058:	e3 57       	subi	r30, 0x73	; 115
    105a:	f8 4f       	sbci	r31, 0xF8	; 248
    105c:	80 81       	ld	r24, Z
    105e:	82 30       	cpi	r24, 0x02	; 2
    1060:	48 f0       	brcs	.+18     	; 0x1074 <xTaskIncrementTick+0x15a>
    1062:	dd 24       	eor	r13, r13
    1064:	d3 94       	inc	r13
    1066:	06 c0       	rjmp	.+12     	; 0x1074 <xTaskIncrementTick+0x15a>
    1068:	80 91 53 07 	lds	r24, 0x0753	; 0x800753 <uxPendedTicks>
    106c:	8f 5f       	subi	r24, 0xFF	; 255
    106e:	80 93 53 07 	sts	0x0753, r24	; 0x800753 <uxPendedTicks>
    1072:	d1 2c       	mov	r13, r1
    1074:	80 91 52 07 	lds	r24, 0x0752	; 0x800752 <xYieldPending>
    1078:	88 23       	and	r24, r24
    107a:	11 f0       	breq	.+4      	; 0x1080 <xTaskIncrementTick+0x166>
    107c:	dd 24       	eor	r13, r13
    107e:	d3 94       	inc	r13
    1080:	8d 2d       	mov	r24, r13
    1082:	df 91       	pop	r29
    1084:	cf 91       	pop	r28
    1086:	1f 91       	pop	r17
    1088:	0f 91       	pop	r16
    108a:	ff 90       	pop	r15
    108c:	ef 90       	pop	r14
    108e:	df 90       	pop	r13
    1090:	cf 90       	pop	r12
    1092:	08 95       	ret

00001094 <xTaskResumeAll>:
    1094:	df 92       	push	r13
    1096:	ef 92       	push	r14
    1098:	ff 92       	push	r15
    109a:	0f 93       	push	r16
    109c:	1f 93       	push	r17
    109e:	cf 93       	push	r28
    10a0:	df 93       	push	r29
    10a2:	0f b6       	in	r0, 0x3f	; 63
    10a4:	f8 94       	cli
    10a6:	0f 92       	push	r0
    10a8:	80 91 4f 07 	lds	r24, 0x074F	; 0x80074f <uxSchedulerSuspended>
    10ac:	81 50       	subi	r24, 0x01	; 1
    10ae:	80 93 4f 07 	sts	0x074F, r24	; 0x80074f <uxSchedulerSuspended>
    10b2:	80 91 4f 07 	lds	r24, 0x074F	; 0x80074f <uxSchedulerSuspended>
    10b6:	81 11       	cpse	r24, r1
    10b8:	62 c0       	rjmp	.+196    	; 0x117e <xTaskResumeAll+0xea>
    10ba:	80 91 58 07 	lds	r24, 0x0758	; 0x800758 <uxCurrentNumberOfTasks>
    10be:	81 11       	cpse	r24, r1
    10c0:	33 c0       	rjmp	.+102    	; 0x1128 <xTaskResumeAll+0x94>
    10c2:	60 c0       	rjmp	.+192    	; 0x1184 <xTaskResumeAll+0xf0>
    10c4:	d7 01       	movw	r26, r14
    10c6:	15 96       	adiw	r26, 0x05	; 5
    10c8:	ed 91       	ld	r30, X+
    10ca:	fc 91       	ld	r31, X
    10cc:	16 97       	sbiw	r26, 0x06	; 6
    10ce:	c6 81       	ldd	r28, Z+6	; 0x06
    10d0:	d7 81       	ldd	r29, Z+7	; 0x07
    10d2:	ce 01       	movw	r24, r28
    10d4:	0c 96       	adiw	r24, 0x0c	; 12
    10d6:	0e 94 48 01 	call	0x290	; 0x290 <uxListRemove>
    10da:	8e 01       	movw	r16, r28
    10dc:	0e 5f       	subi	r16, 0xFE	; 254
    10de:	1f 4f       	sbci	r17, 0xFF	; 255
    10e0:	c8 01       	movw	r24, r16
    10e2:	0e 94 48 01 	call	0x290	; 0x290 <uxListRemove>
    10e6:	8e 89       	ldd	r24, Y+22	; 0x16
    10e8:	90 91 55 07 	lds	r25, 0x0755	; 0x800755 <uxTopReadyPriority>
    10ec:	98 17       	cp	r25, r24
    10ee:	10 f4       	brcc	.+4      	; 0x10f4 <xTaskResumeAll+0x60>
    10f0:	80 93 55 07 	sts	0x0755, r24	; 0x800755 <uxTopReadyPriority>
    10f4:	90 e0       	ldi	r25, 0x00	; 0
    10f6:	9c 01       	movw	r18, r24
    10f8:	22 0f       	add	r18, r18
    10fa:	33 1f       	adc	r19, r19
    10fc:	22 0f       	add	r18, r18
    10fe:	33 1f       	adc	r19, r19
    1100:	22 0f       	add	r18, r18
    1102:	33 1f       	adc	r19, r19
    1104:	82 0f       	add	r24, r18
    1106:	93 1f       	adc	r25, r19
    1108:	b8 01       	movw	r22, r16
    110a:	83 57       	subi	r24, 0x73	; 115
    110c:	98 4f       	sbci	r25, 0xF8	; 248
    110e:	0e 94 f6 00 	call	0x1ec	; 0x1ec <vListInsertEnd>
    1112:	e0 91 b1 07 	lds	r30, 0x07B1	; 0x8007b1 <pxCurrentTCB>
    1116:	f0 91 b2 07 	lds	r31, 0x07B2	; 0x8007b2 <pxCurrentTCB+0x1>
    111a:	9e 89       	ldd	r25, Y+22	; 0x16
    111c:	86 89       	ldd	r24, Z+22	; 0x16
    111e:	98 17       	cp	r25, r24
    1120:	58 f0       	brcs	.+22     	; 0x1138 <xTaskResumeAll+0xa4>
    1122:	d0 92 52 07 	sts	0x0752, r13	; 0x800752 <xYieldPending>
    1126:	08 c0       	rjmp	.+16     	; 0x1138 <xTaskResumeAll+0xa4>
    1128:	0f 2e       	mov	r0, r31
    112a:	fe e6       	ldi	r31, 0x6E	; 110
    112c:	ef 2e       	mov	r14, r31
    112e:	f7 e0       	ldi	r31, 0x07	; 7
    1130:	ff 2e       	mov	r15, r31
    1132:	f0 2d       	mov	r31, r0
    1134:	dd 24       	eor	r13, r13
    1136:	d3 94       	inc	r13
    1138:	f7 01       	movw	r30, r14
    113a:	80 81       	ld	r24, Z
    113c:	81 11       	cpse	r24, r1
    113e:	c2 cf       	rjmp	.-124    	; 0x10c4 <xTaskResumeAll+0x30>
    1140:	80 91 53 07 	lds	r24, 0x0753	; 0x800753 <uxPendedTicks>
    1144:	88 23       	and	r24, r24
    1146:	99 f0       	breq	.+38     	; 0x116e <xTaskResumeAll+0xda>
    1148:	80 91 53 07 	lds	r24, 0x0753	; 0x800753 <uxPendedTicks>
    114c:	88 23       	and	r24, r24
    114e:	79 f0       	breq	.+30     	; 0x116e <xTaskResumeAll+0xda>
    1150:	c1 e0       	ldi	r28, 0x01	; 1
    1152:	0e 94 8d 07 	call	0xf1a	; 0xf1a <xTaskIncrementTick>
    1156:	81 11       	cpse	r24, r1
    1158:	c0 93 52 07 	sts	0x0752, r28	; 0x800752 <xYieldPending>
    115c:	80 91 53 07 	lds	r24, 0x0753	; 0x800753 <uxPendedTicks>
    1160:	81 50       	subi	r24, 0x01	; 1
    1162:	80 93 53 07 	sts	0x0753, r24	; 0x800753 <uxPendedTicks>
    1166:	80 91 53 07 	lds	r24, 0x0753	; 0x800753 <uxPendedTicks>
    116a:	81 11       	cpse	r24, r1
    116c:	f2 cf       	rjmp	.-28     	; 0x1152 <xTaskResumeAll+0xbe>
    116e:	80 91 52 07 	lds	r24, 0x0752	; 0x800752 <xYieldPending>
    1172:	81 30       	cpi	r24, 0x01	; 1
    1174:	31 f4       	brne	.+12     	; 0x1182 <xTaskResumeAll+0xee>
    1176:	0e 94 14 02 	call	0x428	; 0x428 <vPortYield>
    117a:	81 e0       	ldi	r24, 0x01	; 1
    117c:	03 c0       	rjmp	.+6      	; 0x1184 <xTaskResumeAll+0xf0>
    117e:	80 e0       	ldi	r24, 0x00	; 0
    1180:	01 c0       	rjmp	.+2      	; 0x1184 <xTaskResumeAll+0xf0>
    1182:	80 e0       	ldi	r24, 0x00	; 0
    1184:	0f 90       	pop	r0
    1186:	0f be       	out	0x3f, r0	; 63
    1188:	df 91       	pop	r29
    118a:	cf 91       	pop	r28
    118c:	1f 91       	pop	r17
    118e:	0f 91       	pop	r16
    1190:	ff 90       	pop	r15
    1192:	ef 90       	pop	r14
    1194:	df 90       	pop	r13
    1196:	08 95       	ret

00001198 <vTaskDelay>:
    1198:	cf 93       	push	r28
    119a:	df 93       	push	r29
    119c:	ec 01       	movw	r28, r24
    119e:	89 2b       	or	r24, r25
    11a0:	b1 f0       	breq	.+44     	; 0x11ce <vTaskDelay+0x36>
    11a2:	0e 94 87 07 	call	0xf0e	; 0xf0e <vTaskSuspendAll>
    11a6:	80 91 56 07 	lds	r24, 0x0756	; 0x800756 <xTickCount>
    11aa:	90 91 57 07 	lds	r25, 0x0757	; 0x800757 <xTickCount+0x1>
    11ae:	c8 0f       	add	r28, r24
    11b0:	d9 1f       	adc	r29, r25
    11b2:	80 91 b1 07 	lds	r24, 0x07B1	; 0x8007b1 <pxCurrentTCB>
    11b6:	90 91 b2 07 	lds	r25, 0x07B2	; 0x8007b2 <pxCurrentTCB+0x1>
    11ba:	02 96       	adiw	r24, 0x02	; 2
    11bc:	0e 94 48 01 	call	0x290	; 0x290 <uxListRemove>
    11c0:	ce 01       	movw	r24, r28
    11c2:	0e 94 0e 06 	call	0xc1c	; 0xc1c <prvAddCurrentTaskToDelayedList>
    11c6:	0e 94 4a 08 	call	0x1094	; 0x1094 <xTaskResumeAll>
    11ca:	81 11       	cpse	r24, r1
    11cc:	02 c0       	rjmp	.+4      	; 0x11d2 <vTaskDelay+0x3a>
    11ce:	0e 94 14 02 	call	0x428	; 0x428 <vPortYield>
    11d2:	df 91       	pop	r29
    11d4:	cf 91       	pop	r28
    11d6:	08 95       	ret

000011d8 <prvIdleTask>:
    11d8:	05 e6       	ldi	r16, 0x65	; 101
    11da:	17 e0       	ldi	r17, 0x07	; 7
    11dc:	0f 2e       	mov	r0, r31
    11de:	fd e8       	ldi	r31, 0x8D	; 141
    11e0:	ef 2e       	mov	r14, r31
    11e2:	f7 e0       	ldi	r31, 0x07	; 7
    11e4:	ff 2e       	mov	r15, r31
    11e6:	f0 2d       	mov	r31, r0
    11e8:	29 c0       	rjmp	.+82     	; 0x123c <prvIdleTask+0x64>
    11ea:	0e 94 87 07 	call	0xf0e	; 0xf0e <vTaskSuspendAll>
    11ee:	d8 01       	movw	r26, r16
    11f0:	cc 91       	ld	r28, X
    11f2:	0e 94 4a 08 	call	0x1094	; 0x1094 <xTaskResumeAll>
    11f6:	cc 23       	and	r28, r28
    11f8:	09 f1       	breq	.+66     	; 0x123c <prvIdleTask+0x64>
    11fa:	0f b6       	in	r0, 0x3f	; 63
    11fc:	f8 94       	cli
    11fe:	0f 92       	push	r0
    1200:	d8 01       	movw	r26, r16
    1202:	15 96       	adiw	r26, 0x05	; 5
    1204:	ed 91       	ld	r30, X+
    1206:	fc 91       	ld	r31, X
    1208:	16 97       	sbiw	r26, 0x06	; 6
    120a:	c6 81       	ldd	r28, Z+6	; 0x06
    120c:	d7 81       	ldd	r29, Z+7	; 0x07
    120e:	ce 01       	movw	r24, r28
    1210:	02 96       	adiw	r24, 0x02	; 2
    1212:	0e 94 48 01 	call	0x290	; 0x290 <uxListRemove>
    1216:	80 91 58 07 	lds	r24, 0x0758	; 0x800758 <uxCurrentNumberOfTasks>
    121a:	81 50       	subi	r24, 0x01	; 1
    121c:	80 93 58 07 	sts	0x0758, r24	; 0x800758 <uxCurrentNumberOfTasks>
    1220:	80 91 64 07 	lds	r24, 0x0764	; 0x800764 <uxTasksDeleted>
    1224:	81 50       	subi	r24, 0x01	; 1
    1226:	80 93 64 07 	sts	0x0764, r24	; 0x800764 <uxTasksDeleted>
    122a:	0f 90       	pop	r0
    122c:	0f be       	out	0x3f, r0	; 63
    122e:	8f 89       	ldd	r24, Y+23	; 0x17
    1230:	98 8d       	ldd	r25, Y+24	; 0x18
    1232:	0e 94 66 03 	call	0x6cc	; 0x6cc <vPortFree>
    1236:	ce 01       	movw	r24, r28
    1238:	0e 94 66 03 	call	0x6cc	; 0x6cc <vPortFree>
    123c:	80 91 64 07 	lds	r24, 0x0764	; 0x800764 <uxTasksDeleted>
    1240:	81 11       	cpse	r24, r1
    1242:	d3 cf       	rjmp	.-90     	; 0x11ea <prvIdleTask+0x12>
    1244:	f7 01       	movw	r30, r14
    1246:	80 81       	ld	r24, Z
    1248:	82 30       	cpi	r24, 0x02	; 2
    124a:	c0 f3       	brcs	.-16     	; 0x123c <prvIdleTask+0x64>
    124c:	0e 94 14 02 	call	0x428	; 0x428 <vPortYield>
    1250:	f5 cf       	rjmp	.-22     	; 0x123c <prvIdleTask+0x64>

00001252 <vTaskSwitchContext>:
    1252:	80 91 4f 07 	lds	r24, 0x074F	; 0x80074f <uxSchedulerSuspended>
    1256:	88 23       	and	r24, r24
    1258:	21 f0       	breq	.+8      	; 0x1262 <vTaskSwitchContext+0x10>
    125a:	81 e0       	ldi	r24, 0x01	; 1
    125c:	80 93 52 07 	sts	0x0752, r24	; 0x800752 <xYieldPending>
    1260:	08 95       	ret
    1262:	10 92 52 07 	sts	0x0752, r1	; 0x800752 <xYieldPending>
    1266:	80 91 55 07 	lds	r24, 0x0755	; 0x800755 <uxTopReadyPriority>
    126a:	90 e0       	ldi	r25, 0x00	; 0
    126c:	fc 01       	movw	r30, r24
    126e:	ee 0f       	add	r30, r30
    1270:	ff 1f       	adc	r31, r31
    1272:	ee 0f       	add	r30, r30
    1274:	ff 1f       	adc	r31, r31
    1276:	ee 0f       	add	r30, r30
    1278:	ff 1f       	adc	r31, r31
    127a:	8e 0f       	add	r24, r30
    127c:	9f 1f       	adc	r25, r31
    127e:	fc 01       	movw	r30, r24
    1280:	e3 57       	subi	r30, 0x73	; 115
    1282:	f8 4f       	sbci	r31, 0xF8	; 248
    1284:	80 81       	ld	r24, Z
    1286:	81 11       	cpse	r24, r1
    1288:	17 c0       	rjmp	.+46     	; 0x12b8 <vTaskSwitchContext+0x66>
    128a:	80 91 55 07 	lds	r24, 0x0755	; 0x800755 <uxTopReadyPriority>
    128e:	81 50       	subi	r24, 0x01	; 1
    1290:	80 93 55 07 	sts	0x0755, r24	; 0x800755 <uxTopReadyPriority>
    1294:	80 91 55 07 	lds	r24, 0x0755	; 0x800755 <uxTopReadyPriority>
    1298:	90 e0       	ldi	r25, 0x00	; 0
    129a:	fc 01       	movw	r30, r24
    129c:	ee 0f       	add	r30, r30
    129e:	ff 1f       	adc	r31, r31
    12a0:	ee 0f       	add	r30, r30
    12a2:	ff 1f       	adc	r31, r31
    12a4:	ee 0f       	add	r30, r30
    12a6:	ff 1f       	adc	r31, r31
    12a8:	8e 0f       	add	r24, r30
    12aa:	9f 1f       	adc	r25, r31
    12ac:	fc 01       	movw	r30, r24
    12ae:	e3 57       	subi	r30, 0x73	; 115
    12b0:	f8 4f       	sbci	r31, 0xF8	; 248
    12b2:	80 81       	ld	r24, Z
    12b4:	88 23       	and	r24, r24
    12b6:	49 f3       	breq	.-46     	; 0x128a <vTaskSwitchContext+0x38>
    12b8:	80 91 55 07 	lds	r24, 0x0755	; 0x800755 <uxTopReadyPriority>
    12bc:	90 e0       	ldi	r25, 0x00	; 0
    12be:	9c 01       	movw	r18, r24
    12c0:	22 0f       	add	r18, r18
    12c2:	33 1f       	adc	r19, r19
    12c4:	22 0f       	add	r18, r18
    12c6:	33 1f       	adc	r19, r19
    12c8:	22 0f       	add	r18, r18
    12ca:	33 1f       	adc	r19, r19
    12cc:	28 0f       	add	r18, r24
    12ce:	39 1f       	adc	r19, r25
    12d0:	d9 01       	movw	r26, r18
    12d2:	a3 57       	subi	r26, 0x73	; 115
    12d4:	b8 4f       	sbci	r27, 0xF8	; 248
    12d6:	11 96       	adiw	r26, 0x01	; 1
    12d8:	ed 91       	ld	r30, X+
    12da:	fc 91       	ld	r31, X
    12dc:	12 97       	sbiw	r26, 0x02	; 2
    12de:	02 80       	ldd	r0, Z+2	; 0x02
    12e0:	f3 81       	ldd	r31, Z+3	; 0x03
    12e2:	e0 2d       	mov	r30, r0
    12e4:	12 96       	adiw	r26, 0x02	; 2
    12e6:	fc 93       	st	X, r31
    12e8:	ee 93       	st	-X, r30
    12ea:	11 97       	sbiw	r26, 0x01	; 1
    12ec:	20 57       	subi	r18, 0x70	; 112
    12ee:	38 4f       	sbci	r19, 0xF8	; 248
    12f0:	e2 17       	cp	r30, r18
    12f2:	f3 07       	cpc	r31, r19
    12f4:	29 f4       	brne	.+10     	; 0x1300 <vTaskSwitchContext+0xae>
    12f6:	22 81       	ldd	r18, Z+2	; 0x02
    12f8:	33 81       	ldd	r19, Z+3	; 0x03
    12fa:	fd 01       	movw	r30, r26
    12fc:	32 83       	std	Z+2, r19	; 0x02
    12fe:	21 83       	std	Z+1, r18	; 0x01
    1300:	fc 01       	movw	r30, r24
    1302:	ee 0f       	add	r30, r30
    1304:	ff 1f       	adc	r31, r31
    1306:	ee 0f       	add	r30, r30
    1308:	ff 1f       	adc	r31, r31
    130a:	ee 0f       	add	r30, r30
    130c:	ff 1f       	adc	r31, r31
    130e:	8e 0f       	add	r24, r30
    1310:	9f 1f       	adc	r25, r31
    1312:	fc 01       	movw	r30, r24
    1314:	e3 57       	subi	r30, 0x73	; 115
    1316:	f8 4f       	sbci	r31, 0xF8	; 248
    1318:	01 80       	ldd	r0, Z+1	; 0x01
    131a:	f2 81       	ldd	r31, Z+2	; 0x02
    131c:	e0 2d       	mov	r30, r0
    131e:	86 81       	ldd	r24, Z+6	; 0x06
    1320:	97 81       	ldd	r25, Z+7	; 0x07
    1322:	90 93 b2 07 	sts	0x07B2, r25	; 0x8007b2 <pxCurrentTCB+0x1>
    1326:	80 93 b1 07 	sts	0x07B1, r24	; 0x8007b1 <pxCurrentTCB>
    132a:	08 95       	ret

0000132c <vTaskPlaceOnEventList>:
    132c:	cf 93       	push	r28
    132e:	df 93       	push	r29
    1330:	eb 01       	movw	r28, r22
    1332:	60 91 b1 07 	lds	r22, 0x07B1	; 0x8007b1 <pxCurrentTCB>
    1336:	70 91 b2 07 	lds	r23, 0x07B2	; 0x8007b2 <pxCurrentTCB+0x1>
    133a:	64 5f       	subi	r22, 0xF4	; 244
    133c:	7f 4f       	sbci	r23, 0xFF	; 255
    133e:	0e 94 17 01 	call	0x22e	; 0x22e <vListInsert>
    1342:	80 91 b1 07 	lds	r24, 0x07B1	; 0x8007b1 <pxCurrentTCB>
    1346:	90 91 b2 07 	lds	r25, 0x07B2	; 0x8007b2 <pxCurrentTCB+0x1>
    134a:	02 96       	adiw	r24, 0x02	; 2
    134c:	0e 94 48 01 	call	0x290	; 0x290 <uxListRemove>
    1350:	cf 3f       	cpi	r28, 0xFF	; 255
    1352:	8f ef       	ldi	r24, 0xFF	; 255
    1354:	d8 07       	cpc	r29, r24
    1356:	59 f4       	brne	.+22     	; 0x136e <vTaskPlaceOnEventList+0x42>
    1358:	60 91 b1 07 	lds	r22, 0x07B1	; 0x8007b1 <pxCurrentTCB>
    135c:	70 91 b2 07 	lds	r23, 0x07B2	; 0x8007b2 <pxCurrentTCB+0x1>
    1360:	6e 5f       	subi	r22, 0xFE	; 254
    1362:	7f 4f       	sbci	r23, 0xFF	; 255
    1364:	8b e5       	ldi	r24, 0x5B	; 91
    1366:	97 e0       	ldi	r25, 0x07	; 7
    1368:	0e 94 f6 00 	call	0x1ec	; 0x1ec <vListInsertEnd>
    136c:	08 c0       	rjmp	.+16     	; 0x137e <vTaskPlaceOnEventList+0x52>
    136e:	80 91 56 07 	lds	r24, 0x0756	; 0x800756 <xTickCount>
    1372:	90 91 57 07 	lds	r25, 0x0757	; 0x800757 <xTickCount+0x1>
    1376:	8c 0f       	add	r24, r28
    1378:	9d 1f       	adc	r25, r29
    137a:	0e 94 0e 06 	call	0xc1c	; 0xc1c <prvAddCurrentTaskToDelayedList>
    137e:	df 91       	pop	r29
    1380:	cf 91       	pop	r28
    1382:	08 95       	ret

00001384 <xTaskRemoveFromEventList>:
    1384:	0f 93       	push	r16
    1386:	1f 93       	push	r17
    1388:	cf 93       	push	r28
    138a:	df 93       	push	r29
    138c:	dc 01       	movw	r26, r24
    138e:	15 96       	adiw	r26, 0x05	; 5
    1390:	ed 91       	ld	r30, X+
    1392:	fc 91       	ld	r31, X
    1394:	16 97       	sbiw	r26, 0x06	; 6
    1396:	c6 81       	ldd	r28, Z+6	; 0x06
    1398:	d7 81       	ldd	r29, Z+7	; 0x07
    139a:	8e 01       	movw	r16, r28
    139c:	04 5f       	subi	r16, 0xF4	; 244
    139e:	1f 4f       	sbci	r17, 0xFF	; 255
    13a0:	c8 01       	movw	r24, r16
    13a2:	0e 94 48 01 	call	0x290	; 0x290 <uxListRemove>
    13a6:	80 91 4f 07 	lds	r24, 0x074F	; 0x80074f <uxSchedulerSuspended>
    13aa:	81 11       	cpse	r24, r1
    13ac:	1c c0       	rjmp	.+56     	; 0x13e6 <xTaskRemoveFromEventList+0x62>
    13ae:	0a 50       	subi	r16, 0x0A	; 10
    13b0:	11 09       	sbc	r17, r1
    13b2:	c8 01       	movw	r24, r16
    13b4:	0e 94 48 01 	call	0x290	; 0x290 <uxListRemove>
    13b8:	8e 89       	ldd	r24, Y+22	; 0x16
    13ba:	90 91 55 07 	lds	r25, 0x0755	; 0x800755 <uxTopReadyPriority>
    13be:	98 17       	cp	r25, r24
    13c0:	10 f4       	brcc	.+4      	; 0x13c6 <xTaskRemoveFromEventList+0x42>
    13c2:	80 93 55 07 	sts	0x0755, r24	; 0x800755 <uxTopReadyPriority>
    13c6:	90 e0       	ldi	r25, 0x00	; 0
    13c8:	9c 01       	movw	r18, r24
    13ca:	22 0f       	add	r18, r18
    13cc:	33 1f       	adc	r19, r19
    13ce:	22 0f       	add	r18, r18
    13d0:	33 1f       	adc	r19, r19
    13d2:	22 0f       	add	r18, r18
    13d4:	33 1f       	adc	r19, r19
    13d6:	82 0f       	add	r24, r18
    13d8:	93 1f       	adc	r25, r19
    13da:	b8 01       	movw	r22, r16
    13dc:	83 57       	subi	r24, 0x73	; 115
    13de:	98 4f       	sbci	r25, 0xF8	; 248
    13e0:	0e 94 f6 00 	call	0x1ec	; 0x1ec <vListInsertEnd>
    13e4:	05 c0       	rjmp	.+10     	; 0x13f0 <xTaskRemoveFromEventList+0x6c>
    13e6:	b8 01       	movw	r22, r16
    13e8:	8e e6       	ldi	r24, 0x6E	; 110
    13ea:	97 e0       	ldi	r25, 0x07	; 7
    13ec:	0e 94 f6 00 	call	0x1ec	; 0x1ec <vListInsertEnd>
    13f0:	e0 91 b1 07 	lds	r30, 0x07B1	; 0x8007b1 <pxCurrentTCB>
    13f4:	f0 91 b2 07 	lds	r31, 0x07B2	; 0x8007b2 <pxCurrentTCB+0x1>
    13f8:	9e 89       	ldd	r25, Y+22	; 0x16
    13fa:	86 89       	ldd	r24, Z+22	; 0x16
    13fc:	89 17       	cp	r24, r25
    13fe:	20 f4       	brcc	.+8      	; 0x1408 <xTaskRemoveFromEventList+0x84>
    1400:	81 e0       	ldi	r24, 0x01	; 1
    1402:	80 93 52 07 	sts	0x0752, r24	; 0x800752 <xYieldPending>
    1406:	01 c0       	rjmp	.+2      	; 0x140a <xTaskRemoveFromEventList+0x86>
    1408:	80 e0       	ldi	r24, 0x00	; 0
    140a:	df 91       	pop	r29
    140c:	cf 91       	pop	r28
    140e:	1f 91       	pop	r17
    1410:	0f 91       	pop	r16
    1412:	08 95       	ret

00001414 <vTaskSetTimeOutState>:
    1414:	20 91 51 07 	lds	r18, 0x0751	; 0x800751 <xNumOfOverflows>
    1418:	fc 01       	movw	r30, r24
    141a:	20 83       	st	Z, r18
    141c:	20 91 56 07 	lds	r18, 0x0756	; 0x800756 <xTickCount>
    1420:	30 91 57 07 	lds	r19, 0x0757	; 0x800757 <xTickCount+0x1>
    1424:	32 83       	std	Z+2, r19	; 0x02
    1426:	21 83       	std	Z+1, r18	; 0x01
    1428:	08 95       	ret

0000142a <xTaskCheckForTimeOut>:
    142a:	0f b6       	in	r0, 0x3f	; 63
    142c:	f8 94       	cli
    142e:	0f 92       	push	r0
    1430:	40 91 56 07 	lds	r20, 0x0756	; 0x800756 <xTickCount>
    1434:	50 91 57 07 	lds	r21, 0x0757	; 0x800757 <xTickCount+0x1>
    1438:	db 01       	movw	r26, r22
    143a:	2d 91       	ld	r18, X+
    143c:	3c 91       	ld	r19, X
    143e:	2f 3f       	cpi	r18, 0xFF	; 255
    1440:	bf ef       	ldi	r27, 0xFF	; 255
    1442:	3b 07       	cpc	r19, r27
    1444:	19 f1       	breq	.+70     	; 0x148c <xTaskCheckForTimeOut+0x62>
    1446:	e0 91 51 07 	lds	r30, 0x0751	; 0x800751 <xNumOfOverflows>
    144a:	dc 01       	movw	r26, r24
    144c:	fc 91       	ld	r31, X
    144e:	fe 17       	cp	r31, r30
    1450:	39 f0       	breq	.+14     	; 0x1460 <xTaskCheckForTimeOut+0x36>
    1452:	11 96       	adiw	r26, 0x01	; 1
    1454:	ed 91       	ld	r30, X+
    1456:	fc 91       	ld	r31, X
    1458:	12 97       	sbiw	r26, 0x02	; 2
    145a:	4e 17       	cp	r20, r30
    145c:	5f 07       	cpc	r21, r31
    145e:	c0 f4       	brcc	.+48     	; 0x1490 <xTaskCheckForTimeOut+0x66>
    1460:	dc 01       	movw	r26, r24
    1462:	11 96       	adiw	r26, 0x01	; 1
    1464:	ed 91       	ld	r30, X+
    1466:	fc 91       	ld	r31, X
    1468:	12 97       	sbiw	r26, 0x02	; 2
    146a:	da 01       	movw	r26, r20
    146c:	ae 1b       	sub	r26, r30
    146e:	bf 0b       	sbc	r27, r31
    1470:	a2 17       	cp	r26, r18
    1472:	b3 07       	cpc	r27, r19
    1474:	78 f4       	brcc	.+30     	; 0x1494 <xTaskCheckForTimeOut+0x6a>
    1476:	db 01       	movw	r26, r22
    1478:	e4 1b       	sub	r30, r20
    147a:	f5 0b       	sbc	r31, r21
    147c:	2e 0f       	add	r18, r30
    147e:	3f 1f       	adc	r19, r31
    1480:	2d 93       	st	X+, r18
    1482:	3c 93       	st	X, r19
    1484:	0e 94 0a 0a 	call	0x1414	; 0x1414 <vTaskSetTimeOutState>
    1488:	80 e0       	ldi	r24, 0x00	; 0
    148a:	05 c0       	rjmp	.+10     	; 0x1496 <xTaskCheckForTimeOut+0x6c>
    148c:	80 e0       	ldi	r24, 0x00	; 0
    148e:	03 c0       	rjmp	.+6      	; 0x1496 <xTaskCheckForTimeOut+0x6c>
    1490:	81 e0       	ldi	r24, 0x01	; 1
    1492:	01 c0       	rjmp	.+2      	; 0x1496 <xTaskCheckForTimeOut+0x6c>
    1494:	81 e0       	ldi	r24, 0x01	; 1
    1496:	0f 90       	pop	r0
    1498:	0f be       	out	0x3f, r0	; 63
    149a:	08 95       	ret

0000149c <vTaskMissedYield>:
    149c:	81 e0       	ldi	r24, 0x01	; 1
    149e:	80 93 52 07 	sts	0x0752, r24	; 0x800752 <xYieldPending>
    14a2:	08 95       	ret

000014a4 <vTaskPriorityInherit>:
    14a4:	0f 93       	push	r16
    14a6:	1f 93       	push	r17
    14a8:	cf 93       	push	r28
    14aa:	df 93       	push	r29
    14ac:	fc 01       	movw	r30, r24
    14ae:	89 2b       	or	r24, r25
    14b0:	09 f4       	brne	.+2      	; 0x14b4 <vTaskPriorityInherit+0x10>
    14b2:	55 c0       	rjmp	.+170    	; 0x155e <vTaskPriorityInherit+0xba>
    14b4:	26 89       	ldd	r18, Z+22	; 0x16
    14b6:	a0 91 b1 07 	lds	r26, 0x07B1	; 0x8007b1 <pxCurrentTCB>
    14ba:	b0 91 b2 07 	lds	r27, 0x07B2	; 0x8007b2 <pxCurrentTCB+0x1>
    14be:	56 96       	adiw	r26, 0x16	; 22
    14c0:	8c 91       	ld	r24, X
    14c2:	28 17       	cp	r18, r24
    14c4:	08 f0       	brcs	.+2      	; 0x14c8 <vTaskPriorityInherit+0x24>
    14c6:	4b c0       	rjmp	.+150    	; 0x155e <vTaskPriorityInherit+0xba>
    14c8:	84 85       	ldd	r24, Z+12	; 0x0c
    14ca:	95 85       	ldd	r25, Z+13	; 0x0d
    14cc:	99 23       	and	r25, r25
    14ce:	64 f0       	brlt	.+24     	; 0x14e8 <vTaskPriorityInherit+0x44>
    14d0:	a0 91 b1 07 	lds	r26, 0x07B1	; 0x8007b1 <pxCurrentTCB>
    14d4:	b0 91 b2 07 	lds	r27, 0x07B2	; 0x8007b2 <pxCurrentTCB+0x1>
    14d8:	56 96       	adiw	r26, 0x16	; 22
    14da:	3c 91       	ld	r19, X
    14dc:	84 e0       	ldi	r24, 0x04	; 4
    14de:	90 e0       	ldi	r25, 0x00	; 0
    14e0:	83 1b       	sub	r24, r19
    14e2:	91 09       	sbc	r25, r1
    14e4:	95 87       	std	Z+13, r25	; 0x0d
    14e6:	84 87       	std	Z+12, r24	; 0x0c
    14e8:	30 e0       	ldi	r19, 0x00	; 0
    14ea:	c9 01       	movw	r24, r18
    14ec:	88 0f       	add	r24, r24
    14ee:	99 1f       	adc	r25, r25
    14f0:	88 0f       	add	r24, r24
    14f2:	99 1f       	adc	r25, r25
    14f4:	88 0f       	add	r24, r24
    14f6:	99 1f       	adc	r25, r25
    14f8:	28 0f       	add	r18, r24
    14fa:	39 1f       	adc	r19, r25
    14fc:	23 57       	subi	r18, 0x73	; 115
    14fe:	38 4f       	sbci	r19, 0xF8	; 248
    1500:	82 85       	ldd	r24, Z+10	; 0x0a
    1502:	93 85       	ldd	r25, Z+11	; 0x0b
    1504:	82 17       	cp	r24, r18
    1506:	93 07       	cpc	r25, r19
    1508:	19 f5       	brne	.+70     	; 0x1550 <vTaskPriorityInherit+0xac>
    150a:	8f 01       	movw	r16, r30
    150c:	ef 01       	movw	r28, r30
    150e:	22 96       	adiw	r28, 0x02	; 2
    1510:	ce 01       	movw	r24, r28
    1512:	0e 94 48 01 	call	0x290	; 0x290 <uxListRemove>
    1516:	e0 91 b1 07 	lds	r30, 0x07B1	; 0x8007b1 <pxCurrentTCB>
    151a:	f0 91 b2 07 	lds	r31, 0x07B2	; 0x8007b2 <pxCurrentTCB+0x1>
    151e:	86 89       	ldd	r24, Z+22	; 0x16
    1520:	f8 01       	movw	r30, r16
    1522:	86 8b       	std	Z+22, r24	; 0x16
    1524:	90 91 55 07 	lds	r25, 0x0755	; 0x800755 <uxTopReadyPriority>
    1528:	98 17       	cp	r25, r24
    152a:	10 f4       	brcc	.+4      	; 0x1530 <vTaskPriorityInherit+0x8c>
    152c:	80 93 55 07 	sts	0x0755, r24	; 0x800755 <uxTopReadyPriority>
    1530:	90 e0       	ldi	r25, 0x00	; 0
    1532:	9c 01       	movw	r18, r24
    1534:	22 0f       	add	r18, r18
    1536:	33 1f       	adc	r19, r19
    1538:	22 0f       	add	r18, r18
    153a:	33 1f       	adc	r19, r19
    153c:	22 0f       	add	r18, r18
    153e:	33 1f       	adc	r19, r19
    1540:	82 0f       	add	r24, r18
    1542:	93 1f       	adc	r25, r19
    1544:	be 01       	movw	r22, r28
    1546:	83 57       	subi	r24, 0x73	; 115
    1548:	98 4f       	sbci	r25, 0xF8	; 248
    154a:	0e 94 f6 00 	call	0x1ec	; 0x1ec <vListInsertEnd>
    154e:	07 c0       	rjmp	.+14     	; 0x155e <vTaskPriorityInherit+0xba>
    1550:	a0 91 b1 07 	lds	r26, 0x07B1	; 0x8007b1 <pxCurrentTCB>
    1554:	b0 91 b2 07 	lds	r27, 0x07B2	; 0x8007b2 <pxCurrentTCB+0x1>
    1558:	56 96       	adiw	r26, 0x16	; 22
    155a:	8c 91       	ld	r24, X
    155c:	86 8b       	std	Z+22, r24	; 0x16
    155e:	df 91       	pop	r29
    1560:	cf 91       	pop	r28
    1562:	1f 91       	pop	r17
    1564:	0f 91       	pop	r16
    1566:	08 95       	ret

00001568 <xTaskPriorityDisinherit>:
    1568:	0f 93       	push	r16
    156a:	1f 93       	push	r17
    156c:	cf 93       	push	r28
    156e:	df 93       	push	r29
    1570:	fc 01       	movw	r30, r24
    1572:	89 2b       	or	r24, r25
    1574:	79 f1       	breq	.+94     	; 0x15d4 <xTaskPriorityDisinherit+0x6c>
    1576:	82 a1       	ldd	r24, Z+34	; 0x22
    1578:	81 50       	subi	r24, 0x01	; 1
    157a:	82 a3       	std	Z+34, r24	; 0x22
    157c:	26 89       	ldd	r18, Z+22	; 0x16
    157e:	91 a1       	ldd	r25, Z+33	; 0x21
    1580:	29 17       	cp	r18, r25
    1582:	51 f1       	breq	.+84     	; 0x15d8 <xTaskPriorityDisinherit+0x70>
    1584:	81 11       	cpse	r24, r1
    1586:	2a c0       	rjmp	.+84     	; 0x15dc <xTaskPriorityDisinherit+0x74>
    1588:	ef 01       	movw	r28, r30
    158a:	8f 01       	movw	r16, r30
    158c:	0e 5f       	subi	r16, 0xFE	; 254
    158e:	1f 4f       	sbci	r17, 0xFF	; 255
    1590:	c8 01       	movw	r24, r16
    1592:	0e 94 48 01 	call	0x290	; 0x290 <uxListRemove>
    1596:	89 a1       	ldd	r24, Y+33	; 0x21
    1598:	8e 8b       	std	Y+22, r24	; 0x16
    159a:	24 e0       	ldi	r18, 0x04	; 4
    159c:	30 e0       	ldi	r19, 0x00	; 0
    159e:	28 1b       	sub	r18, r24
    15a0:	31 09       	sbc	r19, r1
    15a2:	3d 87       	std	Y+13, r19	; 0x0d
    15a4:	2c 87       	std	Y+12, r18	; 0x0c
    15a6:	90 91 55 07 	lds	r25, 0x0755	; 0x800755 <uxTopReadyPriority>
    15aa:	98 17       	cp	r25, r24
    15ac:	10 f4       	brcc	.+4      	; 0x15b2 <xTaskPriorityDisinherit+0x4a>
    15ae:	80 93 55 07 	sts	0x0755, r24	; 0x800755 <uxTopReadyPriority>
    15b2:	90 e0       	ldi	r25, 0x00	; 0
    15b4:	9c 01       	movw	r18, r24
    15b6:	22 0f       	add	r18, r18
    15b8:	33 1f       	adc	r19, r19
    15ba:	22 0f       	add	r18, r18
    15bc:	33 1f       	adc	r19, r19
    15be:	22 0f       	add	r18, r18
    15c0:	33 1f       	adc	r19, r19
    15c2:	82 0f       	add	r24, r18
    15c4:	93 1f       	adc	r25, r19
    15c6:	b8 01       	movw	r22, r16
    15c8:	83 57       	subi	r24, 0x73	; 115
    15ca:	98 4f       	sbci	r25, 0xF8	; 248
    15cc:	0e 94 f6 00 	call	0x1ec	; 0x1ec <vListInsertEnd>
    15d0:	81 e0       	ldi	r24, 0x01	; 1
    15d2:	05 c0       	rjmp	.+10     	; 0x15de <xTaskPriorityDisinherit+0x76>
    15d4:	80 e0       	ldi	r24, 0x00	; 0
    15d6:	03 c0       	rjmp	.+6      	; 0x15de <xTaskPriorityDisinherit+0x76>
    15d8:	80 e0       	ldi	r24, 0x00	; 0
    15da:	01 c0       	rjmp	.+2      	; 0x15de <xTaskPriorityDisinherit+0x76>
    15dc:	80 e0       	ldi	r24, 0x00	; 0
    15de:	df 91       	pop	r29
    15e0:	cf 91       	pop	r28
    15e2:	1f 91       	pop	r17
    15e4:	0f 91       	pop	r16
    15e6:	08 95       	ret

000015e8 <pvTaskIncrementMutexHeldCount>:
    15e8:	80 91 b1 07 	lds	r24, 0x07B1	; 0x8007b1 <pxCurrentTCB>
    15ec:	90 91 b2 07 	lds	r25, 0x07B2	; 0x8007b2 <pxCurrentTCB+0x1>
    15f0:	89 2b       	or	r24, r25
    15f2:	39 f0       	breq	.+14     	; 0x1602 <pvTaskIncrementMutexHeldCount+0x1a>
    15f4:	e0 91 b1 07 	lds	r30, 0x07B1	; 0x8007b1 <pxCurrentTCB>
    15f8:	f0 91 b2 07 	lds	r31, 0x07B2	; 0x8007b2 <pxCurrentTCB+0x1>
    15fc:	82 a1       	ldd	r24, Z+34	; 0x22
    15fe:	8f 5f       	subi	r24, 0xFF	; 255
    1600:	82 a3       	std	Z+34, r24	; 0x22
    1602:	80 91 b1 07 	lds	r24, 0x07B1	; 0x8007b1 <pxCurrentTCB>
    1606:	90 91 b2 07 	lds	r25, 0x07B2	; 0x8007b2 <pxCurrentTCB+0x1>
    160a:	08 95       	ret

0000160c <__vector_1>:
    160c:	1f 92       	push	r1
    160e:	0f 92       	push	r0
    1610:	0f b6       	in	r0, 0x3f	; 63
    1612:	0f 92       	push	r0
    1614:	11 24       	eor	r1, r1
    1616:	2f 93       	push	r18
    1618:	3f 93       	push	r19
    161a:	4f 93       	push	r20
    161c:	5f 93       	push	r21
    161e:	6f 93       	push	r22
    1620:	7f 93       	push	r23
    1622:	8f 93       	push	r24
    1624:	9f 93       	push	r25
    1626:	af 93       	push	r26
    1628:	bf 93       	push	r27
    162a:	ef 93       	push	r30
    162c:	ff 93       	push	r31
    162e:	80 91 b3 07 	lds	r24, 0x07B3	; 0x8007b3 <intFunc>
    1632:	90 91 b4 07 	lds	r25, 0x07B4	; 0x8007b4 <intFunc+0x1>
    1636:	89 2b       	or	r24, r25
    1638:	29 f0       	breq	.+10     	; 0x1644 <__vector_1+0x38>
    163a:	e0 91 b3 07 	lds	r30, 0x07B3	; 0x8007b3 <intFunc>
    163e:	f0 91 b4 07 	lds	r31, 0x07B4	; 0x8007b4 <intFunc+0x1>
    1642:	09 95       	icall
    1644:	ff 91       	pop	r31
    1646:	ef 91       	pop	r30
    1648:	bf 91       	pop	r27
    164a:	af 91       	pop	r26
    164c:	9f 91       	pop	r25
    164e:	8f 91       	pop	r24
    1650:	7f 91       	pop	r23
    1652:	6f 91       	pop	r22
    1654:	5f 91       	pop	r21
    1656:	4f 91       	pop	r20
    1658:	3f 91       	pop	r19
    165a:	2f 91       	pop	r18
    165c:	0f 90       	pop	r0
    165e:	0f be       	out	0x3f, r0	; 63
    1660:	0f 90       	pop	r0
    1662:	1f 90       	pop	r1
    1664:	18 95       	reti

00001666 <__vector_2>:
    1666:	1f 92       	push	r1
    1668:	0f 92       	push	r0
    166a:	0f b6       	in	r0, 0x3f	; 63
    166c:	0f 92       	push	r0
    166e:	11 24       	eor	r1, r1
    1670:	2f 93       	push	r18
    1672:	3f 93       	push	r19
    1674:	4f 93       	push	r20
    1676:	5f 93       	push	r21
    1678:	6f 93       	push	r22
    167a:	7f 93       	push	r23
    167c:	8f 93       	push	r24
    167e:	9f 93       	push	r25
    1680:	af 93       	push	r26
    1682:	bf 93       	push	r27
    1684:	ef 93       	push	r30
    1686:	ff 93       	push	r31
    1688:	80 91 b5 07 	lds	r24, 0x07B5	; 0x8007b5 <intFunc+0x2>
    168c:	90 91 b6 07 	lds	r25, 0x07B6	; 0x8007b6 <intFunc+0x3>
    1690:	89 2b       	or	r24, r25
    1692:	29 f0       	breq	.+10     	; 0x169e <__vector_2+0x38>
    1694:	e0 91 b5 07 	lds	r30, 0x07B5	; 0x8007b5 <intFunc+0x2>
    1698:	f0 91 b6 07 	lds	r31, 0x07B6	; 0x8007b6 <intFunc+0x3>
    169c:	09 95       	icall
    169e:	ff 91       	pop	r31
    16a0:	ef 91       	pop	r30
    16a2:	bf 91       	pop	r27
    16a4:	af 91       	pop	r26
    16a6:	9f 91       	pop	r25
    16a8:	8f 91       	pop	r24
    16aa:	7f 91       	pop	r23
    16ac:	6f 91       	pop	r22
    16ae:	5f 91       	pop	r21
    16b0:	4f 91       	pop	r20
    16b2:	3f 91       	pop	r19
    16b4:	2f 91       	pop	r18
    16b6:	0f 90       	pop	r0
    16b8:	0f be       	out	0x3f, r0	; 63
    16ba:	0f 90       	pop	r0
    16bc:	1f 90       	pop	r1
    16be:	18 95       	reti

000016c0 <USART_init>:
    16c0:	10 92 c5 00 	sts	0x00C5, r1	; 0x8000c5 <__DATA_REGION_ORIGIN__+0x65>
    16c4:	87 e6       	ldi	r24, 0x67	; 103
    16c6:	80 93 c4 00 	sts	0x00C4, r24	; 0x8000c4 <__DATA_REGION_ORIGIN__+0x64>
    16ca:	8c e1       	ldi	r24, 0x1C	; 28
    16cc:	80 93 c1 00 	sts	0x00C1, r24	; 0x8000c1 <__DATA_REGION_ORIGIN__+0x61>
    16d0:	86 e0       	ldi	r24, 0x06	; 6
    16d2:	80 93 c2 00 	sts	0x00C2, r24	; 0x8000c2 <__DATA_REGION_ORIGIN__+0x62>
    16d6:	08 95       	ret

000016d8 <USART_send>:
    16d8:	e0 ec       	ldi	r30, 0xC0	; 192
    16da:	f0 e0       	ldi	r31, 0x00	; 0
    16dc:	90 81       	ld	r25, Z
    16de:	95 ff       	sbrs	r25, 5
    16e0:	fd cf       	rjmp	.-6      	; 0x16dc <USART_send+0x4>
    16e2:	80 93 c6 00 	sts	0x00C6, r24	; 0x8000c6 <__DATA_REGION_ORIGIN__+0x66>
    16e6:	08 95       	ret

000016e8 <USART_sendstr>:
    16e8:	cf 93       	push	r28
    16ea:	df 93       	push	r29
    16ec:	ec 01       	movw	r28, r24
    16ee:	88 81       	ld	r24, Y
    16f0:	88 23       	and	r24, r24
    16f2:	31 f0       	breq	.+12     	; 0x1700 <USART_sendstr+0x18>
    16f4:	21 96       	adiw	r28, 0x01	; 1
    16f6:	0e 94 6c 0b 	call	0x16d8	; 0x16d8 <USART_send>
    16fa:	89 91       	ld	r24, Y+
    16fc:	81 11       	cpse	r24, r1
    16fe:	fb cf       	rjmp	.-10     	; 0x16f6 <USART_sendstr+0xe>
    1700:	df 91       	pop	r29
    1702:	cf 91       	pop	r28
    1704:	08 95       	ret

00001706 <memcpy>:
    1706:	fb 01       	movw	r30, r22
    1708:	dc 01       	movw	r26, r24
    170a:	02 c0       	rjmp	.+4      	; 0x1710 <memcpy+0xa>
    170c:	01 90       	ld	r0, Z+
    170e:	0d 92       	st	X+, r0
    1710:	41 50       	subi	r20, 0x01	; 1
    1712:	50 40       	sbci	r21, 0x00	; 0
    1714:	d8 f7       	brcc	.-10     	; 0x170c <memcpy+0x6>
    1716:	08 95       	ret

00001718 <_exit>:
    1718:	f8 94       	cli

0000171a <__stop_program>:
    171a:	ff cf       	rjmp	.-2      	; 0x171a <__stop_program>
